date,AAPL,AMD,AMZN,ASML,AVGO,BA,BAC,COST,CRM,CVX,GOOGL,INTC,JPM,LMT,META,MSFT,MU,NKE,NVDA,ORCL,QCOM,TSLA,TSM,WMT,XOM
2024-06-24,206.35247802734375,160.25,185.57000732421875,984.9426879882812,156.28182983398438,179.10000610351562,38.229881286621094,839.0740966796875,236.1676025390625,146.2629852294922,177.84864807128906,30.37729835510254,190.66409301757812,447.3289794921875,495.5832214355469,440.743408203125,138.0417022705078,92.58960723876953,117.91564178466797,136.9707489013672,192.46456909179688,182.5800018310547,163.60263061523438,67.63417053222656,106.80268859863281
2024-06-25,207.2744903564453,160.25,186.33999633789062,1005.9093017578125,155.16091918945312,175.10000610351562,37.61851119995117,846.3452758789062,237.958984375,145.48257446289062,182.6218719482422,30.546226501464844,189.88755798339844,444.06536865234375,507.1953125,443.9726257324219,140.13702392578125,90.28367614746094,125.88251495361328,136.26576232910156,193.73912048339844,187.35000610351562,168.27255249023438,66.18135833740234,107.10236358642578
2024-06-26,211.41859436035156,157.5399932861328,193.61000061035156,999.2841186523438,156.26121520996094,178.5,37.25550842285156,847.6611938476562,239.32711791992188,143.1781463623047,182.4730224609375,30.347488403320312,189.27398681640625,443.0407409667969,509.6984558105469,445.1639099121094,141.368408203125,89.6261978149414,126.19200897216797,135.34536743164062,189.1009521484375,196.3699951171875,167.75582885742188,67.0353775024414,107.13982391357422
2024-06-27,212.2613067626953,159.47000122070312,197.85000610351562,1010.4998168945312,155.73709106445312,182.50999450683594,37.494327545166016,841.5077514648438,248.87464904785156,143.51785278320312,183.99130249023438,30.397172927856445,190.94212341308594,443.1735534667969,516.0955200195312,445.84326171875,131.30894470214844,89.75007629394531,123.78596496582031,137.25466918945312,187.0118408203125,197.4199981689453,167.3268585205078,66.63290405273438,107.59867858886719
2024-06-28,208.81117248535156,162.2100067138672,193.25,1005.3097534179688,157.58924865722656,182.00999450683594,37.99106216430664,840.8844604492188,253.05783081054688,143.60963439941406,180.7562255859375,30.774776458740234,193.90444946289062,443.1451416015625,500.8577880859375,440.0345153808594,130.61380004882812,71.81720733642578,123.33671569824219,138.25338745117188,190.873779296875,197.8800048828125,169.4521942138672,66.46603393554688,107.80470275878906
2024-07-01,214.88853454589844,157.69000244140625,197.1999969482422,1015.886474609375,161.05113220214844,186.6999969482422,38.22032928466797,836.6107177734375,252.1818084716797,143.70147705078125,181.58982849121094,30.645597457885742,196.96266174316406,442.51898193359375,501.3147277832031,449.6632080078125,130.60391235351562,73.20840454101562,124.09547424316406,140.10394287109375,191.68833923339844,209.86000061035156,168.0093231201172,66.24028015136719,107.65486145019531
2024-07-02,218.37831115722656,164.30999755859375,200,1030.041259765625,162.6883544921875,185.4199981689453,39.099178314208984,850.1541137695312,252.162109375,143.91262817382812,183.82260131835938,30.874147415161133,200.2030792236328,441.81695556640625,506.1026306152344,452.1737060546875,131.6664276123047,72.45563507080078,122.46814727783203,140.2899932861328,191.81292724609375,231.25999450683594,171.29481506347656,66.81941986083984,106.92442321777344
2024-07-03,219.64730834960938,163.89999389648438,197.58999633789062,1053.1605224609375,169.72991943359375,184.30999755859375,39.07051467895508,853.4187622070312,256.84735107421875,143.87591552734375,184.39817810058594,31.033138275146484,200.06881713867188,442.1299743652344,506.5595703125,453.64068603515625,135.86697387695312,71.69332885742188,128.0689239501953,141.36703491210938,195.3107147216797,246.38999938964844,177.91456604003906,66.98629760742188,107.46758270263672
2024-07-05,224.39617919921875,171.89999389648438,200,1056.17822265625,167.18673706054688,184.8300018310547,38.602439880371094,876.1823120117188,259.052001953125,141.67245483398438,189.14158630371094,31.818159103393555,197.41783142089844,438.45843505859375,536.309814453125,460.3256530761719,130.683349609375,71.8743896484375,125.6229476928711,141.8076629638672,197.16981506347656,251.52000427246094,179.37696838378906,68.75322723388672,106.16590118408203
2024-07-08,225.8634796142578,178.69000244140625,199.2899932861328,1059.038818359375,171.3632049560547,185.83999633789062,38.803043365478516,871.404052734375,253.32354736328125,141.69081115722656,187.58360290527344,33.77574157714844,197.7841339111328,438.0789489746094,525.79052734375,459.0260314941406,129.89320373535156,69.60658264160156,127.989013671875,142.0034637451172,199.22056579589844,252.94000244140625,181.95077514648438,68.39984893798828,105.051513671875
2024-07-09,226.716064453125,177.10000610351562,199.33999633789062,1041.915283203125,170.13134765625,183.24000549316406,39.567256927490234,877.349609375,248.84799194335938,140.45138549804688,187.53396606445312,34.3719596862793,200.15560913085938,436.6938171386719,526.4659423828125,452.4296875,130.34043884277344,69.04438781738281,131.16384887695312,137.74424743652344,198.48268127441406,262.3299865722656,179.8936767578125,68.61580657958984,103.89031982421875
2024-07-10,230.97914123535156,183.9600067138672,199.7899932861328,1080.2313232421875,171.2483673095703,183.72999572753906,39.87294387817383,874.8367919921875,249.00572204589844,142.42529296875,189.71713256835938,34.65019226074219,200.31948852539062,437.3674011230469,531.1246948242188,459.035888671875,135.5584259033203,69.12060546875,134.68801879882812,139.10525512695312,200.0926513671875,263.260009765625,186.25997924804688,69.11642456054688,104.80803680419922
2024-07-11,225.61563110351562,181.94000244140625,195.0500030517578,1044.4024658203125,167.4458770751953,183.91000366210938,39.9398193359375,837.5208740234375,247.55657958984375,142.5446319580078,184.1500701904297,33.2888298034668,199.98207092285156,436.7697448730469,509.28131103515625,447.6645812988281,129.4359893798828,69.93054962158203,127.19036102294922,140.1754913330078,191.51585388183594,241.02999877929688,179.87417602539062,68.51763916015625,106.05352020263672
2024-07-12,228.56007385253906,181.61000061035156,194.49000549316406,1066.774658203125,166.92762756347656,182.30999755859375,39.72965621948242,833.8704833984375,250.36614990234375,142.84762573242188,183.65391540527344,34.27259063720703,197.56243896484375,439.9479064941406,495.54351806640625,446.5323486328125,132.73574829101562,69.9591293334961,129.02735900878906,142.14910888671875,193.98826599121094,248.22999572753906,182.65272521972656,67.96793365478516,106.07225036621094
2024-07-15,232.38694763183594,179.8300018310547,192.72000122070312,1045.51318359375,168.25564575195312,179.11000061035156,40.0162353515625,839.6380615234375,249.2718963623047,145.0969696044922,185.10272216796875,34.242774963378906,202.4884796142578,440.09027099609375,492.8515930175781,446.93609619140625,130.0720977783203,67.94859313964844,128.2286376953125,140.47991943359375,199.4984588623047,252.63999938964844,180.57611083984375,68.33113861083984,107.88896942138672
2024-07-16,232.80335998535156,177.5500030517578,193.02000427246094,1049.995361328125,166.25331115722656,186.0500030517578,42.15604019165039,841.6560668945312,252.3968963623047,144.84909057617188,182.51271057128906,34.12353515625,205.92996215820312,444.5491943359375,486.5240783691406,442.5647277832031,126.71269226074219,69.37788391113281,126.15208435058594,140.02822875976562,200.8975830078125,256.55999755859375,181.37557983398438,68.70415496826172,108.6662368774414
2024-07-17,226.91436767578125,159.42999267578125,187.92999267578125,916.1841430664062,153.1006622314453,184.83999633789062,42.012752532958984,837.2142944335938,247.6551513671875,148.02572631835938,179.63490295410156,34.242774963378906,209.06295776367188,451.6551208496094,458.9093933105469,436.6575927734375,118.77140808105469,69.6256332397461,117.79584503173828,136.73886108398438,183.60989379882812,248.5,166.90765380859375,69.72504425048828,110.16455841064453
2024-07-18,222.25473022460938,155.77000427246094,183.75,908.408935546875,157.55685424804688,180.22999572753906,41.08613586425781,830.378173828125,243.84007263183594,148.7051239013672,176.33035278320312,34.65019226074219,202.42098999023438,451.5887145996094,472.677001953125,433.55633544921875,116.7339096069336,68.96815490722656,120.89073944091797,135.53114318847656,183.47573852539062,249.22999572753906,167.5608367919922,69.51889038085938,111.25086212158203
2024-07-19,222.3836212158203,151.5800018310547,183.1300048828125,880.1190795898438,154.4453582763672,179.6699981689453,40.981056213378906,829.151611328125,244.1161346435547,146.11605834960938,176.3006134033203,32.7721061706543,202.2281951904297,450.5640563964844,473.6107177734375,430.3468322753906,113.5633544921875,69.27307891845703,117.73595428466797,136.0515594482422,178.44467163085938,239.1999969482422,161.61380004882812,69.45018005371094,108.69432830810547
2024-07-22,222.03663635253906,155.8699951171875,182.5500030517578,925.2274169921875,158.08688354492188,178.89999389648438,40.40789031982422,838.342041015625,250.47457885742188,144.13296508789062,180.27992248535156,33.15964889526367,202.71018981933594,450.2509765625,484.14996337890625,436.0865478515625,114.57714080810547,71.33125305175781,123.33671569824219,137.6324005126953,186.83935546875,251.50999450683594,165.10403442382812,69.08698272705078,107.94515991210938
2024-07-23,223.07760620117188,154,186.41000366210938,916.9213256835938,160.7468719482422,186.47999572753906,40.51297378540039,842.9818115234375,252.42648315429688,141.47048950195312,180.3990020751953,32.7422981262207,202.7584228515625,475.5817565917969,485.43133544921875,437.967041015625,113.55342102050781,69.94007873535156,122.3882827758789,140.5191650390625,185.28692626953125,246.3800048828125,165.562255859375,69.3520278930664,106.20335388183594
2024-07-24,216.6631622314453,144.6300048828125,180.8300018310547,857.8843994140625,148.5463409423828,180.07000732421875,40.302818298339844,821.9197998046875,246.23556518554688,142.37022399902344,171.30911254882812,31.50017547607422,201.08102416992188,488.7783203125,458.1942138671875,422.2637634277344,109.60762786865234,67.73895263671875,114.06200408935547,136.2577362060547,173.51902770996094,215.99000549316406,155.79347229003906,69.30294036865234,107.7016830444336
2024-07-25,215.62220764160156,138.32000732421875,179.85000610351562,847.9367065429688,146.5047149658203,184.35000610351562,39.81563186645508,807.2091674804688,252.87994384765625,144.63792419433594,166.00003051757812,30.90395736694336,201.1581573486328,494.660400390625,450.3866271972656,411.92626953125,106.79487609863281,68.04387664794922,112.09524536132812,135.324951171875,168.07586669921875,220.25,156.26144409179688,68.73358917236328,109.96790313720703
2024-07-26,216.08816528320312,139.99000549316406,182.5,873.2579956054688,148.83096313476562,186.88999938964844,39.80607604980469,809.9929809570312,258.9820861816406,144.91336059570312,165.72215270996094,31.152381896972656,204.59963989257812,497.885986328125,462.5947265625,418.6899719238281,108.74293518066406,69.1396713256836,112.87395477294922,136.49337768554688,172.5415496826172,219.8000030517578,157.8798065185547,68.49800872802734,109.87425231933594
2024-07-29,216.36575317382812,139.75,183.1999969482422,857.307373046875,147.44699096679688,185.42999267578125,39.252017974853516,807.9719848632812,254.9205780029297,143.77491760253906,168.23280334472656,30.63566017150879,203.2596893310547,500.5803527832031,462.6046142578125,420.12738037109375,107.19243621826172,70.0830078125,111.40637969970703,135.80604553222656,171.1903839111328,232.10000610351562,155.99819946289062,68.34095764160156,108.72241973876953
2024-07-30,216.92092895507812,138.44000244140625,181.7100067138672,847.1541748046875,140.8706817626953,186.86000061035156,39.43351745605469,802.4934692382812,254.26995849609375,146.5016632080078,168.9869842529297,29.94007110595703,207.4434356689453,510.08642578125,460.1014099121094,416.3763427734375,101.93468475341797,70.81671142578125,103.55931854248047,133.21385192871094,159.97828674316406,222.6199951171875,150.66534423828125,67.9188461303711,110.660888671875
2024-07-31,220.17276000976562,144.47999572753906,186.97999572753906,922.4511108398438,157.7139129638672,190.60000610351562,38.50691223144531,814.3521118164062,255.12757873535156,147.3279571533203,170.22743225097656,30.546226501464844,205.1394805908203,514.1280517578125,471.663818359375,411.87701416015625,109.15042877197266,71.33125305175781,116.82743072509766,136.9254150390625,173.4040069580078,232.07000732421875,161.64303588867188,67.37896728515625,111.05418395996094
2024-08-01,216.48471069335938,132.5399932861328,184.07000732421875,870.2671508789062,144.3060760498047,178.30999755859375,37.7331428527832,809.28955078125,249.4690399169922,140.12086486816406,169.45339965820312,28.866878509521484,200.4737091064453,520.7120971679688,494.4209899902344,410.6562194824219,100.8910903930664,70.36886596679688,109.0302963256836,135.02053833007812,157.16085815429688,216.86000061035156,154.21408081054688,68.50782775878906,109.51840209960938
2024-08-02,217.97181701660156,132.5,167.89999389648438,797.0382690429688,141.1651611328125,169.9499969482422,35.899024963378906,814.4313354492188,240.508056640625,136.3842010498047,165.38479614257812,21.3445987701416,191.97122192382812,520.6267700195312,484.88507080078125,402.1695861816406,92.13481140136719,70.52132415771484,107.0934829711914,130.86712646484375,152.66644287109375,207.6699981689453,146.10269165039062,67.2022476196289,109.45285034179688
2024-08-05,207.4727783203125,134.82000732421875,161.02000427246094,807.8709106445312,139.45726013183594,167.02999877929688,35.01062774658203,794.3697509765625,235.61842346191406,132.8127899169922,158.03147888183594,19.983234405517578,187.8838653564453,517.4107055664062,472.5577697753906,389.03594970703125,89.86870574951172,68.05341339111328,100.28470611572266,125.54525756835938,151.36317443847656,198.8800048828125,144.2405548095703,66.34825134277344,107.4769287109375
2024-08-06,205.45028686523438,130.17999267578125,161.92999267578125,830.186279296875,141.26329040527344,165.0399932861328,35.2685432434082,809.2797241210938,235.03680419921875,131.4998779296875,157.0788116455078,19.704999923706055,193.12803649902344,513.7864990234375,490.79534912109375,393.427001953125,88.45735931396484,69.0824966430664,104.07846069335938,125.88893127441406,152.10104370117188,200.63999938964844,151.49404907226562,66.49549102783203,106.90570068359375
2024-08-07,208.01805114746094,128.6699981689453,162.77000427246094,823.6276245117188,133.7545166015625,163.24000549316406,35.63154602050781,802.7609252929688,236.6337890625,130.74703979492188,157.72386169433594,18.989999771118164,193.18585205078125,520.3800659179688,485.65985107421875,392.26519775390625,86.27078247070312,69.19683837890625,98.74723815917969,123.6207275390625,149.60946655273438,191.75999450683594,151.15281677246094,65.68074035644531,108.3291015625
2024-08-08,211.47808837890625,136.32000732421875,165.8000030517578,863.3145751953125,143.0496826171875,168.8699951171875,36.5008430480957,831.619873046875,245.58494567871094,132.6566925048828,160.79019165039062,20.489999771118164,196.714111328125,523.33056640625,506.2317199707031,396.4593505859375,91.5086441040039,70.6928482055664,104.79727172851562,126.62535095214844,158.07125854492188,198.83999633789062,160.4243927001953,66.41696166992188,110.39867401123047
2024-08-09,214.38291931152344,134.27000427246094,166.94000244140625,847.4593505859375,145.5231475830078,167.91000366210938,36.56771469116211,846.9756469726562,248.9465789794922,133.11573791503906,162.4176483154297,19.709999084472656,198.39146423339844,523.2926025390625,514.3175659179688,399.73779296875,92.51249694824219,70.83576202392578,104.57762908935547,129.66921997070312,157.62083435058594,200,162.92991638183594,66.70162200927734,111.29766082763672
2024-08-12,215.91146850585938,136.77000427246094,166.8000030517578,839.886474609375,145.87652587890625,164.1300048828125,36.46263122558594,855.5352172851562,247.74388122558594,133.1432647705078,161.04820251464844,19.360000610351562,198.7674102783203,528.3492431640625,512.5096435546875,400.5155944824219,94.06298065185547,71.12164306640625,108.84060668945312,130.17982482910156,156.09715270996094,197.49000549316406,163.42713928222656,67.43785095214844,111.43814086914062
2024-08-13,219.62364196777344,141.1300048828125,170.22999572753906,856.2634887695312,153.27737426757812,168.75999450683594,36.73965835571289,856.773681640625,250.9872283935547,132.34451293945312,162.9038848876953,20.469999313354492,200.45445251464844,530.7305908203125,525.0156860351562,407.604248046875,96.84590911865234,74.79967498779297,115.94889068603516,131.82937622070312,162.4027557373047,207.8300018310547,168.01904296875,66.87832641601562,110.3705825805664
2024-08-14,220.0703125,140.75,170.10000610351562,866.199951171875,154.77911376953125,168.5,37.074005126953125,854.6832885742188,251.69700622558594,132.8219451904297,159.14288330078125,19.920000076293945,202.67164611816406,534.3355712890625,523.2474975585938,410.4100646972656,99.79779815673828,74.8187255859375,117.88570404052734,133.1451416015625,160.17950439453125,201.3800048828125,165.70848083496094,67.39859008789062,111.39131927490234
2024-08-15,223.0479736328125,147.36000061035156,177.58999633789062,914.1295776367188,163.0633087158203,176.41000366210938,37.28416061401367,869.1869506835938,259.06103515625,134.77749633789062,160.0657958984375,20.690000534057617,203.93447875976562,531.555908203125,533.7470092773438,415.2626953125,106.29792022705078,78.61113739013672,122.6578369140625,134.45103454589844,166.1113739013672,214.13999938964844,169.5984649658203,71.83554077148438,112.08043670654297
2024-08-16,224.36807250976562,148.55999755859375,177.05999755859375,904.6854858398438,162.660888671875,179.99000549316406,37.58030319213867,862.489990234375,259.1793212890625,135.2090301513672,161.7130889892578,20.8700008392334,206.26736450195312,531.4042358398438,523.9031372070312,412.73773193359375,107.33158111572266,79.30670928955078,124.37500762939453,134.98126220703125,164.99972534179688,216.1199951171875,170.1638946533203,72.30609893798828,111.55179595947266
2024-08-19,224.2092742919922,155.27999877929688,178.22000122070312,918.9552001953125,164.61415100097656,179.63999938964844,37.89553451538086,864.2335815429688,261.6142272949219,136.3137664794922,165.3946990966797,21.520000457763672,207.69407653808594,529.7532958984375,525.7506713867188,415.7558288574219,107.96768951416016,79.3543472290039,129.7860870361328,135.42315673828125,166.99301147460938,222.72000122070312,171.05108642578125,72.5718994140625,111.89163970947266
2024-08-20,224.8246612548828,156.39999389648438,178.8800048828125,912.0911865234375,162.88661193847656,172.10000610351562,36.95936965942383,868.0477294921875,258.1244812011719,134.32704162597656,165.90081787109375,20.989999771118164,206.79754638671875,528.4442138671875,523.2177124023438,418.9810791015625,107.33158111572266,79.62115478515625,127.0406265258789,136.65048217773438,164.93264770507812,221.10000610351562,167.7265625,73.3791275024414,108.1628646850586
2024-08-21,224.71546936035156,157.80999755859375,180.11000061035156,929.2559204101562,162.71975708007812,173.42999267578125,37.016685485839844,873.2191772460938,257.3851318359375,134.9119415283203,164.5809783935547,21.40999984741211,206.8746795654297,525.36083984375,531.5914916992188,418.33013916015625,107.66952514648438,80.04041290283203,128.28854370117188,137.661865234375,166.9546661376953,223.27000427246094,167.14161682128906,74.0682144165039,107.47373962402344
2024-08-22,222.859375,151.6999969482422,176.1300048828125,893.9019775390625,159.34324645996094,172.75999450683594,37.48477554321289,869.3951416015625,254.9205780029297,135.2925567626953,162.54664611816406,20.100000381469727,208.83160400390625,528.463134765625,528.3829956054688,409.8577575683594,103.62433624267578,79.47822570800781,123.536376953125,135.58021545410156,161.95236206054688,210.66000366210938,162.26698303222656,74.40292358398438,108.3044662475586
2024-08-23,225.15219116210938,154.97999572753906,177.0399932861328,893.4588623046875,163.28904724121094,174.9600067138672,37.99106216430664,871.02978515625,260.25384521484375,137.04721069335938,164.35272216796875,20.540000915527344,210.45114135742188,526.5466918945312,524.479248046875,411.08074951171875,102.2229232788086,80.08806610107422,129.15711975097656,136.67013549804688,166.26470947265625,220.32000732421875,166.98562622070312,74.52106475830078,109.80540466308594
2024-08-26,225.4896697998047,149.99000549316406,175.5,869.8732299804688,156.67347717285156,173.47999572753906,38.13435745239258,884.2059936523438,261.515625,137.8641815185547,164.88858032226562,20.1299991607666,211.28016662597656,529.478271484375,517.6452026367188,407.82598876953125,98.30695343017578,80.30721282958984,126.25191497802734,136.3853759765625,162.4219207763672,213.2100067138672,164.83103942871094,74.84591674804688,112.15595245361328
2024-08-27,226.3333282470703,150.5,173.1199951171875,876.3433227539062,158.41078186035156,173.0500030517578,37.89553451538086,900.4434814453125,260.450927734375,136.42518615722656,163.41990661621094,20.06999969482422,212.25379943847656,531.669677734375,515.6385498046875,408.1711730957031,97.26334381103516,81.26960754394531,128.08889770507812,135.97299194335938,166.67674255371094,209.2100067138672,166.27394104003906,74.9443588256836,111.08924102783203
2024-08-28,224.80479431152344,146.36000061035156,170.8000030517578,874.6199340820312,155.2600555419922,170.7100067138672,38.16301727294922,879.7875366210938,255.2261962890625,135.54322814941406,161.6039276123047,19.610000610351562,213.32383728027344,535.0567016601562,513.3340454101562,404.9755554199219,94.2816390991211,78.887451171875,125.40330505371094,135.38385009765625,164.6835174560547,205.75,164.95779418945312,74.8951416015625,109.99420928955078
2024-08-29,228.0802459716797,145.49000549316406,172.1199951171875,874.206298828125,154.03314208984375,172.25999450683594,38.373165130615234,878.3807373046875,253.36297607421875,136.86151123046875,160.5421142578125,20.1299991607666,214.2107391357422,537.7794189453125,514.764404296875,407.4610290527344,94.9873046875,79.3353042602539,117.39649963378906,136.8959503173828,162.4219207763672,206.27999877929688,164.90904235839844,75.22985076904297,111.51403045654297
2024-08-30,227.29612731933594,148.55999755859375,178.5,890.1204833984375,159.8144073486328,173.74000549316406,38.92722702026367,884.0772705078125,249.31130981445312,137.35354614257812,162.12989807128906,22.040000915527344,216.70748901367188,538.9653930664062,517.8339233398438,411.4259948730469,95.6532211303711,79.3924789428711,119.173583984375,138.7321014404297,167.9896240234375,214.11000061035156,167.3950958251953,76.02722930908203,111.33467102050781
2024-09-03,221.1124725341797,136.94000244140625,176.25,832.5300903320312,149.9695587158203,161.02000427246094,38.879459381103516,870.3956298828125,244.54000854492188,134.29920959472656,156.1559295654297,20.100000381469727,212.36947631835938,541.1309814453125,508.3475341796875,403.8314514160156,88.03993225097656,77.8323745727539,107.82227325439453,136.9745330810547,156.43258666992188,210.60000610351562,156.4661865234375,75.96817016601562,109.0030288696289
2024-09-04,219.20677185058594,140.8699951171875,173.3300018310547,799.1358642578125,151.27499389648438,163.22000122070312,38.688411712646484,881.7391357421875,244.16539001464844,131.89471435546875,155.25289916992188,19.43000030517578,211.4344024658203,548.34326171875,509.32098388671875,403.2988586425781,88.74559783935547,77.54524230957031,106.03523254394531,138.20187377929688,158.43540954589844,219.41000366210938,156.83660888671875,76.03707122802734,107.67198181152344
2024-09-05,220.72537231445312,139.44000244140625,177.88999938964844,783.4974365234375,149.9990234375,162.14999389648438,38.34451675415039,877.7367553710938,242.62753295898438,130.83633422851562,156.03683471679688,19.399999618530273,209.79562377929688,542.43798828125,513.4135131835938,402.7958679199219,88.84498596191406,77.36338806152344,107.0335922241211,140.02822875976562,157.68408203125,230.1699981689453,159.595703125,75.76143646240234,106.83183288574219
2024-09-06,219.17698669433594,134.35000610351562,171.38999938964844,741.3386840820312,134.47103881835938,157.6199951171875,37.267635345458984,868.5233154296875,240.508056640625,128.63609313964844,149.7652130126953,18.889999389648438,204.8117218017578,540.568115234375,496.93414306640625,396.1974792480469,85.85334014892578,77.17196655273438,102.6607894897461,139.24269104003906,152.37657165527344,210.72999572753906,152.88819885253906,75.44640350341797,106.33151245117188
2024-09-09,219.26632690429688,138.14999389648438,175.39999389648438,738.4138793945312,138.22055053710938,162.91000366210938,37.95030212402344,888.14892578125,242.27264404296875,130.25146484375,147.76795959472656,19.06999969482422,209.005126953125,550.0509033203125,501.42401123046875,400.16241455078125,85.74401092529297,76.08086395263672,106.29480743408203,137.3574676513672,154.8617706298828,216.27000427246094,158.69874572753906,76.1355209350586,108.56877899169922
2024-09-10,218.47227478027344,142.83999633789062,179.5500030517578,739.9501342773438,145.47409057617188,160.07000732421875,37.767608642578125,885.9693603515625,242.66697692871094,128.3297119140625,147.71826171875,18.979999542236328,198.1601104736328,545.8723754882812,501.42401123046875,408.5262756347656,86.32047271728516,74.74090576171875,107.92211151123047,153.06781005859375,155.73828125,226.1699981689453,158.35751342773438,77.58262634277344,104.61344909667969
2024-09-11,221.00328063964844,149.86000061035156,184.52000427246094,787.9684448242188,155.34840393066406,161.3300018310547,37.49839782714844,892.0226440429688,246.02859497070312,128.00479125976562,150.20242309570312,19.639999389648438,199.7699737548828,540.8829956054688,508.41705322265625,417.2451477050781,90.09729766845703,75.03761291503906,116.7176284790039,154.3344268798828,160.43898010253906,228.1300048828125,165.96194458007812,77.6121597290039,103.57504272460938
2024-09-12,221.1124725341797,150.77000427246094,187,787.9979248046875,161.52227783203125,162.77000427246094,37.286861419677734,906.5165405273438,249.774658203125,129.2395477294922,153.71006774902344,19.360000610351562,199.16268920898438,542.1326904296875,522.09521484375,421.1509094238281,86.67826843261719,75.03761291503906,118.95413970947266,158.4584197998047,158.91702270507812,229.80999755859375,167.74874877929688,78.41939544677734,105.00048065185547
2024-09-13,220.844482421875,152.30999755859375,186.49000549316406,803.9415893554688,164.59451293945312,156.77000427246094,37.16188049316406,907.4773559570312,250.95762634277344,130.53927612304688,156.4625244140625,19.65999984741211,196.96473693847656,543.6971435546875,521.121826171875,424.6917419433594,90.66382598876953,75.62144470214844,118.9141845703125,159.0966339111328,161.5659637451172,230.2899932861328,168.79576110839844,79.34473419189453,104.92495727539062
2024-09-16,214.71046447753906,152.0800018310547,184.88999938964844,790.82421875,160.99224853515625,155.5500030517578,37.59454345703125,899.423095703125,253.26443481445312,131.91326904296875,157.05870056152344,20.90999984741211,200.37730407714844,546.5687866210938,530.2293701171875,425.43145751953125,86.64846801757812,76.37757110595703,116.59781646728516,167.24639892578125,160.4871368408203,226.77999877929688,165.44921875,79.30536651611328,106.39759063720703
2024-09-17,215.17697143554688,150.82000732421875,186.8800048828125,793.4339599609375,159.47085571289062,156.38999938964844,38.0272216796875,888.9217529296875,251.56883239746094,133.1387176513672,158.31072998046875,21.469999313354492,201.71726989746094,540.9306030273438,533.2520751953125,429.18927001953125,88.18901062011719,77.18154907226562,115.40966796875,164.43817138671875,162.5003204345703,227.8699951171875,163.75637817382812,77.37588500976562,107.7852554321289
2024-09-18,219.04795837402344,148.2899932861328,186.42999267578125,775.8555297851562,158.6856231689453,155.11000061035156,38.09452438354492,884.2160034179688,249.23867797851562,133.64932250976562,158.79763793945312,20.770000457763672,200.0592041015625,539.48046875,534.8726806640625,424.9087219238281,86.81743621826172,77.43038940429688,113.1931381225586,161.55140686035156,162.11500549316406,227.1999969482422,163.68783569335938,77.79920196533203,108.1628646850586
2024-09-19,227.16709899902344,156.74000549316406,189.8699951171875,815.5620727539062,164.86996459960938,154.58999633789062,39.29639434814453,892.3594360351562,262.6272277832031,134.60556030273438,161.11285400390625,21.139999389648438,202.90296936035156,539.1847534179688,555.9017333984375,432.6807861328125,88.70584106445312,77.5069580078125,117.68611145019531,164.5559844970703,167.52850341796875,243.9199981689453,172.4359130859375,76.82462310791016,109.50332641601562
2024-09-20,226.5020751953125,155.9499969482422,191.60000610351562,783.182373046875,168.49392700195312,153.2899932861328,38.71949768066406,898.5414428710938,263.4269714355469,135.2461395263672,162.55368041992188,21.84000015258789,203.49102783203125,545.61474609375,558.1387939453125,429.3076171875,90.34578704833984,82.80935668945312,115.81903839111328,164.95855712890625,162.7122344970703,238.25,170.3418426513672,77.82872009277344,108.814208984375
2024-09-23,224.78494262695312,156.75,193.8800048828125,791.2772827148438,170.305908203125,156.3000030517578,38.334896087646484,908.5474243164062,260.8697509765625,136.9729461669922,160.82470703125,22.559999465942383,203.8284454345703,553.8097534179688,561.1812744140625,427.57171630859375,92.99950408935547,82.50308227539062,116.0786361694336,162.9456787109375,159.8610076904297,250,171.0072479248047,79.07894897460938,110.78716278076172
2024-09-24,225.67825317382812,158.32000732421875,193.9600067138672,801.61767578125,172.17697143554688,155.80999755859375,37.931068420410156,893.1519165039062,267.0209655761719,136.88938903808594,161.2619171142578,22.809999465942383,203.9730224609375,552.0162353515625,560.1075439453125,423.29119873046875,93.42688751220703,83.70903778076172,120.68143463134766,162.7983856201172,160.81463623046875,254.27000427246094,178.0624237060547,79.41365051269531,110.49452209472656
2024-09-25,224.68569946289062,162.02000427246094,192.52999877929688,805.7340087890625,172.84661865234375,152.22000122070312,37.738773345947266,899.9678955078125,270.62481689453125,133.6586151123047,160.4669952392578,23.540000915527344,202.62342834472656,551.3579711914062,565.0589599609375,426.19091796875,95.18609619140625,84.22589111328125,123.31730651855469,163.26971435546875,162.08612060546875,257.0199890136719,178.43426513671875,80.13229370117188,108.34220886230469
2024-09-26,225.82713317871094,167.49000549316406,191.16000366210938,839.4727783203125,175.37745666503906,154.5800018310547,37.998374938964844,893.052978515625,272.2737121582031,131.8204345703125,161.6990966796875,23.920000076293945,202.2281951904297,550.8427734375,564.591796875,425.40185546875,109.21005249023438,85.5562744140625,123.84648132324219,165.0567626953125,166.31478881835938,254.22000122070312,182.8180389404297,78.67533874511719,106.4825439453125
2024-09-27,226.0951385498047,164.35000610351562,187.97000122070312,828.7385864257812,170.05970764160156,156.32000732421875,37.882991790771484,877.380126953125,273.14263916015625,135.0697784423828,162.91139221191406,23.90999984741211,202.92227172851562,555.5745849609375,564.1143798828125,422.15692138671875,106.8445816040039,85.60413360595703,121.21060943603516,165.68516540527344,163.87779235839844,260.4599914550781,174.14830017089844,78.53750610351562,109.33341217041016
2024-09-30,231.26637268066406,164.0800018310547,186.3300018310547,820.5748291015625,169.8726043701172,152.0399932861328,38.152217864990234,878.271728515625,270.2496337890625,136.72225952148438,164.7993621826172,23.459999084472656,203.26930236816406,557.6734619140625,569.1653442382812,424.40570068359375,103.07768249511719,84.60873413085938,121.25054931640625,167.31512451171875,163.80072021484375,261.6300048828125,169.94065856933594,79.4924087524414,110.6550064086914
2024-10-01,224.52688598632812,159.75,185.1300048828125,809.8405151367188,164.9192352294922,154.22000122070312,37.709922790527344,869.216796875,267.445556640625,138.9782257080078,165.93212890625,22.690000534057617,199.58682250976562,577.9937744140625,573.1723022460938,414.9273681640625,99.69840240478516,85.30742645263672,116.81746673583984,164.13377380371094,159.68765258789062,258.0199890136719,168.37501525878906,80.00430297851562,113.21322631835938
2024-10-02,225.09262084960938,159.77999877929688,184.75999450683594,819.5308227539062,168.0606231689453,152.88999938964844,37.719539642333984,870.3560791015625,275.9466857910156,140.13868713378906,164.80929565429688,22.389999389648438,199.8278350830078,575.4560546875,569.533203125,411.4161376953125,99.2412109375,79.53602600097656,118.66458129882812,164.673828125,162.13430786132812,249.02000427246094,172.02490234375,79.1773910522461,114.71418762207031
2024-10-03,223.9908905029297,162.85000610351562,181.9600067138672,819.7474975585938,169.27188110351562,150.52000427246094,37.738773345947266,867.522705078125,277.35858154296875,140.41722106933594,164.80929565429688,22.260000228881836,197.8419952392578,577.9556274414062,579.436279296875,410.834228515625,101.19921112060547,78.57891845703125,122.65834045410156,163.83920288085938,162.7122344970703,240.66000366210938,175.62586975097656,79.1773910522461,115.7148208618164
2024-10-04,225.1125030517578,170.89999389648438,186.50999450683594,820.3285522460938,173.9495391845703,155,38.56565856933594,874.8934936523438,284.1121826171875,139.94374084472656,166.00167846679688,22.59000015258789,204.86415100097656,577.2973022460938,592.5308837890625,410.3608093261719,101.6265869140625,78.72249603271484,124.72511291503906,167.7667694091797,162.69296264648438,250.0800018310547,177.2698211669922,79.67945861816406,117.83880615234375
2024-10-07,220.04051208496094,170.97000122070312,180.8000030517578,804.818115234375,172.413330078125,155.91000366210938,38.42143249511719,865.4620971679688,280.9723205566406,140.2965087890625,161.94754028320312,22.3799991607666,204.5828399658203,577.6884155273438,581.434814453125,403.9300842285156,102.3977279663086,77.36338806152344,127.52073669433594,166.8928985595703,160.8050079345703,240.8300018310547,180.5478515625,77.86810302734375,118.34855651855469
2024-10-08,224.0901641845703,172.8000030517578,182.72000122070312,811.7215576171875,177.97723388671875,154.64999389648438,38.3925895690918,882.1354370117188,287.8838806152344,138.09625244140625,163.33868408203125,23.31999969482422,204.40826416015625,580.0829467773438,589.4983520507812,409.0292663574219,102.02957153320312,77.30596160888672,132.6826629638672,171.21322631835938,160.22705078125,244.5,182.05479431152344,78.46861267089844,115.2050552368164
2024-10-09,227.83209228515625,171.02000427246094,185.1699981689453,833.0322875976562,183.1177215576172,149.3699951171875,38.642581939697266,900.6416625976562,284.2799987792969,138.9318084716797,160.83465576171875,23.459999084472656,206.99790954589844,577.2781982421875,587.1319580078125,411.7416076660156,101.1937484741211,78.91390228271484,132.4430389404297,175.06228637695312,163.9644775390625,241.0500030517578,183.1213836669922,79.14786529541016,115.25225830078125
2024-10-10,227.3358154296875,164.17999267578125,186.64999389648438,821.28369140625,182.86170959472656,146.6199951171875,38.43104934692383,885.3156127929688,286.5015563964844,139.83233642578125,161.05323791503906,23.219999313354492,206.4353790283203,570.0087280273438,580.490234375,410.14373779296875,105.16388702392578,78.57891845703125,134.59967041015625,172.62168884277344,162.3269500732422,238.77000427246094,181.7906036376953,78.37016296386719,116.24345397949219
2024-10-11,225.85690307617188,167.88999938964844,188.82000732421875,827.901611328125,178.7158203125,151.02000427246094,40.33481979370117,880.7584838867188,284.4577331542969,140.57505798339844,162.20587158203125,23.559999465942383,215.60101318359375,576.3814086914062,586.5752563476562,410.61724853515625,106.38775634765625,78.62678527832031,134.58970642089844,172.9759979248047,163.7332763671875,217.8000030517578,186.71258544921875,78.8525390625,116.68712615966797
2024-10-14,229.5790252685547,165.27000427246094,187.5399932861328,859.0011596679688,179.533203125,148.99000549316406,40.29635238647461,881.4816284179688,287.9530029296875,140.9092559814453,163.9149932861328,23.440000534057617,214.8153839111328,582.7732543945312,587.0425415039062,413.3985900878906,107.80068969726562,78.1003646850586,137.85459899902344,173.32040405273438,171.4970703125,219.16000366210938,188.08253479003906,79.0395736694336,117.13080596923828
2024-10-15,232.1100311279297,156.63999938964844,187.69000244140625,719.3187866210938,173.29957580566406,152.35000610351562,40.517494201660156,886.2864990234375,284.70452880859375,137.14932250976562,164.41184997558594,22.65999984741211,215.697998046875,577.1732788085938,582.9161376953125,413.0040283203125,103.80072021484375,78.59806823730469,131.39471435546875,171.32266235351562,167.69224548339844,219.57000732421875,183.11160278320312,80.37838745117188,113.60970306396484
2024-10-16,230.055419921875,156.1300048828125,186.88999938964844,673.1224365234375,174.12681579589844,154.89999389648438,41.1520881652832,879.1238403320312,287.1828308105469,138.0777130126953,164.11373901367188,22.309999465942383,216.910400390625,584.6431884765625,573.490478515625,410.4199523925781,108.69621276855469,80.34001922607422,135.50827026367188,171.9918670654297,165.1781463623047,221.3300018310547,183.45408630371094,79.95509338378906,113.90234375
2024-10-17,230.42269897460938,156.25,187.52999877929688,689.942626953125,178.76507568359375,155.30999755859375,40.95978546142578,877.0531616210938,287.42962646484375,140.3708038330078,161.8978271484375,22.440000534057617,217.66693115234375,581.580810546875,573.629638671875,411.0117492675781,111.49222564697266,79.82317352294922,136.71636962890625,172.88739013671875,164.81211853027344,220.88999938964844,201.41981506347656,79.6302261352539,113.60970306396484
2024-10-18,233.25144958496094,155.97000122070312,188.99000549316406,712.2579345703125,177.15003967285156,155,40.6905632019043,881.2835083007812,289.23651123046875,139.95301818847656,162.384765625,22.770000457763672,218.5883331298828,583.6700439453125,573.1723022460938,412.4320373535156,110.5967025756836,79.3637466430664,137.7847137451172,171.9131317138672,164.63873291015625,220.6999969482422,196.468505859375,80.04368591308594,113.28874206542969
2024-10-21,234.72047424316406,157.89999389648438,189.07000732421875,703.2371826171875,177.24851989746094,159.82000732421875,40.152122497558594,878.51953125,287.6073913574219,140.07371520996094,163.03065490722656,22.84000015258789,216.28964233398438,586.3412475585938,571.8698120117188,413.04351806640625,108.5370101928711,77.98551940917969,143.48580932617188,170.9979248046875,162.79891967773438,218.85000610351562,197.61337280273438,79.55146789550781,113.35482788085938
2024-10-22,234.10508728027344,154.08999633789062,189.6999969482422,709.9436645507812,176.64781188964844,159.8800048828125,40.67133712768555,885.1768798828125,284.6847839355469,140.11085510253906,164.09385681152344,22.399999618530273,217.3759307861328,550.4420776367188,578.6806640625,421.6539306640625,107.28328704833984,77.92808532714844,143.365966796875,172.52328491210938,166.81568908691406,217.97000122070312,194.21786499023438,80.74263763427734,113.94010162353516
2024-10-23,229.0430145263672,152.91000366210938,184.7100067138672,697.8405151367188,170.8671875,157.05999755859375,40.70979690551758,890.8040161132812,280.8341369628906,139.70236206054688,161.74880981445312,21.979999542236328,216.68731689453125,544.8324584960938,560.4654541015625,418.7838134765625,104.5270767211914,76.61685180664062,139.34228515625,170.3484344482422,160.47752380371094,213.64999389648438,196.54676818847656,81.9731674194336,113.53419494628906
2024-10-24,228.8544464111328,153.44000244140625,186.3800048828125,699.9972534179688,168.74012756347656,155.1999969482422,41.00786209106445,885.1076049804688,283.1346740722656,139.6744842529297,161.689208984375,22.34000015258789,218.21006774902344,538.2593994140625,564.5321044921875,418.9120178222656,106.318115234375,75.65016174316406,140.1909637451172,171.6080780029297,161.92237854003906,260.4800109863281,193.67970275878906,81.74674987792969,112.89225769042969
2024-10-25,229.6881866455078,156.22999572753906,187.8300018310547,700.8737182617188,170.364990234375,155.00999450683594,40.27712631225586,882.927978515625,286.7878723144531,140.0087127685547,164.22305297851562,22.68000030517578,215.6204071044922,536.4276733398438,569.9707641601562,422.28515625,107.3728256225586,75.46830749511719,141.31919860839844,170.76173400878906,164.01263427734375,269.19000244140625,199.0713653564453,81.22501373291016,112.7978744506836
2024-10-28,231.66336059570312,159.9199981689453,188.38999938964844,697.8701782226562,169.39993286132812,150.69000244140625,40.97901916503906,882.67041015625,290.0559997558594,139.75807189941406,165.6638641357422,22.920000076293945,218.71441650390625,529.6351928710938,574.8526611328125,420.7465515136719,105.86039733886719,75.52574157714844,140.30075073242188,169.67921447753906,165.89097595214844,262.510009765625,190.49948120117188,81.46125793457031,112.24091339111328
2024-10-29,231.93136596679688,166.25,190.8300018310547,705.8960571289062,176.5099334716797,152.97999572753906,40.89248275756836,878.7374267578125,295.1112976074219,137.8827667236328,168.60507202148438,22.899999618530273,216.19264221191406,521.6502075195312,589.8862915039062,426.0331115722656,107.64149475097656,75.03761291503906,141.02964782714844,170.67315673828125,169.5320587158203,259.5199890136719,192.71096801757812,80.4276123046875,110.71163177490234
2024-10-30,228.387939453125,148.60000610351562,192.72999572753906,674.99072265625,173.9495391845703,154.2899932861328,40.68095779418945,870.910888671875,292.6527404785156,137.44639587402344,173.3548126220703,22.299999237060547,217.65721130371094,520.8297119140625,588.4146118164062,426.60516357421875,103.5618896484375,73.1712417602539,139.1226348876953,171.7852020263672,161.46002197265625,257.54998779296875,190.3037567138672,80.12244415283203,110.1546859741211
2024-10-31,224.2291259765625,144.07000732421875,186.39999389648438,663.8566284179688,167.18417358398438,149.30999755859375,40.20981979370117,866.0465698242188,287.6863708496094,138.1612548828125,170.0260467529297,21.520000457763672,215.2421417236328,520.9346923828125,564.3331909179688,400.7838134765625,99.15396118164062,73.82206726074219,132.55287170410156,165.1720428466797,156.78823852539062,249.85000610351562,186.4483642578125,80.67372131347656,110.2396469116211
2024-11-01,221.2514190673828,141.86000061035156,197.92999267578125,666.00830078125,166.3471221923828,154.58999633789062,40.152122497558594,870.30224609375,290.9940490722656,142.10687255859375,170.20486450195312,23.200000762939453,216.2314453125,520.2667846679688,563.91552734375,404.74871826171875,99.23355102539062,74.71219635009766,135.18875122070312,167.31736755371094,159.19639587402344,248.97999572753906,188.806640625,80.90998077392578,108.51213073730469
2024-11-04,220.3581085205078,140.7100067138672,195.77999877929688,662.4844970703125,165.98277282714844,155.07000732421875,39.73868179321289,878.992431640625,294.242431640625,142.9423828125,168.1678924560547,22.520000457763672,213.1665496826172,518.1203002929688,557.47265625,402.8648986816406,101.22360229492188,73.8794937133789,135.83775329589844,166.89422607421875,159.1096649169922,242.83999633789062,187.44647216796875,81.16593933105469,111.9671630859375
2024-11-05,221.78741455078125,141.66000366210938,199.5,667.716064453125,171.2512664794922,151,40.26750564575195,883.0595092773438,293.72900390625,142.4225311279297,168.66473388671875,23.31999969482422,214.8250732421875,521.6024780273438,569.1553955078125,405.82379150390625,104.96488189697266,74.6356201171875,139.69174194335938,169.0493927001953,159.8128662109375,251.44000244140625,191.55630493164062,82.37677001953125,112.29755401611328
2024-11-06,221.06283569335938,145.10000610351562,207.08999633789062,652.8803100585938,176.8152313232422,147.16000366210938,43.661598205566406,892.067138671875,303.0200500488281,146.42379760742188,175.39183044433594,25.049999237060547,239.6256561279297,526.4393310546875,568.777587890625,414.42431640625,111.2733154296875,72.08970642089844,145.3828125,178.35902404785156,166.6326904296875,288.5299987792969,189.07083129882812,82.1405258178711,114.22330474853516
2024-11-07,225.78744506835938,149.82000732421875,210.0500030517578,668.4564208984375,181.0103302001953,150.97999572753906,43.04623794555664,906.6298217773438,306.8509521484375,145.54185485839844,179.60496520996094,26.229999542236328,229.2670135498047,526.4584350585938,588.3152465820312,419.6023864746094,112.845458984375,72.66397094726562,148.6477508544922,183.407470703125,166.5556182861328,296.9100036621094,196.8697052001953,82.54412841796875,114.36491394042969
2024-11-08,225.5191650390625,147.9499969482422,208.17999267578125,660.8163452148438,180.84292602539062,151.67999267578125,43.392372131347656,936.2611694335938,317.87982177734375,145.69039916992188,177.2201690673828,26.200000762939453,229.84898376464844,538.5933837890625,585.96875,416.7519836425781,111.34297943115234,72.62567901611328,147.39967346191406,186.24169921875,164.62908935546875,321.2200012207031,196.8794708251953,83.50887298583984,114.32713317871094
2024-11-11,222.80645751953125,147.35000610351562,206.83999633789062,662.632568359375,176.18496704101562,148.9600067138672,44.30580139160156,925.428466796875,337.40972900390625,145.2912139892578,179.20751953125,25.049999237060547,232.08944702148438,544.3364868164062,579.8339233398438,412.2840576171875,108.10914611816406,73.31480407714844,145.0333709716797,186.1235809326172,162.10537719726562,350,189.8830108642578,82.89851379394531,113.72297668457031
2024-11-12,222.80645751953125,143.6300048828125,208.91000366210938,660.5300903320312,173.53594970703125,145.1699981689453,44.09427261352539,924.9324340820312,336.8370361328125,144.1678466796875,180.469482421875,24.15999984741211,232.35134887695312,539.9290161132812,581.474609375,417.23529052734375,103.58180236816406,73.37224578857422,148.0586395263672,186.56646728515625,157.4047393798828,328.489990234375,187.6519775390625,83.66637420654297,113.60970306396484
2024-11-13,223.69081115722656,139.3000030517578,214.10000610351562,664.7054443359375,170.9361572265625,139.97000122070312,44.1038818359375,926.2716674804688,337.3998107910156,147.35220336914062,177.74681091308594,24.920000076293945,233.90318298339844,532.077392578125,576.6821899414062,419.37554931640625,99.422607421875,73.23822784423828,146.0417938232422,186.61566162109375,154.52462768554688,330.239990234375,182.65171813964844,84.1684341430664,114.66698455810547
2024-11-14,226.77114868164062,138.83999633789062,211.47999572753906,684.0028076171875,167.7848663330078,138.13999938964844,44.13273239135742,916.51025390625,327.4571228027344,150.21160888671875,174.46771240234375,25.030000686645508,234.59181213378906,514.1994018554688,573.8583984375,421.0424499511719,98.6863021850586,72.43427276611328,146.53103637695312,184.07666015625,157.94415283203125,311.17999267578125,184.4521942138672,83.15447235107422,114.74311828613281
2024-11-15,223.5715789794922,134.89999389648438,202.61000061035156,650.1165161132812,162.32928466796875,140.19000244140625,44.95000076293945,899.82470703125,321.14794921875,149.85882568359375,171.39730834960938,24.350000381469727,237.92831420898438,510.2306823730469,550.910400390625,409.3152770996094,95.86042022705078,73.37224578857422,141.75848388671875,180.81927490234375,154.60166931152344,320.7200012207031,182.01565551757812,82.93789672851562,113.55342864990234
2024-11-18,226.5724334716797,138.92999267578125,201.6999969482422,656.6312255859375,163.14663696289062,143.8699951171875,44.92115783691406,912.165283203125,318.17596435546875,150.76852416992188,174.1894989013672,24.84000015258789,237.65673828125,506.538818359375,551.2286376953125,410.0649108886719,97.02460479736328,71.67814636230469,139.9313507080078,182.7776336669922,158.45468139648438,338.739990234375,183.45408630371094,82.77056121826172,114.50518035888672
2024-11-19,226.83074951171875,139.38999938964844,204.61000061035156,653.600830078125,162.83151245117188,145.60000610351562,44.62309265136719,922.72021484375,319.3410949707031,149.68063354492188,176.9916229248047,24.200000762939453,235.77508544921875,508.73297119140625,557.8804321289062,412.0671081542969,97.2435073852539,70.74016571044922,146.7806396484375,185.89724731445312,158.65696716308594,346,185.59706115722656,85.25130462646484,112.90623474121094
2024-11-20,227.54620361328125,137.60000610351562,202.8800048828125,649.9191284179688,160.7635040283203,146.0800018310547,44.28656768798828,920.6668090820312,321.5824279785156,151.30311584472656,174.8651580810547,24.010000228881836,233.53463745117188,510.13531494140625,562.2850341796875,409.7985534667969,97.88033294677734,70.21376037597656,145.6623992919922,187.7178497314453,148.6006317138672,342.0299987792969,184.31520080566406,85.82225799560547,114.51470184326172
2024-11-21,227.0692596435547,137.49000549316406,198.3800048828125,663.4716186523438,161.44297790527344,143.41000366210938,44.671165466308594,948.0165405273438,331.534912109375,151.58445739746094,166.56808471679688,24.440000534057617,237.39486694335938,517.0804443359375,559.8687744140625,408.029541015625,102.24847412109375,71.87914276123047,146.44117736816406,189.37115478515625,149.74688720703125,339.6400146484375,187.13336181640625,87.01342010498047,116.04701232910156
2024-11-22,228.41065979003906,138.35000610351562,197.1199951171875,664.1823120117188,161.7285614013672,149.2899932861328,45.19037628173828,956.309814453125,337.69598388671875,152.2690887451172,163.7162628173828,24.5,241.07081604003906,517.2808837890625,555.9414672851562,412.1111755371094,102.12905883789062,74.08049774169922,141.72853088378906,189.23338317871094,151.0279998779297,352.55999755859375,185.99826049804688,89.03150177001953,115.91376495361328
2024-11-25,231.39163208007812,141.1300048828125,201.4499969482422,675.6224365234375,162.30960083007812,153.10000610351562,45.67112350463867,953.2146606445312,334.82281494140625,150.39337158203125,166.5879364013672,24.8700008392334,242.75845336914062,497.88592529296875,561.8773193359375,413.8801574707031,103.95990753173828,75.86073303222656,135.80780029296875,185.00173950195312,152.98341369628906,338.5899963378906,181.10562133789062,88.10614013671875,114.18158721923828
2024-11-26,233.56771850585938,137.72000122070312,207.86000061035156,663.2839965820312,162.23080444335938,150.75999450683594,45.9114990234375,963.7399291992188,338.8413391113281,152.4285125732422,168.0486297607422,24.049999237060547,242.4480743408203,497.4661865234375,570.259033203125,422.9723205566406,101.29325866699219,74.28148651123047,136.70640563964844,187.34388732910156,151.16285705566406,338.2300109863281,179.89227294921875,89.88794708251953,112.27808380126953
2024-11-27,233.4385223388672,136.24000549316406,205.74000549316406,661.8132934570312,157.23802185058594,152.39999389648438,45.930728912353516,953.8693237304688,325.8378601074219,152.03460693359375,168.15794372558594,23.649999618530273,242.27349853515625,501.5683898925781,565.9439697265625,418.0309143066406,97.71117401123047,74.98018646240234,135.1288604736328,179.7958221435547,150.65232849121094,332.8900146484375,177.29916381835938,90.44908142089844,111.98304748535156
2024-11-29,235.82330322265625,137.17999267578125,207.88999938964844,677.7349243164062,159.61131286621094,155.44000244140625,45.68074035644531,964.116943359375,325.818115234375,151.86581420898438,167.87973022460938,24.049999237060547,242.20558166503906,505.06005859375,571.0345458984375,418.49542236328125,97.46240997314453,75.39173889160156,138.03433227539062,181.90179443359375,152.7040557861328,345.1600036621094,180.6946563720703,91.05940246582031,112.26856994628906
2024-12-02,238.06895446777344,142.05999755859375,210.7100067138672,702.2734985351562,163.97381591796875,156.5399932861328,45.22883605957031,967.2120361328125,326.82525634765625,152.12841796875,170.4036407470703,23.93000030517578,238.84002685546875,499.5209045410156,589.4387817382812,425.92724609375,98.0594253540039,76.08438110351562,138.41372680664062,178.5263214111328,157.0386962890625,357.0899963378906,190.22549438476562,91.1972427368164,112.16387939453125
2024-12-03,241.10952758789062,141.97999572753906,213.44000244140625,708.7783203125,165.58883666992188,155,45.017303466796875,974.3048706054688,327.23992919921875,151.8564453125,170.25457763671875,22.469999313354492,237.4530792236328,496.3145446777344,610.1397094726562,426.1446533203125,99.34300231933594,75.86312103271484,140.0411834716797,179.9827880859375,156.60523986816406,351.4200134277344,194.6190643310547,92.0536880493164,111.99254608154297
2024-12-04,241.46722412109375,143.99000549316406,218.16000366210938,710.6143188476562,167.962158203125,158.27999877929688,44.58463668823242,983.0047607421875,363.2192077636719,148.4801788330078,173.26536560058594,21.959999084472656,236.07579040527344,496.7945251464844,610.2688598632812,432.291748046875,102.686279296875,75.3917465209961,144.91357421875,185.19854736328125,157.33729553222656,357.92999267578125,196.38043212890625,92.97904205322266,108.76612091064453
2024-12-05,241.49705505371094,141.36000061035156,220.5500030517578,702.3030395507812,167.87351989746094,156.6699981689453,45.19037628173828,974.4140625,356.811279296875,149.4274139404297,171.54635620117188,20.799999237060547,238.09320068359375,496.7752990722656,605.4465942382812,437.4307861328125,100.36788940429688,75.59376525878906,144.8436737060547,183.27955627441406,155.30389404296875,369.489990234375,199.9129180908203,93.81581115722656,109.24198913574219
2024-12-06,241.29832458496094,138.58999633789062,227.02999877929688,699.8157348632812,176.7955322265625,153.92999267578125,45.200042724609375,984.6813354492188,357.41357421875,145.5915985107422,173.60324096679688,20.920000076293945,239.91664123535156,492.50335693359375,620.2018432617188,438.3696594238281,100.6663818359375,75.8919677734375,142.2275848388672,188.64291381835938,154.4517822265625,389.2200012207031,198.660400390625,94.2095718383789,108.09037780761719
2024-12-09,245.1835174560547,130.8699951171875,226.08999633789062,697.387451171875,176.2145233154297,157.0399932861328,44.38789367675781,979.9691772460938,347.12530517578125,147.31724548339844,174.45875549316406,20.809999465942383,236.47344970703125,489.6042175292969,610.0601196289062,440.7908935546875,102.30817413330078,74.68949127197266,138.6029815673828,187.422607421875,155.64280700683594,389.7900085449219,194.89308166503906,92.36870574951172,107.45270538330078
2024-12-10,246.19703674316406,127.73999786376953,225.0399932861328,696.1536254882812,169.19309997558594,164.10000610351562,44.23320007324219,985.4650268554688,344.4100646972656,147.24221801757812,184.2078399658203,20.15999984741211,235.55203247070312,492.4169921875,615.777099609375,438.1324462890625,97.61167907714844,73.82369232177734,134.8685760498047,174.91465759277344,151.49851989746094,400.989990234375,187.8183135986328,93.07749938964844,107.23380279541016
2024-12-11,244.9251708984375,130.14999389648438,230.25999450683594,705.1951293945312,180.4096221923828,165.9600067138672,44.55226135253906,986.7446899414062,350.36383056640625,146.50131225585938,194.3846893310547,20.1200008392334,236.20188903808594,484.0650634765625,629.060791015625,443.7261047363281,101.55195617675781,75.85350036621094,139.1022491455078,175.74130249023438,154.7616424560547,424.7699890136719,190.4212188720703,93.4811019897461,106.51998901367188
2024-12-12,246.38583374023438,130.60000610351562,228.97000122070312,703.8824462890625,177.90830993652344,167.75,44.55226135253906,980.4949951171875,353.50360107421875,145.09454345703125,190.9625701904297,20.780000686645508,234.26205444335938,476.7115478515625,627.1815185546875,444.2894592285156,97.75096893310547,74.99732208251953,137.13519287109375,172.53314208984375,153.22207641601562,418.1000061035156,187.94357299804688,92.6246566772461,106.4248046875
2024-12-13,246.5547332763672,126.91000366210938,227.4600067138672,709.2916259765625,221.37599182128906,169.64999389648438,44.15584945678711,981.4473876953125,349.83062744140625,144.30674743652344,188.8336944580078,20.34000015258789,232.71990966796875,474.8587341308594,616.8013916015625,442.0262756347656,101.9897689819336,74.3143081665039,134.0498046875,170.63381958007812,153.5028839111328,436.2300109863281,197.2985382080078,92.98773193359375,105.49209594726562
2024-12-16,249.44627380371094,126.69000244140625,232.92999267578125,713.04248046875,246.1921844482422,173.1699981689453,43.96248245239258,984.9392700195312,352.7137451171875,140.0770721435547,195.63815307617188,20.829999923706055,232.3707275390625,471.9787902832031,621.169677734375,446.295654296875,107.7210922241211,74.26620483398438,131.80311584472656,168.5081329345703,152.88316345214844,463.0199890136719,198.50592041015625,93.59944152832031,103.23645782470703
2024-12-17,251.87078857421875,125.0199966430664,231.14999389648438,725.6868896484375,236.57098388671875,173.02999877929688,43.55640411376953,974.2354736328125,346.5329284667969,138.90475463867188,194.4045867919922,20.440000534057617,231.1874542236328,470.98040771484375,616.393310546875,449.1319274902344,108.05939483642578,75.03580474853516,130.19552612304688,167.01229858398438,152.91221618652344,479.8599853515625,196.974609375,94.1420669555664,102.79865264892578
2024-12-18,246.47525024414062,121.41000366210938,220.52000427246094,710.1897583007812,220.21400451660156,172.6199951171875,42.05779266357422,957.033935546875,333.34649658203125,135.12522888183594,187.42103576660156,19.299999237060547,223.43788146972656,463.6172790527344,594.2527465820312,432.2621154785156,103.38280487060547,73.97760772705078,128.71775817871094,162.78065490722656,148.19664001464844,440.1300048828125,191.96826171875,92.29711151123047,101.28535461425781
2024-12-19,248.2041778564453,118.87999725341797,223.2899932861328,701.0791625976562,214.99472045898438,177.0399932861328,41.9417724609375,947.1732788085938,332.3580627441406,132.37730407714844,187.53048706054688,19.059999465942383,225.94993591308594,460.4685363769531,592.6407470703125,431.90631103515625,86.6564712524414,74.17000579833984,130.48509216308594,166.10693359375,145.63067626953125,436.1700134277344,191.06517028808594,92.14911651611328,100.41926574707031
2024-12-20,252.8743896484375,119.20999908447266,224.9199981689453,696.558349609375,217.4270782470703,177.35000610351562,42.7055778503418,946.44921875,339.6925354003906,133.9716796875,190.41543579101562,19.520000457763672,230.4503173828125,469.45404052734375,582.3714599609375,431.4814147949219,89.67139434814453,74.0160903930664,134.49911499023438,166.96311950683594,148.04173278808594,421.05999755859375,193.58798217773438,91.00464630126953,100.76190185546875
2024-12-23,253.64942932128906,124.5999984741211,225.05999755859375,711.7197265625,229.42408752441406,177.69000244140625,42.43486404418945,942.3223876953125,338.9512023925781,134.08421325683594,193.6186981201172,20.200000762939453,231.216552734375,467.0252380371094,596.8995971679688,430.147216796875,89.27338409423828,73.84292602539062,139.46168518066406,166.45135498046875,153.22207641601562,430.6000061035156,203.55154418945312,89.13996124267578,101.17115020751953
2024-12-24,256.56085205078125,126.29000091552734,229.0500030517578,710.4070434570312,236.66177368164062,179.33999633789062,42.90862274169922,951.1612548828125,340.4635925292969,134.90013122558594,195.09100341796875,20.399999618530273,235.01858520507812,468.599609375,604.7608642578125,434.1793518066406,88.83556365966797,73.87178039550781,140.01087951660156,168.68527221679688,154.3065643310547,462.2799987792969,202.54043579101562,91.43876647949219,101.26631927490234
2024-12-26,257.3756103515625,125.05999755859375,227.0500030517578,706.606689453125,242.27024841308594,180.3800048828125,43.07298278808594,948.502685546875,337.7847900390625,135.03143310546875,194.58367919921875,20.440000534057617,235.82362365722656,470.3756103515625,600.3824462890625,432.9736633300781,89.37287902832031,74.0160903930664,139.72132873535156,168.9509735107422,153.5028839111328,454.1300048828125,199.33050537109375,91.54728698730469,101.35197448730469
2024-12-27,253.96737670898438,125.19000244140625,223.75,704.3660888671875,238.7056884765625,180.72000122070312,42.86994552612305,932.1939086914062,334.552490234375,135.05020141601562,191.7583770751953,20.299999237060547,233.9128875732422,469.4060363769531,596.8599243164062,425.4825134277344,88.18880462646484,73.51585388183594,136.8056640625,166.2742462158203,152.2537841796875,431.6600036621094,197.92677307128906,90.43241882324219,101.34246063232422
2024-12-30,250.59889221191406,122.44000244140625,221.3000030517578,687.1514892578125,232.6134033203125,176.5500030517578,42.45420455932617,914.84375,331.8736572265625,134.17800903320312,190.24630737304688,19.81999969482422,232.1185760498047,464.03009033203125,588.3319091796875,419.849365234375,84.99562072753906,71.81311798095703,137.2849578857422,164.25682067871094,149.67813110351562,417.4100036621094,196.7095489501953,89.35701751708984,100.65719604492188
2024-12-31,248.8302001953125,120.79000091552734,219.38999938964844,684.1212158203125,228.92050170898438,177,42.49287033081055,908.951171875,330.4798889160156,135.83798217773438,188.31639099121094,20.049999237060547,232.496826171875,466.49725341796875,582.6303100585938,416.55841064453125,83.84986114501953,72.79434204101562,134.08973693847656,163.99111938476562,148.74856567382812,403.8399963378906,193.86282348632812,89.13996124267578,102.3798599243164
2025-01-02,242.30191040039062,120.62999725341797,220.22000122070312,691.3662719726562,229.0587158203125,171.8699951171875,42.82160186767578,902.542724609375,326.8521728515625,137.59176635742188,188.44570922851562,20.219999313354492,232.77809143066406,462.9548645019531,596.292724609375,413.6726379394531,87.00817108154297,70.87034606933594,138.1037139892578,163.3908233642578,148.76792907714844,379.2799987792969,197.87770080566406,88.7946548461914,102.13241577148438
2025-01-03,241.81500244140625,125.37000274658203,224.19000244140625,705.1260986328125,229.62158203125,169.89999389648438,43.32436752319336,909.2586059570312,329.06634521484375,138.66091918945312,190.79344177246094,20.559999465942383,235.95938110351562,462.5420837402344,601.6561889648438,418.3866882324219,89.53882598876953,70.52403259277344,144.25453186035156,163.67620849609375,152.82505798339844,410.44000244140625,204.778564453125,89.56420135498047,102.6558837890625
2025-01-06,243.4446258544922,129.5500030517578,227.61000061035156,758.5762329101562,233.4329376220703,170.77999877929688,43.89480209350586,915.339599609375,326.72369384765625,138.10757446289062,195.8470458984375,19.8700008392334,234.8090057373047,447.3550720214844,627.1004638671875,422.8339538574219,98.89421081542969,69.2638168334961,149.2071533203125,163.0561981201172,154.78103637695312,411.04998779296875,215.9691925048828,90.20549774169922,102.54166412353516
2025-01-07,240.67234802246094,127.33000183105469,222.11000061035156,747.7875366210938,225.7607879638672,172.50999450683594,44.55226135253906,914.0104370117188,321.1881408691406,140.2927703857422,194.4742431640625,20.010000228881836,237.07080078125,445.3966979980469,614.8510131835938,417.4181823730469,101.5344467163086,69.35039520263672,139.93099975585938,159.45437622070312,155.42977905273438,394.3599853515625,207.53697204589844,89.59379577636719,103.5029296875
2025-01-08,241.15921020507812,121.83999633789062,222.1300048828125,734.36328125,226.42236328125,171.75999450683594,44.67795181274414,919.96240234375,323.1354675292969,140.95863342285156,192.94224548339844,19.8799991607666,237.0318145751953,450.091064453125,607.7161254882812,419.5824890136719,99.04367065429688,68.58079528808594,139.90106201171875,160.54673767089844,154.03543090820312,394.94000244140625,203.31593322753906,90.57054138183594,101.77075958251953
2025-01-10,235.34637451171875,116.04000091552734,218.94000244140625,729.4575805664062,221.4853057861328,172,43.61441421508789,929.4559936523438,314.1897277832031,143.62213134765625,191.04214477539062,19.149999618530273,233.8535614013672,449.3230285644531,612.8308715820312,414.0382995605469,98.97390747070312,68.49420928955078,135.7073211669922,152.4178009033203,152.00201416015625,394.739990234375,204.54299926757812,91.75447082519531,101.39956665039062
2025-01-13,232.9119110107422,117.31999969482422,218.4600067138672,718.0074462890625,222.45297241210938,170.57000732421875,43.566070556640625,917.3138427734375,315.3956298828125,145.6947784423828,190.0175018310547,19.200000762939453,238.084716796875,463.8284606933594,605.3379516601562,412.2989196777344,94.70968627929688,69.34078979492188,133.0313262939453,151.84561157226562,152.14727783203125,403.30999755859375,197.66172790527344,90.30415344238281,104.01688385009766
2025-01-14,231.7990264892578,116.08999633789062,217.75999450683594,726.7726440429688,221.8704071044922,167.02000427246094,44.262203216552734,909.9033813476562,319.8141784667969,147.1484375,188.67449951171875,19.200000762939453,241.26296997070312,465.07647705078125,591.3272094726562,410.7967529296875,97.001220703125,68.4653549194336,131.56349182128906,154.20339965820312,154.47117614746094,396.3599853515625,197.7500762939453,89.57406616210938,104.42613220214844
2025-01-15,236.35987854003906,119.95999908447266,223.35000610351562,716.9117431640625,225.1288604736328,166.1999969482422,45.53843307495117,916.1233520507812,317.4615478515625,148.4895782470703,194.5338897705078,19.719999313354492,246.0205535888672,464.6060791015625,614.084716796875,421.3119812011719,102.80973052978516,68.36915588378906,136.03683471679688,156.1764373779297,159.1964111328125,428.2200012207031,203.00181579589844,90.11669921875,106.12977600097656
2025-01-16,226.8108673095703,118.44000244140625,220.66000366210938,740.5818481445312,226.5211181640625,168.92999267578125,45.09368896484375,912.4033203125,316.3149108886719,149.47430419921875,191.9076385498047,19.670000076293945,247.8924102783203,467.3804626464844,608.2933959960938,419.60223388671875,102.2219009399414,68.40763854980469,133.37081909179688,157.38986206054688,156.31089782714844,413.82000732421875,210.84506225585938,90.0772476196289,105.94894409179688
2025-01-17,228.5199737548828,121.45999908447266,225.94000244140625,746.5536499023438,234.44996643066406,171.08999633789062,44.987335205078125,935.6561279296875,320.82244873046875,151.43441772460938,194.98155212402344,21.489999771118164,252.6597442626953,470.7020263671875,609.756103515625,424.0001220703125,105.36029052734375,68.14790344238281,137.504638671875,158.85977172851562,159.34165954589844,426.5,207.61549377441406,90.70867919921875,106.90068817138672
2025-01-21,221.22657775878906,122.27999877929688,230.7100067138672,753.1373901367188,237.28384399414062,175.55999755859375,45.1130256652832,940.1597900390625,323.0761413574219,148.40516662597656,197.02093505859375,21.770000457763672,256.43267822265625,486.0330505371094,613.4280395507812,423.4763488769531,108.97692108154297,70.38935852050781,140.61997985839844,170.24427795410156,161.96571350097656,424.07000732421875,214.68325805664062,91.8333969116211,106.09170532226562
2025-01-22,222.40902709960938,123.75,235.00999450683594,756.7994384765625,237.87628173828125,174.8000030517578,44.271873474121094,937.154052734375,328.7895812988281,146.6888885498047,197.33924865722656,21.860000610351562,256.2474365234375,479.3611145019531,620.4334106445312,440.9688415527344,108.82747650146484,71.2262954711914,146.85069274902344,181.7372589111328,164.84153747558594,415.1099853515625,219.10060119628906,91.98139190673828,104.24530029296875
2025-01-23,222.24008178710938,123.04000091552734,235.4199981689453,736.5940551757812,237.25421142578125,178.5,44.85197830200195,934.63427734375,330.8060607910156,146.31375122070312,196.95130920410156,21.56999969482422,259.27947998046875,477.383544921875,633.3197021484375,441.4728088378906,104.45364379882812,71.466796875,147.00045776367188,183.95693969726562,168.83090209960938,412.3800048828125,220.4945068359375,92.5536117553711,104.83538818359375
2025-01-24,221.36566162109375,122.83999633789062,234.85000610351562,722.7848510742188,241.61856079101562,176.05999755859375,44.97766876220703,932.1741333007812,330.03509521484375,145.9761199951172,199.16970825195312,20.829999923706055,258.197265625,477.0762939453125,644.3053588867188,438.8538818359375,102.80973052978516,70.7741470336914,142.4073028564453,181.1256103515625,166.6522216796875,406.5799865722656,217.8048553466797,93.49089813232422,103.41728210449219
2025-01-27,228.40072631835938,115.01000213623047,235.4199981689453,681.2290649414062,199.58460998535156,175.16000366210938,45.528770446777344,957.5398559570312,343.1028747558594,147.4579315185547,190.81333923339844,20.290000915527344,259.18194580078125,483.5370788574219,656.6343994140625,429.4653015136719,90.77424621582031,72.707763671875,118.24339294433594,156.1468505859375,165.75172424316406,397.1499938964844,188.77796936035156,96.09554290771484,104.85442352294922
2025-01-28,236.74740600585938,114.16999816894531,238.14999389648438,674.5169067382812,204.74874877929688,177.77999877929688,45.28705978393555,951.0123291015625,355.80487060546875,146.50131225585938,194.2852020263672,19.799999237060547,260.4395751953125,439.14715576171875,671.013427734375,441.9571228027344,87.92478942871094,71.56298828125,128.79763793945312,161.78976440429688,166.11000061035156,398.0899963378906,198.68263244628906,95.98702239990234,102.82719421386719
2025-01-29,237.8404083251953,117.3499984741211,237.07000732421875,703.438232421875,203.75148010253906,173.66000366210938,45.200042724609375,956.3197631835938,349.9233703613281,146.01364135742188,194.39463806152344,19.75,259.89361572265625,436.1807556152344,673.1627197265625,437.1441955566406,88.6819839477539,73.6697769165039,123.5155258178711,159.83644104003906,166.2649383544922,389.1000061035156,198.61390686035156,96.19419860839844,103.42680358886719
2025-01-30,236.0816650390625,118.86000061035156,234.63999938964844,727.4635620117188,212.94424438476562,179.52999877929688,45.17103958129883,971.18994140625,339.6134948730469,146.6044921875,199.82626342773438,20.010000228881836,261.50225830078125,441.2591247558594,683.62109375,410.1247253417969,92.15911865234375,75.35326385498047,124.464111328125,168.08380126953125,166.47793579101562,400.2799987792969,204.32699584960938,97.32879638671875,104.28337097167969
2025-01-31,234.50173950195312,115.94999694824219,237.67999267578125,729.7536010742188,218.4835968017578,176.52000427246094,44.76496124267578,972.0531616210938,337.7650146484375,139.91761779785156,202.95989990234375,19.43000030517578,260.5955810546875,444.4270935058594,685.790283203125,410.19390869140625,90.90376281738281,73.97760772705078,119.89094543457031,167.76808166503906,167.4462432861328,404.6000061035156,205.4755401611328,96.84536743164062,101.67557525634766
2025-02-03,226.56246948242188,114.2699966430664,237.4199981689453,721.6103515625,214.98817443847656,175.8699951171875,44.67795181274414,997.7957763671875,335.3333740234375,140.05828857421875,200.18438720703125,19.3799991607666,260.11785888671875,437.1983947753906,694.0296020507812,406.1024475097656,89.58863067626953,73.67938232421875,116.48603820800781,166.32778930664062,164.84153747558594,383.67999267578125,196.13040161132812,98.2068862915039,101.92302703857422
2025-02-04,231.3220672607422,119.5,242.05999755859375,721.9556884765625,219.62899780273438,176.22999572753906,45.16136932373047,1013.6976318359375,340.17694091796875,143.69717407226562,205.3076629638672,19.290000915527344,261.2195129394531,435.5279846191406,700.7264404296875,407.5354309082031,90.3259048461914,73.80445098876953,118.47306060791016,165.62733459472656,167.55274963378906,392.2099914550781,200.30235290527344,99.42041778564453,104.65455627441406
2025-02-05,230.99417114257812,112.01000213623047,236.1699981689453,732.9912719726562,229.07847595214844,181.83999633789062,45.5481071472168,1034.5498046875,343.92327880859375,143.48146057128906,190.3358154296875,19.649999618530273,263.6470642089844,431.87042236328125,701.4031372070312,408.4447021484375,93.25507354736328,71.73614501953125,124.64384460449219,169.34654235839844,170.28330993652344,378.1700134277344,204.7393035888672,101.08777618408203,104.57842254638672
2025-02-06,231.7394256591797,110.16000366210938,238.8300018310547,729.5759887695312,228.446533203125,184.8000030517578,46.157222747802734,1042.594970703125,327.00042724609375,142.45919799804688,190.6044464111328,19.3799991607666,269.9548034667969,430.5744323730469,708.4880981445312,410.9449768066406,94.19161224365234,69.0136947631836,128.48809814453125,170.02723693847656,163.95071411132812,374.32000732421875,206.6338653564453,101.47254943847656,103.19837951660156
2025-02-07,226.1848907470703,107.55999755859375,229.14999389648438,718.293701171875,222.0382537841797,181.49000549316406,45.8284912109375,1036.6163330078125,322.0777587890625,143.13446044921875,184.37696838378906,19.100000381469727,268.8823547363281,426.6097106933594,711.0056762695312,404.9461364746094,91.95986938476562,66.06997680664062,129.64634704589844,172.10879516601562,162.6338653564453,361.6199951171875,202.3342742919922,99.79532623291016,103.63618469238281
2025-02-10,226.45346069335938,110.4800033569336,233.13999938964844,734.4619140625,232.0802001953125,180.5500030517578,45.12269973754883,1054.601806640625,323.43206787109375,146.0886688232422,185.50108337402344,19.770000457763672,264.2417907714844,430.28643798828125,713.87158203125,407.38720703125,95.57648468017578,68.24410247802734,133.37081909179688,176.50868225097656,165.92604064941406,350.7300109863281,204.13070678710938,101.54161071777344,105.61582946777344
2025-02-11,231.3973388671875,111.0999984741211,232.75999450683594,744.8184204101562,232.0802001953125,180.44000244140625,45.23872375488281,1051.0462646484375,320.66424560546875,147.65487670898438,184.35707092285156,20.969999313354492,268.0926818847656,431.3808288574219,716.2597045898438,406.6163635253906,93.7332992553711,68.62889862060547,132.60195922851562,174.80201721191406,166.53604125976562,328.5,204.9062042236328,101.09764099121094,106.28205108642578
2025-02-12,235.62501525878906,111.72000122070312,228.92999267578125,747.973876953125,233.37371826171875,186.25,44.67795181274414,1057.7796630859375,322.3644104003906,145.2727508544922,182.6559600830078,22.479999542236328,268.5411376953125,424.2864990234375,721.812255859375,404.2444763183594,91.3421401977539,69.51393127441406,130.94444274902344,169.89898681640625,164.8899383544922,336.510009765625,202.5895538330078,102.22237396240234,103.0843734741211
2025-02-13,240.26052856445312,111.80999755859375,230.3699951171875,768.5682983398438,232.8306427001953,185.44000244140625,44.79397201538086,1069.438720703125,326.051513671875,146.19183349609375,185.1728057861328,24.1299991607666,269.3892822265625,417.32659912109375,724.9765625,405.72686767578125,95.30747985839844,70.4278335571289,135.08822631835938,171.5168914794922,166.6909942626953,355.94000244140625,198.12310791015625,103.6430892944336,103.83338165283203
2025-02-14,243.31439208984375,113.0999984741211,228.67999267578125,743.4039916992188,230.10537719726562,184.4199981689453,45.403079986572266,1064.463134765625,322.7796325683594,147.30128479003906,184.26751708984375,23.600000381469727,269.652587890625,406.2579040527344,733.0466918945312,403.6416320800781,99.15325164794922,70.26429748535156,138.64292907714844,171.81283569335938,166.76844787597656,355.8399963378906,200.1550750732422,102.64661407470703,103.93901062011719
2025-02-18,243.18507385253906,114.27999877929688,226.64999389648438,736.1533203125,225.65216064453125,184.97000122070312,44.987335205078125,1048.752197265625,325.1717529296875,148.07887268066406,182.8151092529297,27.389999389648438,272.9283142089844,411.3938903808594,712.8466186523438,404.83746337890625,106.3964614868164,74.64136505126953,139.1920928955078,177.3768310546875,168.1337127685547,354.1099853515625,199.01638793945312,102.39009857177734,105.76351165771484
2025-02-19,243.58297729492188,114.69000244140625,226.6300048828125,736.7271728515625,225.84967041015625,186.14999389648438,44.48457336425781,1055.2174072265625,320.7927551269531,149.09347534179688,184.3073272705078,25.719999313354492,272.245849609375,415.6274108886719,700.30859375,409.90728759765625,103.97541809082031,73.8621597290039,139.02236938476562,179.0736541748047,169.6636199951172,360.55999755859375,197.25926208496094,102.60714721679688,105.91715240478516
2025-02-20,244.53793334960938,114.16999816894531,222.8800048828125,735.0358276367188,223.88475036621094,180.8800048828125,43.79811477661133,1027.6982421875,314.76300048828125,150.57273864746094,183.6009979248047,26.09000015258789,260.10809326171875,418.83380126953125,691.4224853515625,412.07598876953125,102.79977416992188,74.2950668334961,139.90106201171875,173.62803649902344,168.1918182373047,354.3999938964844,196.4248809814453,95.90808868408203,107.54959869384766
2025-02-21,244.25941467285156,110.83999633789062,216.5800018310547,729.2194213867188,215.90647888183594,177.14999389648438,43.32436752319336,1027.8970947265625,306.23236083984375,148.7995147705078,178.72647094726562,24.8700008392334,257.6123352050781,423.0865173339844,680.18798828125,404.23309326171875,98.47576141357422,73.59280395507812,134.22952270507812,165.5484161376953,160.18406677246094,337.79998779296875,194.59902954101562,93.51062774658203,106.29166412353516
2025-02-24,245.80123901367188,108.11000061035156,212.7100067138672,727.9830322265625,205.31158447265625,179.91000366210938,42.985965728759766,1028.463134765625,304.7694396972656,149.71932983398438,178.318603515625,24.270000457763672,254.78506469726562,422.654541015625,664.8438110351562,400.06414794921875,95.05841064453125,77.2291488647461,130.0857391357422,167.66944885253906,155.9913787841797,330.5299987792969,188.1300811767578,92.41548919677734,106.84860229492188
2025-02-25,245.74154663085938,103.95999908447266,212.8000030517578,722.2755126953125,199.9894561767578,178.27000427246094,42.48320007324219,1048.3848876953125,302.3575134277344,148.3253936767578,174.5084991455078,22.989999771118164,250.94387817382812,430.516845703125,654.26611328125,394.0235595703125,92.87646484375,78.61444091796875,126.44115447998047,166.26856994628906,156.10757446289062,302.79998779296875,185.89195251464844,96.38165283203125,105.36979675292969
2025-02-26,239.0966796875,104.73999786376953,214.35000610351562,738.833984375,210.25851440429688,173.0399932861328,42.48320007324219,1024.8580322265625,303.7908020019531,147.11163330078125,171.8324737548828,23.520000457763672,252.2990264892578,423.8352966308594,670.3864135742188,395.8357849121094,97.34992218017578,78.08533477783203,131.08421325683594,170.14559936523438,156.9596710205078,290.79998779296875,191.0455322265625,94.91160583496094,105.11052703857422
2025-02-27,236.05274963378906,99.51000213623047,208.74000549316406,690.1377563476562,195.30914306640625,173.8300018310547,42.65723419189453,1014.6688232421875,291.5039978027344,148.5624542236328,167.62448120117188,23.09000015258789,252.55247497558594,428.59686279296875,655.00244140625,388.70587158203125,91.48162841796875,76.97903442382812,119.9708251953125,162.53952026367188,149.5425567626953,281.95001220703125,177.76402282714844,95.49370574951172,105.77310943603516
2025-02-28,240.5688934326172,99.86000061035156,212.27999877929688,701.3943481445312,196.9186248779297,174.6300048828125,44.57158660888672,1041.3834228515625,294.4200439453125,150.4115447998047,169.3952178955078,23.729999542236328,258.0120544433594,432.3504333496094,664.9135131835938,393.1224060058594,93.28495025634766,76.41146087646484,124.73371124267578,163.82200622558594,152.18600463867188,292.9800109863281,177.21429443359375,97.28933715820312,106.9062271118164
2025-03-03,236.77890014648438,98.2300033569336,205.02000427246094,692.2742919921875,185.010498046875,170.05999755859375,44.049503326416016,1039.6353759765625,289.6851806640625,145.167724609375,166.1422119140625,22.739999771118164,254.0831298828125,437.06011962890625,651.828125,384.7052307128906,90.20634460449219,75.81199645996094,113.88990020751953,159.83644104003906,148.74856567382812,284.6499938964844,169.7931671142578,96.28299713134766,103.47808837890625
2025-03-04,234.68995666503906,100.75,203.8000030517578,700.5436401367188,185.11911010742188,158.89999389648438,41.255313873291016,1029.7242431640625,284.031005859375,144.13412475585938,170.03189086914062,21.329999923706055,243.9732208251953,434.0428161621094,636.8521728515625,384.82403564453125,90.8639144897461,74.75811767578125,115.81702423095703,155.34776306152344,149.5619659423828,272.0400085449219,176.6940460205078,93.69808197021484,103.26683044433594
2025-03-05,234.50094604492188,101.66999816894531,208.36000061035156,731.7318725585938,189.16748046875,163.16000366210938,40.88791275024414,1040.529296875,288.60772705078125,143.00572204589844,172.12098693847656,20.809999465942383,245.2211151123047,445.2608947753906,653.2411499023438,397.1131591796875,93.99234008789062,75.23188018798828,117.12506866455078,159.38262939453125,153.46414184570312,279.1000061035156,180.89544677734375,94.694580078125,101.25027465820312
2025-03-06,234.09310913085938,98.8499984741211,200.6999969482422,707.0919189453125,177.19024658203125,158.42999267578125,40.085426330566406,1019.5450439453125,282.755859375,145.0349884033203,171.45445251464844,20.75,240.3562774658203,446.30535888671875,624.8416137695312,393.0234375,88.94102478027344,75.13519287109375,110.40510559082031,148.90577697753906,151.90650939941406,263.45001220703125,172.62026977539062,93.37250518798828,103.34364318847656
2025-03-07,237.81344604492188,100.30999755859375,199.25,724.2835083007812,192.5049285888672,154.17999267578125,40.2800178527832,957.6643676757812,279.63232421875,148.24952697753906,172.95660400390625,20.639999389648438,236.203125,458.0553283691406,622.5827026367188,389.478271484375,92.617431640625,75.98603820800781,112.52195739746094,153.06890869140625,156.94932556152344,262.6700134277344,173.84730529785156,90.49161529541016,104.6880111694336
2025-03-10,226.28436279296875,96.62999725341797,194.5399932861328,675.7058715820312,182.1272430419922,148.14999389648438,38.75249481201172,927.9703979492188,269.7573547363281,149.4158935546875,165.19815063476562,19.93000030517578,226.39544677734375,463.3935241699219,595.0487670898438,376.45635986328125,86.75910186767578,73.86859893798828,106.8204574584961,146.7847442626953,150.87460327148438,222.14999389648438,167.51576232910156,86.64384460449219,107.35755157470703
2025-03-11,219.67926025390625,96.76000213623047,196.58999633789062,682.7288208007812,187.6962432861328,154.05999755859375,38.5384407043457,924.0775146484375,273.85955810546875,146.10647583007812,163.3755645751953,19.780000686645508,223.39271545410156,453.44232177734375,602.7308349609375,376.7436218261719,88.72183990478516,71.71248626708984,108.5978012084961,142.2368621826172,149.04440307617188,230.5800018310547,167.8298797607422,86.26893615722656,104.82245635986328
2025-03-12,215.83953857421875,100.79000091552734,198.88999938964844,695.7462158203125,191.78408813476562,158.8000030517578,38.83032989501953,920.69091796875,281.30279541015625,144.7694549560547,166.4331512451172,20.68000030517578,222.18380737304688,446.30535888671875,616.5126342773438,379.5361022949219,95.28754425048828,71.14203643798828,115.5780258178711,148.8564453125,148.7523651123047,248.08999633789062,173.91600036621094,84.05892944335938,104.79364013671875
2025-03-13,208.5779266357422,98.11000061035156,193.88999938964844,687.0614013671875,188.95025634765625,159.32000732421875,38.59681701660156,884.4822387695312,268.61065673828125,145.66079711914062,162.10076904296875,23.700000762939453,219.54177856445312,452.52362060546875,587.7349853515625,375.07989501953125,94.53035736083984,70.23319244384766,115.41825103759766,145.6699676513672,147.9151153564453,240.67999267578125,168.43850708007812,83.3683090209961,104.3519287109375
2025-03-14,212.36790466308594,100.97000122070312,197.9499969482422,706.260986328125,193.07760620117188,161.80999755859375,39.783817291259766,897.6904907226562,276.1824645996094,148.89434814453125,164.8197021484375,24.049999237060547,226.60992431640625,450.8216247558594,605.1494750976562,384.7745666503906,100.4185791015625,69.28565979003906,121.49972534179688,147.25828552246094,152.43223571777344,249.97999572753906,170.892578125,84.20691680908203,107.45358276367188
2025-03-17,212.87522888183594,104.58999633789062,195.74000549316406,722.4140014648438,192.0507354736328,161.85000610351562,40.318939208984375,910.2930297851562,277.5169372558594,150.50636291503906,163.62454223632812,25.690000534057617,228.06256103515625,452.2141418457031,602.4603881835938,384.9131774902344,102.73002624511719,71.25804901123047,119.36271667480469,151.9344024658203,153.76593017578125,238.00999450683594,173.0030975341797,86.28866577148438,109.23966979980469
2025-03-18,211.5720977783203,103.51000213623047,192.82000732421875,723.1856079101562,186.2941131591797,161.57000732421875,40.52325439453125,891.8609619140625,275.52020263671875,152.4882049560547,160.0192108154297,25.920000076293945,229.07647705078125,453.82916259765625,580.01123046875,379.7836608886719,101.34515380859375,70.8809814453125,115.26846313476562,147.43585205078125,152.14988708496094,225.30999755859375,170.6123809814453,84.44371032714844,109.12443542480469
2025-03-19,214.10870361328125,106.2300033569336,195.5399932861328,726.9442749023438,193.1072540283203,172.6199951171875,41.0681037902832,897.819580078125,276.1726379394531,155.56057739257812,163.2261962890625,24.1200008392334,233.1126251220703,455.057373046875,581.7044677734375,384.0417785644531,101.68389129638672,70.57158660888672,117.35552978515625,150.39541625976562,154.0677032470703,235.86000061035156,171.23321533203125,85.17381286621094,110.82411193847656
2025-03-20,212.97470092773438,107.13999938964844,194.9499969482422,726.1035766601562,188.7098846435547,172.8300018310547,41.33080291748047,889.2293090820312,275.81671142578125,156.2432861328125,162.14059448242188,23.959999084472656,233.01513671875,451.372802734375,583.6365356445312,383.07135009765625,102.62042999267578,69.4790267944336,118.36412048339844,150.6617889404297,153.76593017578125,236.25999450683594,174.8892822265625,84.66075897216797,111.29463195800781
2025-03-21,217.12278747558594,106.44000244140625,196.2100067138672,708.4569091796875,189.8191375732422,178.11000061035156,41.32107925415039,902.9937133789062,277.3883972167969,156.22433471679688,163.32579040527344,24.260000228881836,235.5694122314453,425.22308349609375,593.84521484375,387.4482421875,94.37094116210938,65.68891143798828,117.5352783203125,150.1783905029297,152.66586303710938,248.7100067138672,174.16001892089844,85.06144714355469,110.9105224609375
2025-03-24,219.56985473632812,113.8499984741211,203.25999450683594,719.9509887695312,189.41305541992188,180.89999389648438,41.90483856201172,919.6580200195312,282.6669006347656,156.4803466796875,167.00083923339844,24.219999313354492,241.83816528320312,420.65850830078125,616.3540649414062,389.25048828125,96.582763671875,65.15713500976562,121.24009704589844,152.7827911376953,155.83950805664062,278.3900146484375,178.52561950683594,86.5552978515625,111.1986083984375
2025-03-25,222.57398986816406,114.80999755859375,205.7100067138672,718.8629150390625,186.45176696777344,182.58999633789062,42.109161376953125,923.8489990234375,285.2864074707031,157.35275268554688,169.86917114257812,24.200000762939453,244.83114624023438,427.51507568359375,623.7839965820312,391.3102722167969,93.83293151855469,64.33529663085938,120.5210952758789,151.85548400878906,155.9076385498047,288.1400146484375,178.26937866210938,83.85446166992188,111.95720672607422
2025-03-26,220.36563110351562,110.19000244140625,201.1300048828125,698.1103515625,177.5481414794922,178.5500030517578,41.66160583496094,923.342529296875,277.7541198730469,159.27769470214844,164.3914337158203,23.420000076293945,244.73365783691406,430.51300048828125,608.5158081054688,386.17083740234375,91.79048156738281,63.561798095703125,113.60079956054688,145.80810546875,154.1942596435547,272.05999755859375,170.97698974609375,84.2996597290039,113.5704574584961
2025-03-27,222.67344665527344,106.6500015258789,201.36000061035156,683.144287109375,170.3380584716797,179.11000061035156,41.40863800048828,932.2804565429688,274.6108093261719,158.02598571777344,161.58287048339844,23.6200008392334,241.89663696289062,427.7181396484375,600.1497802734375,386.7748718261719,90.82406616210938,63.61982727050781,111.27406311035156,143.81532287597656,153.78541564941406,273.1300048828125,165.79348754882812,84.71517944335938,113.20556640625
2025-03-28,216.7547149658203,103.22000122070312,192.72000122070312,667.2682495117188,167.49562072753906,173.30999755859375,40.13408279418945,923.2531127929688,266.861083984375,157.4949951171875,153.7049102783203,22.709999084472656,236.7588348388672,426.95416259765625,574.4140014648438,375.109619140625,88.11408233642578,61.1929817199707,109.51652526855469,138.97149658203125,148.67446899414062,263.54998779296875,162.8469696044922,84.24030303955078,113.05191802978516
2025-03-31,220.9624786376953,102.73999786376953,190.25999450683594,655.4478149414062,165.8218536376953,170.5500030517578,40.60109329223633,939.2621459960938,265.2696228027344,158.63287353515625,154.013671875,22.709999084472656,239.1473846435547,432.00225830078125,574.0354614257812,371.73284912109375,86.68251037597656,61.37668228149414,108.22832489013672,137.92578125,149.5408935546875,259.1600036621094,163.5860595703125,86.85210418701172,114.2042236328125
2025-04-01,222.01690673828125,102.77999877929688,192.1699981689453,660.1067504882812,166.90138244628906,168.1699981689453,40.36758804321289,947.8226928710938,267.08843994140625,159.78973388671875,156.43382263183594,22.049999237060547,237.5485076904297,433.8687744140625,583.6365356445312,378.46661376953125,88.4981689453125,62.61427688598633,109.99585723876953,140.02706909179688,148.9957275390625,268.4599914550781,166.18768310546875,87.8809814453125,114.30987548828125
2025-04-02,222.71322631835938,102.95999908447266,196.00999450683594,661.7586669921875,170.43710327148438,168.55999755859375,40.71784210205078,958.4290771484375,268.4129943847656,157.85531616210938,156.40391540527344,21.979999542236328,239.6543426513672,437.95947265625,581.5748901367188,378.4171142578125,88.38843536376953,62.80764389038086,110.26546478271484,143.8942413330078,149.99844360351562,282.760009765625,167.91221618652344,88.8010482788086,113.95455932617188
2025-04-03,202.12203979492188,93.80000305175781,178.41000366210938,616.4649658203125,152.53074645996094,150.91000366210938,36.21310043334961,960.4152221679688,252.2908172607422,148.04092407226562,150.10952758789062,22.43000030517578,222.95399475097656,439.80657958984375,529.4758911132812,369.4750671386719,74.16248321533203,53.738441467285156,101.65753936767578,135.3805389404297,135.72677612304688,267.2799987792969,155.0914306640625,86.32776641845703,107.96250915527344
2025-04-04,187.389892578125,85.76000213623047,171,598.9865112304688,144.8848876953125,136.58999633789062,33.459659576416016,910.1639404296875,237.98744201660156,135.86537170410156,145.01026916503906,19.850000381469727,206.26849365234375,417.9216613769531,502.6943664550781,356.3343505859375,64.5654525756836,55.35310363769531,94.17801666259766,126.54129791259766,124.08361053466797,239.42999267578125,144.66525268554688,82.3012466430664,100.1939697265625
2025-04-07,180.50624084472656,83.63999938964844,175.25999450683594,609.1649780273438,152.6595001220703,138.86000061035156,34.61746597290039,901.8715209960938,241.39773559570312,132.8973388671875,146.15560913085938,19.56999969482422,210.34913635253906,416.6354675292969,514.1679077148438,354.3736267089844,68.20674133300781,53.76744079589844,97.50334930419922,125.44625854492188,126.28374481201172,233.2899932861328,144.04441833496094,82.93441009521484,98.84961700439453
2025-04-08,171.5137481689453,78.20999908447266,170.66000366210938,588.9168701171875,154.53134155273438,139.38999938964844,34.08234405517578,902.4872436523438,241.18026733398438,129.843994140625,144.11392211914062,18.1299991607666,212.7327423095703,428.7625732421875,508.39129638671875,351.10577392578125,65.38349914550781,51.504974365234375,96.16523742675781,122.82211303710938,121.35778045654297,221.86000061035156,139.314208984375,80.91620635986328,96.76583099365234
2025-04-09,197.80484008789062,96.83999633789062,191.10000610351562,679.8108520507812,183.37164306640625,160.82000732421875,36.14499282836914,958.538330078125,262.11639404296875,138.47308349609375,158.06716918945312,21.530000686645508,229.86949157714844,447.02093505859375,583.4075317382812,386.6857604980469,77.6840591430664,57.35451889038086,114.17000579833984,137.80740356445312,139.78631591796875,272.20001220703125,156.44146728515625,88.64275360107422,101.59596252441406
2025-04-10,189.41915893554688,88.69999694824219,181.22000122070312,642.5095825195312,170.6450653076172,155.52000427246094,34.88016128540039,957.6643676757812,252.5783233642578,127.99488830566406,152.2010498046875,19.8799991607666,222.7774200439453,448.4328918457031,544.0867309570312,377.63482666015625,69.88273620605469,52.597537994384766,107.4194564819336,132.02542114257812,130.83975219726562,252.39999389648438,148.93231201171875,89.64197540283203,95.95921325683594
2025-04-11,197.1085205078125,93.4000015258789,184.8699951171875,661.560791015625,180.1925048828125,156.83999633789062,34.977455139160156,956.7705078125,252.4595184326172,128.61126708984375,156.5035400390625,19.739999771118164,231.69400024414062,459.26416015625,541.377685546875,384.6656494140625,69.38391876220703,52.587867736816406,110.77476501464844,131.0353546142578,135.56129455566406,252.30999755859375,154.79579162597656,91.80858612060547,99.04166412353516
2025-04-14,201.45555114746094,94.5,182.1199951171875,665.5768432617188,176.64686584472656,159.27999877929688,35.677974700927734,972.5709838867188,252.01400756835938,128.3173065185547,158.4257354736328,20.309999465942383,230.24224853515625,459.6896667480469,529.3364868164062,384.0318908691406,70.85040283203125,53.574073791503906,110.55506896972656,133.30259704589844,135.5028839111328,252.35000610351562,153.57379150390625,93.71795654296875,99.28172302246094
2025-04-15,201.07754516601562,95.29000091552734,179.58999633789062,675.7553100585938,177.23121643066406,155.52000427246094,36.9622688293457,970.1874389648438,252.3902130126953,127.5776596069336,155.6768798828125,19.850000381469727,228.68258666992188,454.1192932128906,519.4166870117188,381.97216796875,70.87035369873047,53.01328659057617,112.04297637939453,132.60955810546875,134.92852783203125,254.11000061035156,155.04212951660156,92.96607208251953,99.00324249267578
2025-04-16,193.24893188476562,88.29000091552734,174.3300018310547,628.048095703125,172.93289184570312,156.47000122070312,36.32012176513672,961.0806274414062,247.35092163085938,128.35523986816406,152.70895385742188,19.229999542236328,225.229736328125,461.3723449707031,500.2840881347656,367.98968505859375,69.1644515991211,51.775699615478516,104.3437728881836,128.47103881835938,132.14427185058594,241.5500030517578,149.46446228027344,90.21577453613281,100.04994201660156
2025-04-17,195.9446563720703,87.5,172.61000061035156,633.2213134765625,169.34767150878906,161.89999389648438,36.39795684814453,987.6463012695312,244.796630859375,130.7353515625,150.54776000976562,18.93000030517578,227.534912109375,448.80035400390625,499.45751953125,364.1969909667969,68.6357192993164,53.9124755859375,101.34796142578125,127.34239196777344,133.03990173339844,241.3699951171875,149.53341674804688,92.2240982055664,102.67146301269531
2025-04-21,192.14476013183594,85.55999755859375,167.32000732421875,617.9190673828125,164.6135711669922,159.33999633789062,35.92121505737305,951.1694946289062,233.90623474121094,126.80957794189453,147.07188415527344,18.84000015258789,224.62156677246094,443.2396545410156,482.7052917480469,355.6213684082031,66.58061981201172,54.26054382324219,96.77438354492188,121.60000610351562,132.53367614746094,227.5,145.70985412597656,91.4227523803711,101.1638412475586
2025-04-22,198.690185546875,86.26000213623047,173.17999267578125,631.767333984375,167.95120239257812,162.52000427246094,37.28334045410156,972.4815063476562,240.96519470214844,130.19483947753906,150.85650634765625,19.510000228881836,231.0956573486328,446.8662109375,498.2622985839844,363.2463684082031,70.04234313964844,55.169403076171875,98.75159454345703,125.97608947753906,135.0648193359375,237.97000122070312,149.1983642578125,93.83667755126953,103.99662780761719
2025-04-23,203.5246124267578,90.38999938964844,180.60000610351562,650.8482055664062,175.21078491210938,172.3699951171875,37.70170593261719,969.1149291992188,247.98452758789062,129.60691833496094,154.7207794189453,20.59000015258789,236.28472900390625,448.287841796875,518.1717529296875,370.7426452636719,72.75584411621094,55.48846435546875,102.5662612915039,130.09478759765625,136.73924255371094,250.74000549316406,155.51515197753906,93.94549560546875,103.10357666015625
2025-04-24,207.27479553222656,94.47000122070312,186.5399932861328,667.6837158203125,186.34283447265625,176.25999450683594,38.509254455566406,968.7573852539062,262.0628967285156,131.8732452392578,158.63487243652344,21.489999771118164,239.97299194335938,451.44049072265625,530.9996948242188,383.52679443359375,77.23512268066406,56.54235076904297,106.28105163574219,136.14407348632812,143.31045532226562,259.510009765625,161.79251098632812,94.81610107421875,104.3134994506836
2025-04-25,208.18002319335938,96.6500015258789,188.99000549316406,669.9291381835938,190.46287536621094,177.9499969482422,38.616275787353516,970.42578125,265.1815185546875,131.55084228515625,161.3040008544922,20.049999237060547,238.90380859375,461.9139404296875,545.062744140625,388.03253173828125,79.5895004272461,55.710845947265625,110.85465240478516,137.11434936523438,144.6246795654297,284.95001220703125,162.69915771484375,94.0740966796875,104.25588989257812
2025-04-28,209.0355224609375,96.38999938964844,187.6999969482422,667.5289306640625,190.621337890625,182.3000030517578,38.7038459777832,971.7962036132812,262.9935302734375,132.84994506835938,159.95948791503906,20.510000228881836,238.580078125,460.6083679199219,547.5227661132812,387.3492431640625,78.37240600585938,55.41111755371094,108.57784271240234,138.74795532226562,143.7095489501953,285.8800048828125,161.02386474609375,94.20272827148438,104.3134994506836
2025-04-29,210.09988403320312,96.05999755859375,187.38999938964844,660.9306640625,189.33383178710938,182,38.90816879272461,984.8656005859375,265.0923767089844,132.09133911132812,159.5112762451172,20.34000015258789,239.953369140625,460.2118835449219,552.203857421875,390.2012023925781,76.6964111328125,55.63349914550781,108.86742401123047,139.39149475097656,142.9891815185547,292.0299987792969,162.08816528320312,95.01396942138672,104.05425262451172
2025-04-30,211.38311767578125,97.3499984741211,184.4199981689453,662.8853759765625,190.621337890625,183.24000549316406,38.801143646240234,987.6463012695312,266.03289794921875,129.0189971923828,158.15679931640625,20.100000381469727,239.953369140625,462.02032470703125,546.7858276367188,391.4093017578125,76.76624298095703,54.53126907348633,108.76756286621094,139.3221893310547,144.52731323242188,282.1600036621094,164.2660369873047,96.2110366821289,101.4327163696289
2025-05-01,212.1988067626953,96.6500015258789,190.1999969482422,661.535888671875,195.43467712402344,182.88999938964844,39.08328628540039,992.1549682617188,266.6467590332031,129.20867919921875,160.6466827392578,19.979999542236328,242.18008422851562,461.99127197265625,569.9022216796875,421.2556457519531,77.58428192138672,54.879337310791016,111.45380401611328,144.04481506347656,131.62832641601562,280.5199890136719,170.20834350585938,96.36932373046875,101.57675170898438
2025-05-02,204.27069091796875,98.80000305175781,189.97999572753906,684.9623413085938,201.68406677246094,185.4600067138672,39.95894241333008,1002.6558837890625,272.3394470214844,131.332763671875,163.36561584472656,20.6200008392334,247.69287109375,457.2332458496094,594.6121215820312,431.0393981933594,80.5272445678711,56.648704528808594,114.33976745605469,149.23275756835938,136.1064453125,287.2099914550781,176.6729278564453,97.69500732421875,101.98966979980469
2025-05-05,197.8446502685547,100.58999633789062,186.35000610351562,678.0464477539062,198.79212951660156,186.4600067138672,40.007591247558594,1009.208984375,269.9138488769531,128.4879913330078,163.54490661621094,20.270000457763672,247.74191284179688,456.03411865234375,596.8530883789062,431.9207458496094,80.22796630859375,55.44978713989258,113.66071319580078,147.80706787109375,135.7462615966797,280.260009765625,173.83482360839844,98.26880645751953,99.16648864746094
2025-05-06,197.4666290283203,98.62000274658203,185.00999450683594,674.7026977539062,198.16815185546875,185.9600067138672,39.73516845703125,1004.843505859375,270.6365966796875,128.58282470703125,162.56884765625,19.940000534057617,244.49505615234375,452.7944030761719,584.9413452148438,429.0885925292969,80.31775665283203,55.150062561035156,113.38111114501953,146.23284912109375,136.19407653808594,275.3500061035156,169.77474975585938,97.49715423583984,100.54927062988281
2025-05-07,195.21852111816406,100.36000061035156,188.7100067138672,694.9441528320312,202.8428192138672,185.55999755859375,39.82273483276367,1001.5123291015625,275.4580993652344,128.76296997070312,150.76686096191406,20.309999465942383,244.6323699951172,455.802001953125,594.4029541015625,429.1282043457031,82.42272186279297,56.67770767211914,116.89617919921875,147.88626098632812,140.47752380371094,276.2200012207031,172.0018768310547,97.77416229248047,100.4532470703125
2025-05-08,196.45199584960938,101.69999694824219,192.0800018310547,702.5247192382812,205.77439880371094,191.6999969482422,40.474605560302734,1002.0692138671875,276.9530029296875,129.9482879638672,153.6551055908203,21,248.63453674316406,458.9063415527344,595.59814453125,433.9012756347656,84.94667053222656,56.95810317993164,117.20575714111328,148.80702209472656,141.25633239746094,284.82000732421875,172.67198181152344,96.38911437988281,101.85523986816406
2025-05-09,197.48651123046875,102.83999633789062,193.05999755859375,700.7188720703125,206.20025634765625,194.85000610351562,40.65946578979492,1002.4470825195312,272.67608642578125,131.32327270507812,152.13131713867188,21.420000076293945,248.2519989013672,457.9295959472656,590.1004638671875,434.4557800292969,85.65496826171875,56.368316650390625,116.48676300048828,148.8466339111328,141.33419799804688,298.260009765625,173.95309448242188,95.91805267333984,103.04595947265625
2025-05-12,209.95704650878906,108.12000274658203,208.63999938964844,744.3668212890625,219.4517364501953,198.52999877929688,42.18699645996094,1010.4619140625,285.94256591796875,134.29127502441406,157.81820678710938,22.18000030517578,255.0889892578125,457.5814208984375,636.8510131835938,444.8832092285156,92.06961822509766,60.50650405883789,122.82786560058594,155.65829467773438,148.09036254882812,318.3800048828125,184.26097106933594,95.94779205322266,104.82245635986328
2025-05-13,212.08859252929688,112.45999908447266,211.3699951171875,757.9602661132812,230.1876220703125,203.4199981689453,43.08210754394531,993.4378051757812,286.2890930175781,134.9835205078125,158.8838348388672,22.559999465942383,257.9925842285156,444.6903381347656,653.3841552734375,444.7643737792969,96.69853973388672,60.32279968261719,129.74815368652344,160.65814208984375,147.33102416992188,334.07000732421875,191.16903686523438,95.08500671386719,105.11052703857422
2025-05-14,211.490966796875,117.72000122070312,210.25,762.9313354492188,229.8905029296875,204.72000122070312,43.52967071533203,985.9896850585938,287.84344482421875,134.3386993408203,164.70018005371094,21.520000457763672,260.5724182128906,434.3909606933594,656.7007446289062,448.52734375,95.0923843383789,59.684661865234375,135.15060424804688,161.33135986328125,148.9275665283203,347.67999267578125,191.9278564453125,96.02713012695312,104.16947937011719
2025-05-15,210.6144256591797,114.98999786376953,205.1699981689453,752.4633178710938,230.40550231933594,206.24000549316406,43.179405212402344,1004.8136596679688,287.8632507324219,134.89816284179688,163.29591369628906,21.549999237060547,262.3870544433594,449.8255310058594,641.2831420898438,449.5392761230469,95.2220687866211,60.33246612548828,134.6413116455078,157.81663513183594,148.56739807128906,342.82000732421875,191.39569091796875,95.55111694335938,105.22579956054688
2025-05-16,210.42518615722656,117.16999816894531,205.58999633789062,742.2830810546875,226.41421508789062,205.82000732421875,43.481014251708984,1020.0877075195312,288.24932861328125,134.74644470214844,165.51686096191406,21.65999984741211,262.45574951171875,452.90081787109375,637.7574462890625,450.6702575683594,97.76598358154297,61.01894760131836,135.21051025390625,158.89581298828125,148.46029663085938,349.9800109863281,191.39569091796875,97.4254379272461,104.84785461425781
2025-05-19,207.9550018310547,114.73999786376953,206.16000366210938,743.3051147460938,228.4148406982422,205.25,43.55885314941406,1028.550048828125,284.764404296875,132.92283630371094,165.8654327392578,21.3799991607666,259.826904296875,457.4847106933594,637.8470458984375,455.2337646484375,98.41443634033203,60.023075103759766,135.38027954101562,158.0542449951172,149.62850952148438,342.0899963378906,190.6861572265625,97.30644226074219,103.18098449707031
2025-05-20,206.04258728027344,113.51000213623047,204.07000732421875,742.9380493164062,229.4547119140625,207.6699981689453,43.481014251708984,1031.01611328125,285.1901550292969,131.7518768310547,163.31581115722656,21.270000457763672,260.6116027832031,460.1538391113281,634.530517578125,454.53936767578125,97.8657455444336,60.4871711730957,134.1919403076172,158.71759033203125,149.74533081054688,343.82000732421875,190.63690185546875,96.98909759521484,101.70793151855469
2025-05-21,201.29141235351562,112.05999755859375,201.1199951171875,731.4380493164062,227.5234832763672,203.2100067138672,42.07997512817383,1019.5607299804688,279.4677734375,130.110595703125,167.87725830078125,20.690000534057617,256.06011962890625,454.7962646484375,632.9369506835938,448.98370361328125,95.61112976074219,57.99264907836914,131.6155548095703,155.61868286132812,147.30181884765625,334.6199951171875,188.97145080566406,95.63045501708984,100.4577865600586
2025-05-22,200.5643310546875,110.70999908447266,203.10000610351562,734.9407348632812,228.31578063964844,203.41000366210938,42.13835144042969,1012.4308471679688,280.59637451171875,129.85145568847656,170.1779022216797,20.549999237060547,255.69720458984375,454.9606628417969,634.0026245117188,451.2555847167969,94.60356140136719,59.28824996948242,132.64410400390625,155.74740600585938,143.46617126464844,341.0400085449219,193.33705139160156,95.13459777832031,99.78910064697266
2025-05-23,194.49839782714844,110.30999755859375,200.99000549316406,726.7944946289062,226.52316284179688,202.36000061035156,42.03132629394531,1002.854736328125,270.4089050292969,131.05120849609375,167.78762817382812,20.049999237060547,255.73643493652344,453.44232177734375,624.5309448242188,446.6126708984375,93.14704132080078,58.03132247924805,131.10626220703125,154.4207000732422,141.52891540527344,339.3399963378906,189.1882781982422,95.54119873046875,99.84724426269531
2025-05-27,199.4188690185547,114.55999755859375,206.02000427246094,750.9055786132812,233.3865966796875,201.02999877929688,43.02372741699219,1012.0926513671875,274.428466796875,132.2893524169922,172.19970703125,20.549999237060547,260.22906494140625,461.14996337890625,639.7294921875,457.0393371582031,96.14985656738281,60.74822235107422,135.31036376953125,160.3017120361328,144.6928253173828,362.8900146484375,194.8053741455078,96.77091979980469,100.32210540771484
2025-05-28,199.62802124023438,112.86000061035156,204.72000122070312,740.7055053710938,237.1302947998047,201.5,42.86806106567383,1007.4688110351562,273.280029296875,130.5521240234375,171.66188049316406,20.3700008392334,258.46337890625,454.50616455078125,640.984375,453.73577880859375,95.95032501220703,59.73300552368164,134.62132263183594,162.22244262695312,143.6901092529297,356.8999938964844,193.28778076171875,96.4337387084961,98.95567321777344
2025-05-29,199.15988159179688,113.02999877929688,205.6999969482422,741.2611694335938,239.6459197998047,208.17999267578125,43.04319381713867,1003.0933837890625,264.2607421875,132.3661346435547,171.16390991210938,20.25,259.3266296386719,458.0939636230469,642.4484252929688,455.0453186035156,96.56885528564453,59.404273986816406,138.99520874023438,161.28187561035156,144.41049194335938,358.42999267578125,194.2830810546875,96.2948989868164,99.51775360107422
2025-05-30,200.05633544921875,110.7300033569336,205.00999450683594,731.041259765625,239.74493408203125,207.32000732421875,42.93616485595703,1034.357421875,262.7261962890625,131.2047882080078,171.04440307617188,19.549999237060547,258.96368408203125,466.49786376953125,644.878662109375,456.7119445800781,94.23442840576172,58.58244323730469,134.94090270996094,163.88575744628906,141.35366821289062,346.4599914550781,190.5087890625,97.90147399902344,99.13980865478516
2025-06-02,200.90296936035156,114.62999725341797,206.64999389648438,740.725341796875,246.3211669921875,211.47000122070312,42.88751983642578,1050.9342041015625,259.0135498046875,132.2989501953125,168.34535217285156,19.739999771118164,259.611083984375,466.24468994140625,668.194091796875,458.3092346191406,97.945556640625,59.92557907104492,137.187744140625,164.91542053222656,142.7458038330078,342.69000244140625,192.00669860839844,98.94275665283203,99.86663055419922
2025-06-03,202.46678161621094,117.30999755859375,205.7100067138672,741.439697265625,254.3829803466797,213.42999267578125,43.442100524902344,1049.6812744140625,261.8351745605469,133.94020080566406,165.5069122314453,20.290000915527344,261.1903381347656,467.55926513671875,664.1605224609375,459.30133056640625,102.0058364868164,60.70421600341797,141.02236938476562,167.45989990234375,144.99459838867188,344.2699890136719,194.7364044189453,99.1510238647461,100.59346771240234
2025-06-04,202.01853942871094,118.58000183105469,207.22999572753906,737.0045166015625,258.57232666015625,211.97999572753906,43.159942626953125,1045.802978515625,260.5481262207031,131.8478546142578,167.36935424804688,20.25,259.1794738769531,469.5456848144531,685.1754760742188,460.19415283203125,103.00344848632812,61.09353256225586,141.7213897705078,166.43023681640625,145.1016845703125,332.04998779296875,199.4567413330078,98.52623748779297,99.13980865478516
2025-06-05,199.8372039794922,115.69000244140625,207.91000366210938,741.94580078125,257.43341064453125,209.02000427246094,43.179405212402344,1005.1517944335938,264.4786071777344,131.396728515625,167.5286865234375,19.989999771118164,256.95281982421875,465.4754333496094,681.8587646484375,463.9739685058594,106.03619384765625,60.99620056152344,139.79409790039062,169.4400177001953,144.51406860351562,284.70001220703125,200.38307189941406,97.14776611328125,98.684326171875
2025-06-06,203.11419677734375,116.19000244140625,213.57000732421875,747.1648559570312,244.55825805664062,210.8000030517578,44.01128005981445,1009.2587280273438,271.775146484375,134.57369995117188,172.9765167236328,20.059999465942383,260.66064453125,469.039306640625,694.8960571289062,466.652587890625,108.30076599121094,61.12273025512695,141.52166748046875,172.2914276123047,146.15939331054688,295.1400146484375,202.19631958007812,96.66182708740234,101.04894256591797
2025-06-09,200.65396118164062,121.7300033569336,216.97999572753906,764.2113037109375,241.9337158203125,217.50999450683594,43.91341018676758,1000.5477294921875,269.5376281738281,135.1015625,175.58908081054688,20.479999542236328,261.6513977050781,468.201904296875,691.2606811523438,469.0038146972656,110.68505859375,60.256500244140625,142.430419921875,175.3903350830078,152.20204162597656,308.5799865722656,203.98985290527344,96.64199829101562,101.7273178100586
2025-06-10,201.86915588378906,123.23999786376953,217.61000061035156,778.8663940429688,242.28036499023438,215.72999572753906,44.12872314453125,1001.6316528320312,265.5478210449219,137.58746337890625,178.09194946289062,22.079999923706055,263.4759216308594,464.3751220703125,699.567138671875,467.1883239746094,113.86744689941406,62.16415023803711,143.758544921875,175.717041015625,155.84524536132812,326.0899963378906,209.37045288085938,96.5130615234375,103.90782165527344
2025-06-11,197.99452209472656,121.13999938964844,213.1999969482422,777.9932861328125,250.4808349609375,214,43.776397705078125,991.2003784179688,263.2608337402344,138.9599609375,176.8455047607422,20.68000030517578,263.0345153808594,444.6082458496094,691.3403930664062,468.87481689453125,115.7529296875,61.42445373535156,142.6400146484375,174.62799072265625,156.18801879882812,326.42999267578125,210.98663330078125,95.00568389892578,105.9332504272461
2025-06-12,198.41285705566406,118.5,213.24000549316406,780.0968017578125,253.61048889160156,203.75,43.668739318847656,997.09716796875,264.2508544921875,139.142333984375,175.2001953125,20.770000457763672,263.1227722167969,456.94549560546875,690.5635986328125,475.0752868652344,115.90258026123047,61.12273025512695,144.80712890625,197.874755859375,155.42410278320312,319.1099853515625,213.07351684570312,94.0437240600586,106.34027099609375
2025-06-13,195.6737060546875,116.16000366210938,212.10000610351562,755.082763671875,246.31126403808594,200.32000732421875,43.15003967285156,984.6671142578125,255.82566833496094,140.04454040527344,174.17312622070312,20.139999389648438,259.89556884765625,473.67431640625,680.1159057617188,471.1962585449219,115.32394409179688,58.913352966308594,141.78115844726562,213.08218383789062,151.52627563476562,325.30999755859375,208.7908935546875,93.6569595336914,108.65644836425781
2025-06-16,197.6359405517578,126.38999938964844,216.10000610351562,769.2021484375,249.67860412597656,201.6999969482422,43.463218688964844,978.849853515625,261.25103759765625,140.1597137451172,176.26715087890625,20.739999771118164,265.2023010253906,454.7935485839844,699.8262939453125,475.3431701660156,119.55381774902344,60.246768951416016,144.49752807617188,209.0030975341797,153.63189697265625,329.1300048828125,213.32078552246094,93.5082015991211,109.00532531738281
2025-06-17,194.86691284179688,127.0999984741211,214.82000732421875,753.9517211914062,246.9748077392578,200.25999450683594,43.28705596923828,972.2470092773438,260.1422119140625,142.86636352539062,175.449462890625,20.799999237060547,264.37835693359375,466.75103759765625,694.9522094726562,474.25189208984375,120.0526351928711,58.39751434326172,143.92828369140625,206.11209106445312,151.2716522216797,316.3500061035156,211.5602569580078,93.46852111816406,110.47836303710938
2025-06-18,195.80320739746094,126.79000091552734,212.52000427246094,755.7178955078125,248.84666442871094,197.67999267578125,44.099365234375,969.44287109375,257.32208251953125,142.23289489746094,172.8269805908203,21.489999771118164,268.733642578125,456.2931213378906,693.4970703125,476.4344482421875,121.52909851074219,57.92060089111328,145.28648376464844,208.77536010742188,150.4587860107422,322.04998779296875,211.1646270751953,94.30155181884766,109.69338989257812
2025-06-20,200.2057342529297,128.24000549316406,209.69000244140625,750.6475830078125,248.17164611816406,198.75,44.52998352050781,974.8026733398438,258.4425964355469,143.53822326660156,166.16595458984375,21.079999923706055,269.75384521484375,458.2016296386719,680.120849609375,473.6169738769531,123.30484771728516,58.19312286376953,143.6586456298828,203.13198852539062,148.1964569091797,322.1600036621094,207.21827697753906,95.3230209350586,111.15674591064453
2025-06-23,200.70376586914062,129.5800018310547,208.47000122070312,773.6572265625,251.92413330078125,201.30999755859375,45.31292724609375,998.857177734375,261.19927978515625,140.95635986328125,164.72007751464844,21.190000534057617,272.96142578125,460.0516662597656,696.2481079101562,482.1487731933594,121.78848266601562,59.156681060791016,143.9782257080078,204.98341369628906,149.97889709472656,348.67999267578125,208.01943969726562,97.05850982666016,108.2881851196289
2025-06-24,199.5084991455078,138.42999267578125,212.77000427246094,807.0357055664062,261.8514099121094,200.94000244140625,45.66525650024414,996.3115234375,268.8941345214844,137.77940368652344,166.2956085205078,22.549999237060547,275.8943786621094,448.1137390136719,709.8734130859375,486.2262268066406,127.60456085205078,59.77958679199219,147.70326232910156,213.1316680908203,152.495849609375,340.4700012207031,217.6825408935547,97.18743896484375,104.99321746826172
2025-06-25,200.76351928710938,143.39999389648438,211.99000549316406,808.9010620117188,262.7249755859375,198.89999389648438,45.8511962890625,981.0177001953125,265.51275634765625,137.4722900390625,170.19447326660156,22.200000762939453,278.6409606933594,446.3512878417969,706.3648681640625,488.3691101074219,126.9461441040039,59.205345153808594,154.10475158691406,208.62686157226562,152.71128845214844,327.54998779296875,220.30355834960938,96.45356750488281,105.02229309082031
2025-06-26,200.2057342529297,143.67999267578125,217.1199951171875,791.8844604492188,268.204833984375,202.5800018310547,46.44819641113281,977.407958984375,268.46771240234375,138.63365173339844,173.0463409423828,22.5,283.24151611328125,445.8741149902344,723.718017578125,493.5080871582031,125.6991195678711,60.86967086791992,154.8137969970703,210.70602416992188,154.92465209960938,325.7799987792969,221.55966186523438,95.22383880615234,106.59224700927734
2025-06-27,200.28541564941406,143.80999755859375,223.3000030517578,789.7611083984375,267.39080810546875,214.5500030517578,46.11544418334961,979.6255493164062,271.12530517578125,138.009765625,178.0221405029297,22.690000534057617,281.6328125,446.5459899902344,731.2333374023438,492.0100402832031,124.46208953857422,70.11595153808594,157.5401611328125,208.15164184570312,155.26742553710938,323.6300048828125,226.06979370117188,96.46349334716797,106.00109100341797
2025-06-30,204.3592529296875,141.89999389648438,219.38999938964844,795.1587524414062,273.6449890136719,209.52999877929688,46.311187744140625,984.398681640625,270.4013671875,137.4338836669922,175.72869873046875,22.399999618530273,284.37939453125,450.97650146484375,735.6788940429688,493.4684143066406,122.9556884765625,69.14264678955078,157.7798614501953,216.4582977294922,155.97254943847656,317.6600036621094,224.01255798339844,96.9692611694336,104.46990203857422
2025-07-01,206.99879455566406,136.11000061035156,220.4600067138672,784.3236083984375,262.8143310546875,209.7899932861328,47.12348556518555,980.4409790039062,269.6279296875,139.7182159423828,175.3397979736328,22.850000381469727,284.869873046875,453.7029724121094,716.8704223632812,488.1508483886719,120.601318359375,71.44935607910156,153.0961151123047,216.7850341796875,156.1096649169922,300.7099914550781,222.2223358154297,97.4254379272461,105.86540222167969
2025-07-02,211.60055541992188,138.52000427246094,219.9199981689453,793.372802734375,267.9367980957031,212.02999877929688,47.671546936035156,976.861083984375,266.9505920410156,142.0313262939453,178.13182067871094,21.8799991607666,286.4295349121094,450.4019775390625,711.2388916015625,487.198486328125,121.44929504394531,74.34976196289062,157.04083251953125,227.69554138183594,158.9694061279297,315.6499938964844,231.04478454589844,96.80066680908203,107.6195068359375
2025-07-03,212.70614624023438,137.91000366210938,223.41000366210938,788.3223876953125,273.1783752441406,215.9199981689453,47.88685607910156,981.4950561523438,269.86590576171875,142.4056396484375,179.01930236816406,22.489999771118164,291.75201416015625,450.3727722167969,716.6611938476562,494.8870849609375,121.99797821044922,74.34976196289062,159.12806701660156,234.96266174316406,158.86167907714844,315.3500061035156,232.2316436767578,97.54444885253906,108.73396301269531
2025-07-07,209.120361328125,134.8000030517578,223.47000122070312,778.985595703125,272.1856994628906,218.6300048828125,47.62261199951172,986.6260986328125,267.53564453125,141.47463989257812,176.28709411621094,22,287.77984619140625,456.74102783203125,716.0032958984375,493.77593994140625,119.74624633789062,74.48603057861328,158.02952575683594,229.95289611816406,154.8267059326172,293.94000244140625,226.66323852539062,98.52623748779297,107.67764282226562
2025-07-08,209.18014526367188,137.82000732421875,219.36000061035156,787.9254150390625,269.82293701171875,218.52000427246094,46.144805908203125,980.3215942382812,271.3533020019531,147.0798797607422,173.864013671875,23.59000015258789,278.72174072265625,450.84991455078125,718.3156127929688,492.68463134765625,124.2397232055664,71.94573974609375,159.78717041015625,232.170654296875,156.15863037109375,297.80999755859375,225.36756896972656,96.28498077392578,110.66249084472656
2025-07-09,210.3056640625,138.41000366210938,222.5399932861328,793.6109619140625,275.8786315917969,226.60000610351562,45.8414192199707,976.5925903320312,268.646240234375,146.8687286376953,176.11756896972656,23.440000534057617,279.0962829589844,450.8985595703125,730.3861694335938,499.5200500488281,122.0628890991211,71.59534454345703,162.66336059570312,233.4676513671875,156.06069946289062,295.8800048828125,229.30401611328125,96.00729370117188,110.28456115722656
2025-07-10,211.5706787109375,144.16000366210938,222.25999450683594,795.8533325195312,273.39678955078125,226.08999633789062,45.9686393737793,964.7393188476562,261.75457763671875,147.97250366210938,177.11471557617188,23.81999969482422,284.05413818359375,452.11578369140625,724.8641967773438,497.5061340332031,122.93162536621094,72.62704467773438,163.88174438476562,233.1600799560547,155.80606079101562,309.8699951171875,227.24676513671875,94.07347106933594,111.379638671875
2025-07-11,210.3256072998047,146.4199981689453,225.02000427246094,795.694580078125,272.38421630859375,226.83999633789062,45.73375701904297,964.8983764648438,255.90408325195312,149.06666564941406,179.67742919921875,23.43000030517578,282.7431640625,455.23175048828125,715.1660766601562,499.3315734863281,124.34957122802734,70.690185546875,164.7006378173828,228.7548370361328,154.20973205566406,313.510009765625,227.8797607421875,93.6172866821289,111.86419677734375
2025-07-14,207.79563903808594,146.24000549316406,225.69000244140625,800.457275390625,273.5953369140625,230.50999450683594,46.06650924682617,975.419189453125,257.50054931640625,145.55380249023438,181.04351806640625,23.299999237060547,284.55682373046875,461.1325988769531,718.5648803710938,499.033935546875,118.43814849853516,70.32034301757812,163.85177612304688,227.48486328125,151.1051483154297,316.8999938964844,226.168701171875,94.98583984375,110.40084075927734
2025-07-15,208.28369140625,155.61000061035156,226.35000610351562,816.6205444335938,278.896484375,230,45.1661262512207,962.26318359375,255.41819763183594,144.63238525390625,181.48226928710938,22.920000076293945,282.4376525878906,457.7731628417969,708.0693359375,501.811767578125,119.93596649169922,70.06727600097656,170.47293090820312,233.1204071044922,151.1149444580078,310.7799987792969,234.35812377929688,94.59907531738281,109.42204284667969
2025-07-16,209.3295440673828,160.0800018310547,223.19000244140625,748.583740234375,278.76739501953125,229.89999389648438,45.048683166503906,946.0445556640625,255.78512573242188,143.89334106445312,182.44952392578125,22.690000534057617,281.7181396484375,459.0877380371094,700.6136474609375,501.6133117675781,116.26130676269531,70.1743392944336,171.14205932617188,239.41075134277344,150.88967895507812,321.6700134277344,234.96144104003906,94.3610610961914,108.76304626464844
2025-07-17,209.1901092529297,160.41000366210938,223.8800048828125,739.1178588867188,284.36639404296875,231,46.017578125,948.5703125,257.69891357421875,145.29466247558594,183.0577850341797,22.799999237060547,285.73956298828125,456.8773193359375,699.1185913085938,507.6451721191406,113.09589385986328,71.03084564208984,172.7698974609375,246.8024139404297,149.4598388671875,319.4100036621094,242.91351318359375,94.30155181884766,108.21065521240234
2025-07-18,210.34552001953125,156.99000549316406,226.1300048828125,728.8682861328125,281.279052734375,229.33999633789062,46.311187744140625,945.6268920898438,260.17791748046875,144.0084991455078,184.53355407714844,23.100000381469727,287.08990478515625,451.77496337890625,701.979248046875,506.00823974609375,114.22425842285156,70.53446197509766,172.18067932128906,243.52825927734375,151.60462951660156,329.6499938964844,237.7703857421875,94.26190185546875,104.4408187866211
2025-07-21,211.64036560058594,157,229.3000030517578,714.0841064453125,286.1136169433594,229.32000732421875,46.467769622802734,942.2559204101562,260.0787658691406,143.66297912597656,189.55923461914062,23.260000228881836,286.7942199707031,448.4350280761719,710.6408081054688,506.01812744140625,113.06594848632812,72.04306030273438,171.1520538330078,241.63320922851562,155.6885528564453,328.489990234375,236.23736572265625,94.87674713134766,104.71217346191406
2025-07-22,213.5528106689453,154.72000122070312,227.47000122070312,699.9945068359375,276.5635986328125,228.47999572753906,46.751590728759766,936.339111328125,261.3777770996094,144.0084991455078,190.79571533203125,23.239999771118164,287.2475891113281,399.95269775390625,702.5074462890625,501.2660827636719,109.06175231933594,73.37648010253906,166.80783081054688,236.2457275390625,154.72877502441406,332.1099853515625,232.03384399414062,95.05525207519531,105.1870346069336
2025-07-23,213.30377197265625,158.64999389648438,228.2899932861328,711.35546875,281.62652587890625,233.8800048828125,47.11369705200195,935.9215698242188,264.977294921875,146.96470642089844,189.6888427734375,23.489999771118164,292.5011291503906,408.3755187988281,711.2489013671875,501.8613586425781,109.6708755493164,74.70014953613281,170.55284118652344,240.0060577392578,156.57977294921875,332.55999755859375,237.70115661621094,94.88667297363281,106.53409576416016
2025-07-24,212.91531372070312,162.1199951171875,232.22999572753906,719.4420776367188,286.6099853515625,231.27000427246094,47.358367919921875,928.5728149414062,265.4532775878906,149.56576538085938,191.6233367919922,22.6299991607666,292.2940979003906,409.5050354003906,712.4649047851562,506.8316345214844,111.568115234375,73.40567016601562,173.5089111328125,240.92877197265625,155.5612335205078,305.29998779296875,238.957275390625,95.79903411865234,107.3675308227539
2025-07-25,213.03485107421875,166.47000122070312,231.44000244140625,705.7196655273438,288.06927490234375,233.05999755859375,47.417091369628906,930.2434692382812,266.8514099121094,148.61557006835938,192.63046264648438,20.700000762939453,294.33441162109375,410.1087646484375,710.3517456054688,509.6392822265625,111.09879302978516,74.23297119140625,173.26922607421875,243.20083618164062,155.13031005859375,316.05999755859375,242.91351318359375,96.66182708740234,106.98957824707031
2025-07-28,213.2041778564453,173.66000366210938,232.7899932861328,724.3139038085938,292.1593017578125,236.41000366210938,47.201778411865234,928.7618408203125,267.98187255859375,149.9976806640625,192.0321807861328,20.68000030517578,293.9992980957031,410.2742614746094,715.28564453125,508.4388122558594,111.08881378173828,77.12364959716797,176.51490783691406,245.77056884765625,157.72561645507812,325.5899963378906,240.0946807861328,96.80066680908203,107.9974594116211
2025-07-29,210.43515014648438,177.44000244140625,231.00999450683594,714.711669921875,295.2566833496094,226.0800018310547,46.92774963378906,929.338623046875,265.1459045410156,150.717529296875,195.1931610107422,20.40999984741211,292.7771301269531,409.0960693359375,697.7131958007812,508.5082702636719,111.79778289794922,76.23795318603516,175.2765350341797,248.0227813720703,158.73435974121094,321.20001220703125,238.6902313232422,97.51470184326172,109.39295959472656
2025-07-30,208.2239227294922,179.50999450683594,230.19000244140625,717.6561279296875,300.4187927246094,225.83999633789062,46.937538146972656,922.318115234375,262.5875244140625,147.3870086669922,195.970947265625,20.34000015258789,295.3299255371094,407.6841125488281,692.9389038085938,509.1729431152344,114.5737533569336,74.63201904296875,179.03155517578125,248.637939453125,155.77670288085938,319.0400085449219,240.2529296875,96.78083038330078,108.44324493408203
2025-07-31,206.74978637695312,176.30999755859375,234.11000061035156,691.0567626953125,291.5636901855469,221.83999633789062,46.26224899291992,934.3802490234375,256.161865234375,145.54420471191406,191.35411071777344,19.799999237060547,291.9885559082031,409.92376708984375,770.913330078125,529.2723999023438,108.98186492919922,72.69518280029297,177.63340759277344,251.7831268310547,143.73057556152344,308.2699890136719,238.97703552246094,97.1676025390625,108.19126892089844
2025-08-01,201.58029174804688,171.6999969482422,214.75,686.1924438476562,286.5404968261719,221.89999389648438,44.68657302856445,948.5003662109375,248.6356201171875,145.3138427734375,188.5919952392578,19.309999465942383,285.2171936035156,409.9529724121094,747.5598754882812,519.9568481445312,104.72804260253906,72.62704467773438,173.4889373779297,242.50633239746094,145.1310577392578,302.6300048828125,232.63717651367188,97.67337036132812,106.25305938720703
2025-08-04,202.54647827148438,176.77999877929688,211.64999389648438,695.6822509765625,295.554443359375,222.33999633789062,44.87251663208008,951.3383178710938,250.2023468017578,144.9683074951172,194.4851531982422,19.5,290.0369873046875,412.57232666015625,773.833740234375,531.3954467773438,107.61384582519531,72.82170104980469,179.7605743408203,250.55282592773438,144.46510314941406,309.260009765625,236.3856964111328,98.76425170898438,104.05318450927734
2025-08-05,202.11814880371094,174.30999755859375,213.75,686.0034790039062,290.79925537109375,224.86000061035156,44.588706970214844,939.6478881835938,245.4128875732422,146.88792419433594,194.11622619628906,20.190000534057617,287.1884460449219,416.9930725097656,760.9659423828125,523.5679321289062,108.90198516845703,72.39344787597656,178.0229034423828,253.66822814941406,143.68162536621094,308.7200012207031,229.92713928222656,98.486572265625,103.92719268798828
2025-08-06,212.40733337402344,163.1199951171875,222.30999755859375,687.3264770507812,299.4757080078125,225.0399932861328,44.45168685913086,964.47265625,247.07876586914062,146.6383819580078,195.5321807861328,20.40999984741211,287.16876220703125,423.4294738769531,769.4680786132812,520.7802734375,108.62239074707031,73.46407318115234,179.18133544921875,254.42227172851562,142.82957458496094,319.9100036621094,228.8391571044922,102.50299835205078,103.2197494506836
2025-08-07,219.16053771972656,172.39999389648438,223.1300048828125,709.3699340820312,301.5505065917969,227.3300018310547,43.962345123291016,973.3251342773438,238.8583526611328,147.0030975341797,195.96096801757812,19.770000457763672,282.8220520019531,419.4371643066406,759.3411865234375,516.7127685546875,111.70791625976562,72.3642578125,180.52955627441406,247.43739318847656,142.88832092285156,322.2699890136719,239.96609497070312,102.26498413085938,102.67704772949219
2025-08-08,228.4437255859375,172.75999450683594,222.69000244140625,718.521484375,302.751708984375,229.1199951171875,45.02910614013672,976.8402099609375,238.491455078125,148.7787322998047,200.84701538085938,19.950000762939453,284.6159362792969,414.4516296386719,766.786865234375,517.9032592773438,118.71774291992188,72.20853424072266,182.4569854736328,248.09225463867188,144.51406860351562,329.6499938964844,239.1847381591797,102.86992645263672,103.50079345703125
2025-08-11,226.53909301757812,172.27999877929688,221.3000030517578,717.516845703125,301.6894836425781,225.9600067138672,45.17591094970703,984.5674438476562,230.7271728515625,147.28143310546875,200.42822265625,20.649999618530273,285.4044189453125,415.0650939941406,763.3680419921875,517.6353759765625,123.54074096679688,72.04306030273438,181.81784057617188,250.70164489746094,144.9156036376953,339.0299987792969,239.44190979003906,103.06826782226562,102.56075286865234
2025-08-12,229.00210571289062,174.9499969482422,221.47000122070312,737.88916015625,310.55450439453125,232.61000061035156,46.48734664916992,987.06689453125,229.7157440185547,148.23165893554688,202.76156616210938,21.809999465942383,288.6472473144531,420.22589111328125,787.419189453125,525.046142578125,127.56490325927734,72.89956665039062,182.9163818359375,251.87240600585938,150.55670166015625,340.8399963378906,241.61782836914062,102.7608413696289,102.85147857666016
2025-08-13,232.6717529296875,184.4199981689453,224.55999755859375,751.5967407226562,306.8417053222656,233.3699951171875,46.23289108276367,974.71923828125,235.04066467285156,149.60415649414062,201.385498046875,22.219999313354492,286.36053466796875,430.94671630859375,777.5316772460938,516.454833984375,124.0899429321289,75.13813018798828,181.3484649658203,242.26820373535156,153.357666015625,339.3800048828125,238.7990264892578,100.15263366699219,104.27607727050781
2025-08-14,232.12330627441406,180.9499969482422,230.97999572753906,751.2385864257812,308.9661865234375,233.19000244140625,46.692867279052734,971.2738647460938,231.41136169433594,148.92271423339844,202.36270141601562,23.860000610351562,289.93841552734375,425.8345947265625,779.5748901367188,518.3396606445312,125.10845947265625,74.34976196289062,181.77789306640625,243.04209899902344,154.8267059326172,335.5799865722656,238.36383056640625,100.01380157470703,104.06287384033203
2025-08-15,230.93666076660156,177.50999450683594,231.02999877929688,738.2572021484375,304.11175537109375,235.25999450683594,45.93928146362305,967.9379272460938,240.4052734375,150.2568359375,203.31996154785156,24.559999465942383,286.32110595703125,426.06829833984375,782.664794921875,516.0480346679688,120.69487762451172,74.9142837524414,180.20997619628906,246.33609008789062,154.5916748046875,330.55999755859375,236.2670135498047,99.40248107910156,104.16068267822266
2025-08-18,230.23863220214844,176.13999938964844,231.49000549316406,743.6188354492188,303.5359802246094,232.41000366210938,46.89839172363281,975.2171020507812,241.9224395751953,149.07627868652344,202.9210968017578,23.65999984741211,287.34619140625,429.06744384765625,764.8631591796875,513.0023193359375,123.37098693847656,75.36198425292969,181.76788330078125,247.1199188232422,155.61997985839844,335.1600036621094,238.7693328857422,100.0982894897461,104.38565826416016
2025-08-19,229.90957641601562,166.5500030517578,228.00999450683594,739.6995849609375,292.764892578125,225,47.05497741699219,976.7107543945312,243.9353790283203,147.51377868652344,200.99661254882812,25.309999465942383,286.4886779785156,429.5153503417969,749.0250244140625,505.7304382324219,121.8731689453125,74.82667541503906,175.4063720703125,232.7830352783203,153.0247039794922,329.30999755859375,230.15460205078125,100.68476867675781,105.07034301757812
2025-08-20,225.3723907470703,165.1999969482422,223.80999755859375,745.5486450195312,289.0520935058594,225.6199951171875,47.319217681884766,990.3729248046875,244.38160705566406,148.69778442382812,198.7530059814453,23.540000915527344,288.0459899902344,434.2866516113281,745.27734375,501.7125549316406,117.04017639160156,74.2232437133789,175.1667022705078,233.2196044921875,152.23141479492188,323.8999938964844,226.09945678710938,101.95712280273438,106.15605926513672
2025-08-21,224.26551818847656,163.7100067138672,221.9499969482422,731.5327758789062,287.4934997558594,224.4600067138672,47.231136322021484,965.5879516601562,243.76681518554688,150.9590301513672,199.18177795410156,23.5,287.28704833984375,435.45513916015625,736.6854248046875,501.06658935546875,115.62223815917969,74.14537811279297,174.74725341796875,231.33448791503906,150.94845581054688,320.1099853515625,224.84336853027344,97.37467193603516,106.84075164794922
2025-08-22,227.11744689941406,167.75999450683594,228.83999633789062,750.9202270507812,291.8614807128906,230.1199951171875,48.42512893676758,954.4949340820312,246.20614624023438,153.51138305664062,205.5037384033203,24.799999237060547,291.9885559082031,434.4814147949219,752.32421875,504.037841796875,117.5094985961914,76.28662109375,177.7532501220703,234.51934814453125,154.74835205078125,340.010009765625,230.44143676757812,96.25141906738281,108.84590148925781
2025-08-25,226.5191650390625,163.36000061035156,227.94000244140625,750.4925537109375,292.0898132324219,226.8699951171875,48.42512893676758,937.6065673828125,245.78968811035156,153.53079223632812,207.89691162109375,24.549999237060547,290.6678161621094,435.9614562988281,750.839111328125,501.0865173339844,116.25131225585938,77.0555191040039,179.57083129882812,233.56686401367188,153.19117736816406,346.6000061035156,233.01300048828125,95.49596405029297,109.29583740234375
2025-08-26,228.6630859375,166.6199951171875,228.7100067138672,759.1866455078125,295.8423156738281,234.8300018310547,49.17871856689453,937.3675537109375,241.69436645507812,152.71559143066406,206.55076599121094,24.350000381469727,294.28515625,443.4981994628906,751.636474609375,498.8804931640625,116.3311996459961,76.54940032958984,181.52822875976562,232.37628173828125,155.88441467285156,351.6700134277344,236.10874938964844,95.47608184814453,109.05130767822266
2025-08-27,229.8397674560547,167.1300048828125,229.1199951171875,765.9508056640625,298.0660400390625,235.6199951171875,49.30594253540039,945.5130615234375,248.0604705810547,154.5401153564453,206.88978576660156,24.850000381469727,294.9849548339844,442.5342102050781,744.9384765625,503.5508728027344,117.57939147949219,75.97515869140625,181.35845947265625,233.96372985839844,156.47203063964844,349.6000061035156,236.67251586914062,95.50589752197266,110.28376007080078
2025-08-28,231.90391540527344,168.5800018310547,231.60000610351562,759.4451904296875,306.4049072265625,236.16000366210938,49.41360092163086,940.9722290039062,252.39378356933594,154.6177520751953,211.03794860839844,24.93000030517578,296.7492980957031,444.19927978515625,748.65625,506.4326477050781,121.82322692871094,75.83891296386719,179.93035888671875,238.43841552734375,157.48077392578125,345.9800109863281,235.6636962890625,95.53572082519531,110.87063598632812
2025-08-29,231.485107421875,162.6300048828125,229,738.71484375,295.22686767578125,234.67999267578125,49.65827178955078,939.3391723632812,254.09934997558594,155.85997009277344,212.3043670654297,24.350000381469727,297.09423828125,443.66375732421875,736.286865234375,503.501220703125,118.83756256103516,75.30359649658203,173.9483184814453,224.35952758789062,157.41221618652344,333.8699951171875,228.34461975097656,96.40052795410156,111.7900619506836
2025-09-02,229.07192993164062,162.32000732421875,225.33999633789062,722.032958984375,296.0706787109375,237.3800048828125,49.3450927734375,934.858154296875,250.73780822753906,157.0536651611328,210.74879455566406,24.209999084472656,295.39892578125,443.8304748535156,732.70849609375,501.9410705566406,118.30833435058594,72.6816177368164,170.55284118652344,223.53602600097656,155.50247192382812,329.3599853515625,225.89173889160156,97.26531982421875,112.18132019042969
2025-09-03,237.79725646972656,162.1300048828125,225.99000549316406,732.9453735351562,300.19049072265625,232.3800048828125,48.992767333984375,945.77197265625,254.29769897460938,153.3949432373047,230.00384521484375,24,295.211669921875,440.4563903808594,734.6421508789062,502.1696472167969,118.54798889160156,73.12186431884766,170.39306640625,221.70050048828125,154.03343200683594,334.0899963378906,228.85894775390625,98.8458251953125,109.46212768554688
2025-09-04,239.1035614013672,161.7899932861328,235.67999267578125,749.468017578125,303.8735046386719,230.75,49.540828704833984,951.8660888671875,241.96206665039062,153.03585815429688,231.63919067382812,24.610000610351562,299.4598083496094,448.0971374511719,746.204345703125,504.7731628417969,124.030029296875,73.71866607666016,171.4316864013672,221.2540283203125,157.30340576171875,338.5299987792969,232.63717651367188,100.32691192626953,109.94140625
2025-09-05,239.0137939453125,151.13999938964844,232.3300018310547,777.5892944335938,332.4540710449219,229.61000061035156,48.97987747192383,959.4141235351562,248.65541076660156,149.1248016357422,234.33151245117188,24.489999771118164,290.1552734375,455.0120544433594,749.9918823242188,491.8847961425781,131.17965698242188,72.30984497070312,166.7978515625,230.97731018066406,157.4314422607422,350.8399963378906,240.7474822998047,99.90943145751953,106.84075164794922
2025-09-08,237.2089080810547,151.41000366210938,235.83999633789062,792.062744140625,343.13580322265625,230.9499969482422,48.67479705810547,967.7487182617188,250.15277099609375,149.4547576904297,233.5829620361328,24.479999542236328,288.70635986328125,450.3138122558594,749.8423461914062,495.06463623046875,131.26954650878906,72.5446548461914,168.0861358642578,236.61282348632812,157.82542419433594,346.3999938964844,244.4861297607422,101.6688461303711,107.44718170166016
2025-09-09,233.68887329101562,155.82000732421875,238.24000549316406,800.8960571289062,334.2211608886719,229.52000427246094,49.49162292480469,975.1175537109375,249.94451904296875,150.27967834472656,239.1620635986328,24.440000534057617,293.5754699707031,448.3031311035156,763.1986083984375,495.2733459472656,135.0440673828125,72.00656127929688,170.53286743164062,239.61911010742188,156.2692108154297,346.9700012207031,248.17532348632812,101.67879486083984,108.22969055175781
2025-09-10,226.15020751953125,159.5399932861328,230.3300018310547,788.9691772460938,366.8818359375,227.52000427246094,49.334163665771484,952.2543334960938,240.5341796875,153.1328887939453,238.70294189453125,24.770000457763672,296.22686767578125,454.9826354980469,749.5234375,497.2209777832031,139.7971649169922,72.6424789428711,177.09413146972656,325.75933837890625,156.55484008789062,347.7900085449219,257.5911865234375,99.81002807617188,110.03923034667969
2025-09-11,229.3810577392578,155.6699981689453,229.9499969482422,799.93115234375,357.01416015625,219.99000549316406,49.94431686401367,960.2505493164062,244.21304321289062,153.57933044433594,239.90060424804688,24.610000610351562,301.1748352050781,461.7112121582031,748.4469604492188,497.8569641113281,150.35183715820312,72.72074890136719,176.94432067871094,305.4495849609375,159.07627868652344,368.80999755859375,256.0779113769531,102.0366439819336,109.68710327148438
2025-09-12,233.40966796875,158.57000732421875,228.14999389648438,809.590087890625,357.25238037109375,215.94000244140625,49.77701950073242,963.8154296875,240.7225799560547,152.4729766845703,240.32977294921875,24.079999923706055,302.5054626464844,462.28009033203125,753.1216430664062,506.6910095214844,157.00218200683594,71.41954040527344,177.59349060058594,289.89239501953125,159.39146423339844,395.94000244140625,256.4933166503906,102.87162017822266,109.70665740966797
2025-09-15,236.03224182128906,161.16000366210938,231.42999267578125,862.7391357421875,361.4416809082031,215.75,49.786861419677734,956.04833984375,240.48460388183594,152.6670684814453,251.11865234375,24.770000457763672,304.4668884277344,464.18292236328125,762.2018432617188,512.1166381835938,157.54141235351562,71.44889831542969,177.52357482910156,299.7744445800781,158.7906494140625,410.0400085449219,258.52093505859375,103.07042694091797,109.89250183105469
2025-09-16,237.4781494140625,160.4600067138672,234.0500030517578,873.8006591796875,357.38140869140625,215.02000427246094,49.855751037597656,948.0523071289062,237.30152893066406,154.8312225341797,250.66952514648438,25.270000457763672,304.75274658203125,465.232421875,776.4551391601562,505.83642578125,158.5898895263672,71.17495727539062,174.65724182128906,304.24908447265625,161.66664123535156,421.6199951171875,260.0111389160156,102.80204772949219,112.17153930664062
2025-09-17,238.3157958984375,159.16000366210938,231.6199951171875,867.6830444335938,343.6520080566406,214.6300048828125,50.58400344848633,958.9660034179688,240.5954132080078,155.36500549316406,249.04270935058594,24.899999618530273,307.2760009765625,464.055419921875,773.1858520507812,506.81024169921875,159.75819396972656,70.7444839477539,170.07308959960938,299.0501403808594,162.769775390625,425.8599853515625,260.7354431152344,103.64695739746094,112.76820373535156
2025-09-18,237.2089080810547,157.9199981689453,231.22999572753906,922.9209594726562,342.8380126953125,215.66000366210938,51.30241394042969,948.3410034179688,242.65162658691406,154.15191650390625,251.53782653808594,30.56999969482422,308.7347717285156,464.5458068847656,777.7011108398438,505.2501525878906,168.64529418945312,70.53902435302734,176.01551818847656,294.297607421875,165.59652709960938,416.8500061035156,266.53973388671875,102.98097229003906,111.43794250488281
2025-09-19,244.80740356445312,157.38999938964844,231.47999572753906,927.2481689453125,342.43096923828125,215.64999389648438,51.42050552368164,947.1460571289062,245.44288635253906,151.5995330810547,254.2225799560547,29.579999923706055,310.26251220703125,463.87884521484375,775.837158203125,514.67041015625,162.49423217773438,69.355224609375,176.4449462890625,306.2433776855469,164.3358154296875,426.07000732421875,262.7991943359375,101.71855926513672,110.35221862792969
2025-09-22,255.35755920410156,159.7899932861328,227.6300048828125,952.76318359375,336.9019470214844,212.08999633789062,51.09574508666992,939.2794189453125,248.02554321289062,151.4442596435547,252.036865234375,28.760000228881836,307.9560852050781,471.1861572265625,763.1751098632812,511.21234130859375,164.38148498535156,69.73677825927734,183.37612915039062,325.58074951171875,167.16256713867188,434.2099914550781,270.49853515625,102.20562744140625,109.56971740722656
2025-09-23,253.71221923828125,160.89999389648438,220.7100067138672,958.4432373046875,337.0511169433594,216.33999633789062,50.87923812866211,939.6179809570312,242.9297637939453,152.7738037109375,251.16856384277344,29.34000015258789,308.25177001953125,477.3458251953125,753.4404296875,506.0252685546875,166.1688995361328,69.39435577392578,178.2027130126953,311.37286376953125,166.97543334960938,425.8500061035156,280.49969482421875,101.90740966796875,111.45750427246094
2025-09-24,251.59820556640625,160.8800048828125,220.2100067138672,941.9603881835938,337.4190673828125,215.10000610351562,50.87923812866211,941.2809448242188,244.2509002685547,154.4818572998047,246.65736389160156,31.219999313354492,308.92205810546875,476.9338684082031,758.686767578125,506.9394226074219,161.4757080078125,69.6780776977539,176.74456787109375,306.044921875,170.93484497070312,442.7900085449219,278.5153503417969,102.11616516113281,112.05416107177734
2025-09-25,256.1453552246094,161.27000427246094,218.14999389648438,944.5565795898438,334.2269287109375,213.52999877929688,51.026851654052734,939.3292236328125,239.34381103515625,155.97640991210938,245.3100128173828,33.9900016784668,308.9516296386719,475.0604553222656,746.9672241210938,503.8390808105469,156.602783203125,67.74095153808594,177.4636688232422,289.04901123046875,167.12315368652344,423.3900146484375,274.49700927734375,102.43425750732422,113.06163024902344
2025-09-26,254.73931884765625,159.4600067138672,219.77999877929688,946.5162353515625,332.6656799316406,221.25999450683594,51.381141662597656,912.084716796875,241.8072967529297,155.4329376220703,246.0585479736328,35.5,311.5241394042969,478.10107421875,741.8206176757812,508.2411804199219,157.04212951660156,67.8094253540039,177.96302795410156,281.2406311035156,166.650390625,440.3999938964844,271.2227783203125,102.5436019897461,114.65597534179688
2025-09-29,253.71221923828125,161.36000061035156,222.1699981689453,957.5479125976562,326.0726623535156,217.0800018310547,51.58780288696289,913.000732421875,243.46617126464844,151.49278259277344,243.57342529296875,34.47999954223633,311.1594543457031,482.5540771484375,741.4715576171875,511.36138916015625,163.6625213623047,68.04424285888672,181.61837768554688,280.546142578125,162.8091583251953,443.2099914550781,271.0938415527344,102.46408081054688,111.72160339355469
2025-09-30,253.9116668701172,161.7899932861328,219.57000732421875,962.9991455078125,328.0714416503906,215.8300018310547,50.7709846496582,921.7238159179688,235.42015075683594,150.7066650390625,242.62527465820312,33.54999923706055,310.9031677246094,489.6455383300781,732.4749755859375,514.6903686523438,167.07757568359375,68.22034454345703,186.3423309326172,279.03802490234375,163.8531951904297,444.7200012207031,277.1064758300781,102.4441909790039,110.28376007080078
2025-10-01,254.72935485839844,164.00999450683594,220.6300048828125,997.994140625,331.53204345703125,215.1999969482422,49.875431060791016,913.4688110351562,234.118896484375,150.01763916015625,244.4217529296875,35.939998626708984,306.2508850097656,489.4395751953125,715.4791259765625,516.4393310546875,181.8860626220703,72.59355926513672,187.0015106201172,286.7471923828125,163.9812469482422,459.4599914550781,286.2146911621094,101.35076141357422,109.54037475585938
2025-10-02,256.40460205078125,169.72999572753906,222.41000366210938,1024.752685546875,336.29534912109375,217.42999267578125,49.67860412597656,912.9013061523438,237.28761291503906,148.8433380126953,245.210205078125,37.29999923706055,303.1362609863281,489.7926330566406,725.1639404296875,512.4942626953125,183.48374938964844,72.95555877685547,188.64939880371094,286.5190124511719,166.30567932128906,436,285.85748291015625,101.09231567382812,108.8556900024414
2025-10-03,257.2920837402344,164.6699981689453,219.50999450683594,1026.7918701171875,336.4842834472656,216.3000030517578,49.83606719970703,911.5171508789062,238.75775146484375,149.01803588867188,244.87088012695312,36.83000183105469,305.5806579589844,494.8243713378906,708.7167358398438,514.0940551757812,187.67530822753906,70.37271118164062,187.38099670410156,283.8996887207031,166.6306915283203,429.8299865722656,289.9056091308594,101.46011352539062,110.78260040283203
2025-10-06,255.96585083007812,203.7100067138672,220.89999389648438,1037.8135986328125,333.620361328125,219.72999572753906,49.59003448486328,907.0958251953125,244.14161682128906,149.4741668701172,249.9409637451172,36.59000015258789,306.2244567871094,504.3876037597656,713.8035278320312,525.2435302734375,190.802734375,69.62916564941406,185.30364990234375,289.3070373535156,166.07913208007812,453.25,300.0357666015625,102.08634185791016,111.70203399658203
2025-10-07,255.75643920898438,211.50999450683594,221.77999877929688,997.0292358398438,334.53521728515625,221.82000732421875,49.49162292480469,910.9395141601562,238.14187622070312,150.337890625,245.28005981445312,37.16999816894531,304.7486877441406,501.2783508300781,711.230224609375,520.682373046875,185.53707885742188,67.41809844970703,184.80429077148438,282.0145263671875,162.9667510986328,433.0899963378906,291.731201171875,102.62311553955078,111.76072692871094
2025-10-08,257.3320007324219,235.55999755859375,225.22000122070312,982.6154174804688,343.57452392578125,225.32000732421875,49.048763275146484,910.9395141601562,238.8272705078125,149.20242309570312,244.14230346679688,37.43000030517578,301.1236877441406,504.1718444824219,715.9779052734375,521.546875,196.3781280517578,67.59419250488281,188.86911010742188,286.3702087402344,165.24195861816406,438.69000244140625,302.13916015625,102.28515625,111.52597045898438
2025-10-09,253.3233184814453,232.88999938964844,227.74000549316406,975.3836059570312,343.0971984863281,216,48.99956130981445,938.9110107421875,243.6946258544922,147.16441345214844,241.05833435058594,37.79999923706055,302.6093444824219,498.03173828125,731.6072387695312,519.1123657226562,192.17160034179688,66.58650207519531,192.32470703125,295.1462707519531,163.1637420654297,435.5400085449219,297.53546142578125,101.16190338134766,110.44026184082031
2025-10-10,244.57806396484375,214.89999389648438,216.3699951171875,931.2669067382812,322.82086181640625,210.72999572753906,47.877662658691406,926.0853271484375,240.06895446777344,144.50526428222656,236.10804748535156,36.369998931884766,298.01373291015625,495.3736572265625,703.4703979492188,507.74432373046875,181.450439453125,63.807987213134766,182.92669677734375,291.1706848144531,151.27561950683594,413.489990234375,278.4657287597656,101.23147583007812,108.30793762207031
2025-10-13,246.96131896972656,216.4199981689453,220.07000732421875,979.4819946289062,354.712158203125,215.55999755859375,48.08432388305664,931.6119384765625,247.09182739257812,147.45556640625,243.67320251464844,37.220001220703125,305.0260314941406,494.1770324707031,713.8433837890625,510.81488037109375,192.6112518310547,65.92121887207031,188.0801239013672,306.1287536621094,159.3422088623047,435.8999938964844,300.52197265625,101.50981140136719,109.78490447998047
2025-10-14,247.07101440429688,218.08999633789062,216.38999938964844,978.0098266601562,342.2121887207031,214.3000030517578,49.2947998046875,942.5157470703125,238.1716766357422,147.89227294921875,244.97067260742188,35.630001068115234,299.19232177734375,495.5011901855469,706.8117065429688,510.337890625,186.90594482421875,66.17559814453125,179.80067443847656,297.1737976074219,159.30282592773438,429.239990234375,293.6262512207031,106.56939697265625,109.83380889892578
2025-10-15,248.63658142089844,238.60000610351562,215.57000732421875,1004.499755859375,349.3720397949219,214,51.45003128051758,950.9598388671875,235.00296020507812,147.62054443359375,250.53977966308594,37.150001525878906,302.767822265625,489.84173583984375,715.6885986328125,510.1987609863281,191.78192138671875,66.97784423828125,179.60093688964844,301.76556396484375,160.51429748535156,435.1499938964844,302.3277282714844,108.37852478027344,109.16868591308594
2025-10-16,246.75192260742188,234.55999755859375,214.47000122070312,1014.228271484375,352.17633056640625,211.88999938964844,49.63924026489258,921.7138061523438,244.3601531982422,147.23236083984375,250.9689483642578,36.84000015258789,295.6861572265625,483.79974365234375,710.2228393554688,508.3902282714844,202.36318969726562,65.39291381835938,181.5784149169922,311.0882873535156,161.6075439453125,428.75,297.4957580566406,105.83381652832031,108.21990966796875
2025-10-17,251.5782470703125,233.0800018310547,213.0399932861328,1023.857421875,347.3832092285156,212.94000244140625,50.465904235839844,932.378662109375,241.4596405029297,148.56192016601562,252.80535888671875,37.0099983215332,294.7155456542969,485.663330078125,715.0602416992188,510.347900390625,202.2133331298828,65.91143798828125,182.9866180419922,289.53076171875,160.98704528808594,439.30999755859375,292.7729797363281,107.08629608154297,109.78490447998047
2025-10-20,261.50018310546875,240.55999755859375,216.47999572753906,1036.669677734375,347.293701171875,216.82000732421875,51.21384048461914,932.1595458984375,252.5849609375,149.92059326171875,256.0489807128906,38.099998474121094,299.4696350097656,496.2073669433594,730.2706909179688,513.53759765625,206.59971618652344,66.1560287475586,182.40736389160156,275.487060546875,164.52293395996094,447.42999267578125,295.3725280761719,106.41034698486328,110.2348403930664
2025-10-21,262.0287170410156,238.02999877929688,222.02999877929688,1019.6297607421875,340.7503967285156,217.25999450683594,50.70209884643555,933.543701171875,261.65411376953125,149.25094604492188,249.9709014892578,38.119998931884766,294.2500305175781,480.12158203125,731.3678588867188,514.4021606445312,202.12339782714844,66.8800048828125,180.9292449951172,273.4694519042969,166.28599548339844,442.6000061035156,292.20745849609375,105.58531188964844,110.24462890625
2025-10-22,257.72088623046875,230.22999572753906,217.9499969482422,1006.25048828125,338.4035339355469,216.58999633789062,50.28876495361328,940.6934204101562,254.92926025390625,150.97842407226562,251.19851684570312,36.91999816894531,291.2984924316406,477.8068542480469,731.5074462890625,517.2640380859375,198.30654907226562,67.58441925048828,180.05035400390625,270.99468994140625,166.7193603515625,438.9700012207031,286.6214599609375,106.49981689453125,112.20088195800781
2025-10-23,258.8476867675781,234.99000549316406,221.08999633789062,1030.9598388671875,342.3713073730469,217.77000427246094,50.93828201293945,938.074462890625,253.34983825683594,151.93919372558594,252.58578491210938,38.15999984741211,291.72442626953125,478.6993408203125,732.095947265625,517.283935546875,206.53976440429688,68.17141723632812,181.92796325683594,278.35943603515625,167.4678955078125,448.9800109863281,288.45703125,106.22148895263672,113.44310760498047
2025-10-24,262.07855224609375,252.9199981689453,224.2100067138672,1027.667236328125,352.1564636230469,221.35000610351562,51.73542404174805,928.2063598632812,253.13131713867188,150.96871948242188,259.4124450683594,38.279998779296875,297.5680236816406,476.1099853515625,736.4446411132812,520.314697265625,218.83963012695312,67.61376190185547,186.02272033691406,281.5994873046875,166.39431762695312,433.7200012207031,292.6539306640625,105.53560638427734,112.86600494384766
2025-10-27,268.0516662597656,259.6700134277344,226.97000122070312,1054.4058837890625,360.0323181152344,223,52.17828369140625,925.926025390625,253.76702880859375,150.6969757080078,268.7441711425781,39.540000915527344,301.2425231933594,477.5812072753906,748.8722534179688,528.1749877929688,219.9187469482422,67.10501861572266,191.24607849121094,279.6812744140625,184.85194396972656,452.4200134277344,295.9182434082031,103.84577178955078,113.40397644042969
2025-10-28,268.2411193847656,258.010009765625,229.25,1046.9453125,370.8914794921875,223.3300018310547,52.030662536621094,920.260009765625,252.56509399414062,149.58091735839844,266.94769287109375,41.529998779296875,302.4409484863281,476.4630432128906,749.49072265625,538.6585693359375,221.7272491455078,65.97013854980469,200.77394104003906,279.11474609375,178.30213928222656,460.54998779296875,299.17254638671875,102.55352783203125,112.51387786865234
2025-10-29,268.93914794921875,264.3299865722656,230.3000030517578,1067.0986328125,383.8289794921875,213.5800018310547,51.74527359008789,908.569580078125,249.78375244140625,150.5222930908203,274.0338134765625,41.34000015258789,302.58953857421875,476.0314636230469,749.7200927734375,538.141845703125,226.443359375,63.93517303466797,206.77627563476562,273.6185302734375,175.9777069091797,461.510009765625,302.7047424316406,101.84777069091797,113.9028091430664
2025-10-30,270.63433837890625,254.83999633789062,222.86000061035156,1071.6925048828125,374.3719787597656,200.0800018310547,52.18811798095703,916.2968139648438,254.93914794921875,148.9889373779297,280.93035888671875,40.15999984741211,306.48199462890625,480.3373718261719,664.7411499023438,522.451171875,223.82550048828125,63.49491500854492,202.63156127929688,255.32101440429688,174.5889434814453,440.1000061035156,300.8493347167969,101.61915588378906,112.18132019042969
2025-10-31,269.6072692871094,256.1199951171875,244.22000122070312,1055.529296875,367.570068359375,201.02000427246094,52.60145568847656,908.8876953125,258.6741027832031,153.06495666503906,280.6408996582031,39.9900016784668,308.1459045410156,482.4559631347656,646.6680908203125,514.5512084960938,223.58570861816406,63.19161605834961,202.23207092285156,261.00604248046875,178.17408752441406,456.55999755859375,298.0811462402344,100.57543182373047,111.85853576660156
2025-11-03,268.29095458984375,259.6499938964844,254,1063.0926513671875,360.5295104980469,204.5500030517578,52.70970916748047,925.4310302734375,259.597900390625,149.4935760498047,283.16595458984375,39.5,306.3928527832031,478.5914611816406,636.0557861328125,513.776123046875,234.50669860839844,61.29362869262695,206.61647033691406,256.275146484375,177.996826171875,468.3699951171875,302.47650146484375,100.98297882080078,111.27166748046875
2025-11-04,269.2781982421875,250.0500030517578,249.32000732421875,1026.5408935546875,349.9786682128906,198.0500030517578,52.69002914428711,938.0953979492188,252.743896484375,148.86276245117188,276.9980163574219,37.029998779296875,306.2937927246094,475.6882019042969,625.6926879882812,511.0931701660156,217.85043334960938,59.90436935424805,198.43690490722656,246.6542510986328,170.2355499267578,444.260009765625,291.7510681152344,101.6589126586914,111.64334869384766
2025-11-05,269.3779296875,256.3299865722656,250.1999969482422,1040.103271484375,356.9794616699219,197.6199951171875,51.617332458496094,932.4014282226562,250.99563598632812,148.15432739257812,283.7547912597656,38.380001068115234,308.7005615234375,464.0750427246094,634.30029296875,503.9682312011719,237.3043975830078,60.765316009521484,194.9613494873047,248.78118896484375,177.0118865966797,462.07000732421875,291.3442687988281,100.86370086669922,111.19342041015625
2025-11-06,269.0089416503906,237.6999969482422,243.0399932861328,1025.6041259765625,353.60833740234375,196.5,52.44399642944336,920.983642578125,237.67503356933594,148.42605590820312,284.1939392089844,37.2400016784668,310.4239501953125,459.9359130859375,617.3344116210938,493.9715576171875,238.1337127685547,60.550079345703125,187.84043884277344,242.3109588623047,170.5901336669922,445.9100036621094,286.9786376953125,101.07244110107422,111.9954833984375
2025-11-07,267.7126159667969,233.5399932861328,244.41000366210938,1013.4069213867188,347.4826354980469,194.61000061035156,52.35542678833008,920.1459350585938,238.2809600830078,150.4446563720703,278.2854919433594,38.130001068115234,311.20635986328125,449.5683898925781,620.0972290039062,493.6933288574219,237.72406005859375,59.76739501953125,187.9103240966797,237.7986602783203,168.31494140625,429.5199890136719,284.26007080078125,101.97699737548828,114.65597534179688
2025-11-10,268.93035888671875,243.97999572753906,248.39999389648438,1035.16064453125,356.3927307128906,194.80999755859375,52.57193374633789,912.9861450195312,240.09877014160156,151.05606079101562,289.5334777832031,38.45000076293945,313.8607482910156,443.4381408691406,630.1212158203125,502.8155212402344,253.0913848876953,59.48367691040039,198.7964630126953,239.3590850830078,168.9846954345703,445.2300109863281,292.96148681640625,101.80801391601562,115.63410949707031
2025-11-11,274.73956298828125,237.52000427246094,249.10000610351562,1018.8477783203125,349.9985656738281,195.2100067138672,52.77859878540039,911.2909545898438,242.8701629638672,151.628662109375,290.7411193847656,37.880001068115234,312.6028747558594,448.31292724609375,625.453369140625,505.4786682128906,240.91143798828125,61.78280258178711,192.91395568847656,234.70767211914062,171.35836791992188,439.6199951171875,288.8935546875,102.8219223022461,117.15998077392578
2025-11-12,272.9628601074219,258.8900146484375,244.1999969482422,1033.705810546875,353.2403869628906,195.5,53.250980377197266,911.4304809570312,244.38003540039062,148.7948455810547,286.1501159667969,37.88999938964844,317.34710693359375,448.28350830078125,607.43017578125,507.9232177734375,244.6982879638672,62.810062408447266,193.55313110351562,225.60362243652344,174.00784301757812,430.6000061035156,288.3478698730469,102.8219223022461,115.53629302978516
2025-11-13,272.44384765625,247.9600067138672,237.5800018310547,1016.2967529296875,338.0853576660156,194.5800018310547,52.030662536621094,922.4793701171875,238.8272705078125,150.98812866210938,278.0260314941406,35.90999984741211,306.5216064453125,447.1163024902344,608.3079223632812,500.1225891113281,236.75485229492188,64.6004409790039,186.62197875976562,216.2411651611328,171.87054443359375,401.989990234375,279.99371337890625,101.92729949951172,116.19164276123047
2025-11-14,271.9048156738281,246.80999755859375,234.69000244140625,1003.4617919921875,340.5514831542969,194.52000427246094,51.7747917175293,920.38525390625,242.03575134277344,152.9678955078125,275.8702392578125,35.52000045776367,300.7076721191406,456.8462219238281,607.8790283203125,506.96923828125,246.626708984375,62.78071594238281,189.92774963378906,221.48890686035156,171.35836791992188,404.3500061035156,282.59320068359375,101.86766052246094,117.70126342773438
2025-11-17,266.9639892578125,240.52000427246094,232.8699951171875,1016.436279296875,340.7404479980469,191.80999755859375,50.66273498535156,910.0245361328125,235.449951171875,150.2505645751953,284.4634094238281,34.709999084472656,297.4986572265625,461.76025390625,600.4483032226562,504.296142578125,241.75074768066406,61.538211822509766,186.36231994628906,218.5171661376953,164.23731994628906,408.9200134277344,279.8052062988281,102.33484649658203,116.11270141601562
2025-11-18,266.9440612792969,230.2899932861328,222.5500030517578,1000.552001953125,338.6024169921875,189.6300048828125,50.8201904296875,892.563720703125,231.94346618652344,150.75103759765625,283.724853515625,34.33000183105469,296.5478515625,465.624755859375,596.1395874023438,490.6824035644531,228.3118133544922,61.13709259033203,181.1289825439453,219.14332580566406,162.57278442382812,401.25,275.73724365234375,100.78417205810547,117.44471740722656
2025-11-19,268.06195068359375,223.5500030517578,222.69000244140625,1035.69873046875,352.4448547363281,185.6999969482422,51.19416046142578,888.0963134765625,226.36094665527344,148.8668975830078,292.23822021484375,35.11000061035156,300.3709411621094,460.9069519042969,588.7886352539062,484.0543518066406,225.73394775390625,61.283843994140625,186.28240966796875,224.15252685546875,163.60696411132812,403.989990234375,280.1623840332031,100.00882720947266,115.78709411621094
2025-11-20,265.7562561035156,206.02000427246094,217.13999938964844,977.6123657226562,344.88720703125,179.3800048828125,50.19034957885742,890.7787475585938,223.86767578125,147.50283813476562,288.884765625,33.619998931884766,295.5277099609375,459.2885437011719,587.6217041015625,476.3088684082031,201.2041473388672,60.100040435791016,180.40989685058594,209.40316772460938,157.1852264404297,395.2300109863281,275.3304443359375,106.4699935913086,115.46148681640625
2025-11-21,270.98651123046875,203.77999877929688,220.69000244140625,963.1929931640625,338.3041076660156,179.6999969482422,50.74146270751953,896.482666015625,225.59608459472656,147.17901611328125,299.0748596191406,34.5,295.171142578125,451.95184326171875,592.70849609375,470.0268249511719,207.19920349121094,61.44037628173828,178.65213012695312,197.54603576660156,160.8393096923828,391.0899963378906,272.90948486328125,104.69068908691406,115.52069091796875
2025-11-24,275.4083251953125,215.0500030517578,226.27999877929688,984.3687133789062,375.8536682128906,179.1199951171875,51.10558319091797,883.62890625,225.3080291748047,146.95330810546875,317.9578552246094,35.790000915527344,295.1513366699219,442.4180603027344,611.459716796875,471.8985290527344,223.74557495117188,60.589210510253906,182.3174591064453,199.05674743652344,162.57278442382812,417.7799987792969,282.4146423339844,103.43821716308594,114.42547607421875
2025-11-25,276.4563903808594,206.1300048828125,229.6699981689453,999.7149047851562,382.8842468261719,182.44000244140625,51.646854400634766,891.8157958984375,232.55934143066406,145.75608825683594,322.8083801269531,35.83000183105469,300.103515625,443.7422180175781,634.5695190429688,474.8752136230469,224.34507751464844,62.30132293701172,177.59349060058594,195.82659912109375,160.8393096923828,419.3999938964844,282.4543151855469,106.36064910888672,112.98491668701172
2025-11-26,277.0352783203125,214.24000549316406,229.16000366210938,1037.3330078125,395.3543701171875,186.9199981689453,52.14875793457031,905.7066650390625,226.62913513183594,146.71778869628906,319.3252258300781,36.810001373291016,304.6991882324219,445.45867919921875,631.9663696289062,483.3475036621094,230.0703582763672,62.937255859375,180.03036499023438,203.7081756591797,162.6515655517578,426.5799865722656,287.6930236816406,108.44810485839844,113.241455078125
2025-11-28,278.3328857421875,217.52999877929688,233.22000122070312,1056.2965087890625,400.71435546875,189,52.798282623291016,911.021728515625,229.00320434570312,148.3075408935547,319.5547790527344,40.560001373291016,310.087158203125,449.0877685546875,646.2691650390625,489.82867431640625,236.2852325439453,63.23075866699219,176.7745361328125,200.71653747558594,165.55712890625,430.1700134277344,289.23089599609375,109.84968566894531,114.37613677978516
2025-12-01,282.57501220703125,219.75999450683594,233.8800048828125,1084.188720703125,383.92840576171875,186.4600067138672,52.39479064941406,909.3963012695312,231.27793884277344,149.69119262695312,314.2751159667969,40.0099983215332,305.9669494628906,434.0460510253906,639.20751953125,484.5820007324219,240.26197814941406,64.38272857666016,179.69082641601562,199.7127227783203,165.50787353515625,430.1400146484375,285.43084716796875,110.86357879638672,115.0766830444336
2025-12-02,285.6592712402344,215.24000549316406,234.4199981689453,1104.9061279296875,379.44354248046875,205.3800048828125,52.345584869384766,919.43798828125,233.1454315185547,147.4439697265625,315.1932678222656,43.470001220703125,304.9368896484375,436.6452331542969,645.4213256835938,487.82757568359375,239.2927703857422,63.9298210144043,181.22886657714844,199.8717498779297,168.1278076171875,429.239990234375,289.8063659667969,111.73832702636719,113.84333038330078
2025-12-03,283.623046875,217.60000610351562,232.3800048828125,1136.933837890625,378.4888916015625,202.5399932861328,53.231292724609375,919.6672973632812,237.12867736816406,148.75894165039062,319.00579833984375,43.7599983215332,309.1462707519531,441.5669250488281,637.9407958984375,475.6119689941406,233.9671630859375,64.63873291015625,179.36123657226562,206.46124267578125,172.4319610595703,446.739990234375,293.14013671875,113.72637939453125,116.2311019897461
2025-12-04,280.179443359375,215.97999572753906,229.11000061035156,1106.2015380859375,378.90655517578125,201.8699951171875,53.30018615722656,893.3414916992188,245.8104248046875,149.4164276123047,316.999755859375,40.5,313.0783386230469,443.0987548828125,659.8140258789062,478.7081604003906,226.4633331298828,64.67810821533203,183.15660095214844,213.0209503173828,172.60025024414062,454.5299987792969,290.6398010253906,114.15380096435547,115.57988739013672
2025-12-05,278.26300048828125,217.97000122070312,229.52999877929688,1095.6285400390625,388.0652160644531,201.88999938964844,53.36943435668945,892.1648559570312,258.8330383300781,147.19863891601562,320.642578125,41.40999984741211,312.0284729003906,446.9036865234375,671.673095703125,481.01788330078125,237.02464294433594,64.84549713134766,182.1877899169922,216.25108337402344,173.0556182861328,455,292.4158020019531,114.42218780517578,114.9878921508789
2025-12-08,277.3746643066406,221.11000061035156,226.88999938964844,1115.7779541015625,398.8647155761719,206.27000427246094,53.319969177246094,885.0249633789062,257.79998779296875,145.9327392578125,313.31219482421875,40.29999923706055,312.1968078613281,459.9293212890625,665.0702514648438,488.8430480957031,246.71664428710938,62.56122970581055,185.323974609375,219.1929931640625,173.55059814453125,439.5799865722656,299.5098876953125,112.8814468383789,114.43534088134766
2025-12-09,276.66595458984375,221.6199951171875,227.9199981689453,1107.5567626953125,404.0257873535156,200.3699951171875,52.963844299316406,885.9423828125,259.2799987792969,145.7168426513672,316.66778564453125,40.5,297.6373596191406,461.421630859375,655.255859375,489.8385925292969,252.21212768554688,62.354469299316406,184.7446746826172,220.1769561767578,174.2336883544922,445.1700134277344,301.0378723144531,114.37248992919922,116.67510986328125
2025-12-10,278.26300048828125,221.4199981689453,231.77999877929688,1115.4093017578125,410.6685791015625,198.72000122070312,53.4980354309082,871.9517822265625,262.4388122558594,148.58230590820312,319.7937316894531,40.779998779296875,307.1455383300781,462.4593200683594,648.4434814453125,476.4382629394531,263.4927978515625,64.77657318115234,183.55612182617188,221.64791870117188,180.38137817382812,451.45001220703125,307.7153015136719,112.50372314453125,117.94792938232422
2025-12-11,277.514404296875,221.42999267578125,230.27999877929688,1118.9169921875,404.1053466796875,200.7100067138672,53.972869873046875,881.9934692382812,260.6011657714844,147.90518188476562,312.0238342285156,39.5099983215332,314.3460693359375,469.31805419921875,651.0167846679688,481.3265075683594,258.24713134765625,66.69652557373047,180.70957946777344,197.635498046875,179.4508056640625,446.8900146484375,303.2831726074219,114.8297348022461,117.94792938232422
2025-12-12,277.7639465332031,210.77999877929688,226.19000244140625,1077.07373046875,357.92413330078125,204.3800048828125,54.54662322998047,881.9834594726562,260.48199462890625,147.1888427734375,308.887939453125,37.810001373291016,315.4751892089844,474.6251220703125,642.558837890625,476.4084167480469,240.94140625,66.43069458007812,174.80679321289062,188.80972290039062,176.5006866455078,458.9599914550781,290.53900146484375,116.23915100097656,117.23751831054688
2025-12-15,273.6016540527344,207.5800018310547,222.5399932861328,1084.019287109375,337.9162292480469,205.5,54.734580993652344,858.1407470703125,252.88296508789062,147.00238037109375,307.8193054199219,37.5099983215332,316.9608154296875,478.7463073730469,646.3570556640625,472.7148742675781,237.3043975830078,66.73591613769531,176.07522583007812,183.79055786132812,177.46096801757812,475.30999755859375,286.2610778808594,116.32880401611328,116.19164276123047
2025-12-16,274.1007385253906,209.1699981689453,222.55999755859375,1072.29052734375,339.39794921875,206.7100067138672,54.220176696777344,857.9712524414062,253.21075439453125,144.00933837890625,306.1714782714844,37.310001373291016,312.5335693359375,471.47247314453125,655.9799194335938,474.2779235839844,232.31849670410156,66.0860824584961,177.5034942626953,187.49777221679688,174.35247802734375,489.8800048828125,285.39556884765625,114.9642105102539,113.15265655517578
2025-12-17,271.33587646484375,198.11000061035156,221.27000427246094,1011.8822631835938,324.2030944824219,206.3300018310547,53.962974548339844,860.2249145507812,256.41925048828125,146.72760009765625,296.3342590332031,36.04999923706055,311.9690246582031,469.2290954589844,648.343505859375,474.00909423828125,225.3342742919922,64.67810821533203,170.73175048828125,177.37002563476562,170.61041259765625,467.260009765625,275.5364990234375,115.2032699584961,115.84630584716797
2025-12-18,271.68524169921875,201.05999755859375,226.75999450683594,1032.689453125,328.0416259765625,208.27000427246094,53.67609405517578,855.1790771484375,256.54461669921875,144.93179321289062,302.0668029785156,36.279998779296875,310.0079345703125,464.6335754394531,663.266845703125,481.8342590332031,248.34530639648438,64.61903381347656,173.9278564453125,178.930419921875,172.44186401367188,483.3699951171875,283.2168273925781,114.37654113769531,114.9878921508789
2025-12-19,273.1625061035156,213.42999267578125,227.35000610351562,1052.3304443359375,338.46319580078125,214.0800018310547,54.675228118896484,853.214599609375,258.59417724609375,144.99066162109375,306.7607116699219,36.81999969482422,314.17767333984375,468.57684326171875,657.5969848632812,483.7656555175781,265.7010192871094,57.805633544921875,180.76953125,190.79751586914062,173.4912109375,481.20001220703125,287.4648742675781,113.90839385986328,115.1358871459961
2025-12-22,270.4674987792969,214.9499969482422,228.42999267578125,1053.287109375,340.19683837890625,216.83999633789062,55.278663635253906,847.6104736328125,263.290283203125,147.00238037109375,309.3772888183594,36.369998931884766,320.0014953613281,477.90625,660.3221435546875,482.7701110839844,276.3622131347656,56.338584899902344,183.4662322998047,197.16836547851562,172.47154235839844,488.7300109863281,291.77264404296875,112.15534973144531,116.57644653320312
2025-12-23,271.85491943359375,214.89999389648438,232.13999938964844,1058.130126953125,348.0379333496094,216.85000610351562,55.36769485473633,852.386962890625,262.0963439941406,147.6990966796875,313.94134521484375,36.349998474121094,322.8143310546875,476.898193359375,663.7559814453125,484.6915588378906,276.04248046875,56.45673751831055,188.97952270507812,194.14691162109375,172.9962158203125,485.55999755859375,295.42376708984375,110.4620590209961,117.82952880859375
2025-12-24,273.3022155761719,215.0399932861328,232.3800048828125,1061.7972412109375,348.93463134765625,218.16000366210938,55.64468002319336,869.4089965820312,263.9170837402344,147.68930053710938,313.68170166015625,36.15999984741211,326.02337646484375,480.0606994628906,666.361328125,485.8563232421875,286.4438781738281,59.07576370239258,188.38023376464844,196.28379821777344,173.0160369873047,485.3999938964844,297.2642517089844,111.16925811767578,117.63218688964844
2025-12-26,272.8929748535156,214.99000549316406,232.52000427246094,1069.001953125,350.8376159667969,216.44000244140625,55.56553649902344,870.894775390625,264.73291015625,147.21827697753906,313.1024475097656,36.20000076293945,324.7754211425781,477.3725891113281,662.1089477539062,485.5477294921875,284.5554504394531,59.99143600463867,190.2978973388672,196.78074645996094,173.0556182861328,475.19000244140625,301.2834777832031,111.29874420166016,117.5236587524414
2025-12-29,273.2523498535156,215.61000061035156,232.07000732421875,1062.275634765625,348.1076965332031,217.25,54.754364013671875,865.4003295898438,264.8821716308594,148.17015075683594,313.1523742675781,36.68000030517578,320.6551818847656,483.1441650390625,657.5171508789062,484.9404296875,294.24639892578125,60.267120361328125,187.99070739746094,194.18667602539062,171.68946838378906,459.6400146484375,299.3733825683594,112.08561706542969,118.92474365234375
2025-12-30,272.5735778808594,215.33999633789062,232.52999877929688,1068.3941650390625,348.56597900390625,218.5,54.68511962890625,863.2164916992188,264.5737609863281,149.4654998779297,313.4420166015625,37.29999923706055,320.328369140625,482.28436279296875,664.7642211914062,485.3187561035156,292.5071105957031,60.24742889404297,187.31153869628906,196.00550842285156,171.90725708007812,454.42999267578125,298.0402526855469,111.47803497314453,119.37861633300781
2025-12-31,271.3558349609375,214.16000366210938,230.82000732421875,1066.1220703125,344.8297424316406,217.1199951171875,54.40813064575195,859.915771484375,263.56884765625,149.56362915039062,312.5931091308594,36.900001525878906,319.1398010253906,478.0050964355469,658.9146118164062,481.4758605957031,285.2901611328125,62.72861099243164,186.27279663085938,193.71954345703125,169.33335876464844,449.7200012207031,302.328125,110.97004699707031,118.73727416992188
2026-01-02,270.5074157714844,223.47000122070312,226.5,1159.7139892578125,346.3441467285156,227.77000427246094,55.3479118347168,852.0977783203125,252.3360137939453,152.9884490966797,314.7403259277344,39.380001068115234,322.36865234375,491.2481384277344,649.2518310546875,470.84320068359375,315.2875671386719,62.30523681640625,188.6199493408203,194.51467895507812,171.24398803710938,438.07000732421875,317.96728515625,112.3147201538086,121.01651763916016
2026-01-05,266.7643737792969,221.0800018310547,233.05999755859375,1223.8988037109375,342.15960693359375,228.1300048828125,56.27779006958008,873.278076171875,254.962646484375,160.7899932861328,316.1285400390625,39.369998931884766,330.8468322753906,505.57830810546875,657.616943359375,470.75360107421875,312.0189208984375,63.535980224609375,187.89083862304688,191.41371154785156,174.5405731201172,451.6700134277344,320.5937194824219,112.26490783691406,123.69042205810547
2026-01-06,261.8734436035156,214.35000610351562,240.92999267578125,1237.8499755859375,342.50830078125,229.83999633789062,56.63391876220703,886.6004638671875,261.56903076171875,153.6165008544922,313.9313659667969,40.040000915527344,332.90625,515.9256591796875,659.4436645507812,476.3885192871094,343.2857666015625,64.34335327148438,187.0119171142578,192.56663513183594,180.6189422607422,432.9599914550781,325.7471008300781,113.88846588134766,119.43782043457031
2026-01-07,259.8471984863281,210.02000427246094,241.55999755859375,1224.1778564453125,342.2392883300781,228.1199951171875,55.04124450683594,880.098876953125,264.772705078125,152.30152893066406,321.5614318847656,42.630001068115234,325.3250732421875,491.05047607421875,647.534912109375,481.3265075683594,339.40740966796875,62.246158599853516,188.87962341308594,191.6621856689453,178.3816375732422,431.4100036621094,317.04205322265625,112.27487182617188,116.91191101074219
2026-01-08,258.55963134765625,204.67999267578125,246.2899932861328,1190.147216796875,331.2597351074219,227.3800048828125,55.575435638427734,912.73681640625,259.2110290527344,156.27589416503906,325.0169372558594,41.11000061035156,328.11083984375,512.3677978515625,644.9096069335938,475.9902648925781,326.8826599121094,64.2547378540039,184.8145751953125,188.49166870117188,180.04476928710938,435.79998779296875,316.37554931640625,112.62348937988281,121.27305603027344
2026-01-09,258.8890075683594,203.1699981689453,247.3800048828125,1269.4293212890625,343.70391845703125,234.52999877929688,55.248985290527344,922.2799682617188,258.6240234375,159.08248901367188,328.14288330078125,45.54999923706055,327.5138854980469,536.5610961914062,651.8971557617188,477.15509033203125,344.9450988769531,64.9045639038086,184.63479614257812,197.82907104492188,175.99581909179688,445.010009765625,321.9666442871094,114.07772827148438,122.95040893554688
2026-01-12,259.76739501953125,207.69000244140625,246.47000122070312,1276.7535400390625,350.9173278808594,239.80999755859375,54.59608840942383,940.4287719726562,258.08673095703125,159.3081817626953,331.4285583496094,44.060001373291016,322.8377990722656,544.78369140625,640.8268432617188,475.06439208984375,345.7247619628906,64.6288833618164,184.71470642089844,203.96762084960938,167.5712432861328,448.9599914550781,330.0647888183594,117.50414276123047,122.37812805175781
2026-01-13,260.5658874511719,220.97000122070312,242.60000610351562,1265.722412109375,353.3085021972656,244.5500030517578,53.95308303833008,939.281982421875,239.839599609375,160.80960083007812,335.53326416015625,47.290000915527344,309.3169860839844,551.760986328125,629.96630859375,468.5832824707031,337.9880065917969,65.27871704101562,185.58364868164062,201.5859375,163.63116455078125,447.20001220703125,329.5076599121094,119.88469696044922,124.85469818115234
2026-01-14,259.4779052734375,223.60000610351562,236.64999389648438,1259.3048095703125,338.642578125,242.61000061035156,51.91524887084961,948.3065185546875,238.35714721679688,164.11666870117188,335.4034118652344,48.720001220703125,306.30242919921875,565.9923706054688,614.4240112304688,457.3433532714844,333.21002197265625,64.5599594116211,182.91690063476562,192.9361572265625,162.88868713378906,439.20001220703125,325.4287414550781,119.56596374511719,128.4659423828125
2026-01-15,257.73114013671875,227.9199981689453,238.17999267578125,1326.9476318359375,341.76104736328125,247.74000549316406,52.02406692504883,954.060302734375,232.34771728515625,163.05685424804688,332.3473815917969,48.31999969482422,307.68536376953125,571.12158203125,619.694580078125,454.6354064941406,336.4886474609375,63.59505081176758,186.82212829589844,189.18923950195312,159.7703094482422,438.57000732421875,339.88409423828125,118.72927856445312,127.41020965576172
2026-01-16,255.05613708496094,231.8300018310547,239.1199951171875,1353.8233642578125,350.4191589355469,247.67999267578125,52.39997863769531,960.9010620117188,225.96022033691406,163.15496826171875,329.5710144042969,46.959999084472656,310.8789978027344,575.6083374023438,619.1455688476562,457.8211975097656,362.5976867675781,63.38829040527344,186.0031280517578,190.4249267578125,157.82008361816406,437.5,340.64013671875,119.22730255126953,128.1600799560547
2026-01-20,246.2425079345703,231.9199981689453,231,1321.4368896484375,331.3793029785156,249,51.539337158203125,961.5492553710938,218.95587158203125,162.21290588378906,321.5814208984375,48.560001373291016,301.19854736328125,569.31298828125,603.0443115234375,452.5048522949219,364.84674072265625,62.649845123291016,177.85308837890625,179.29379272460938,152.52377319335938,419.25,325.4784851074219,118.24121856689453,128.72250366210938
2026-01-21,247.1907501220703,249.8000030517578,231.30999755859375,1355.3380126953125,327.5932312011719,250.07000732421875,51.50966262817383,980.096923828125,220.45822143554688,163.61619567871094,327.953125,54.25,300.50213623046875,579.3638916015625,611.8685913085938,442.1409912109375,388.94659423828125,64.40242767333984,183.09669494628906,173.2748260498047,154.80068969726562,431.44000244140625,324.44384765625,118.8886489868164,131.83055114746094
2026-01-22,247.8894500732422,253.72999572753906,234.33999633789062,1390.1260986328125,324.2953796386719,251.41000366210938,51.88557434082031,973.4257202148438,226.9352569580078,163.54750061035156,330.1103210449219,54.31999969482422,302.0840148925781,586.953857421875,646.476806640625,449.1398620605469,397.41302490234375,64.45165252685547,184.6148223876953,177.55984497070312,156.21633911132812,449.3599853515625,325.6874084472656,117.36469268798828,131.8601531982422
2026-01-23,247.58001708984375,259.67999267578125,239.16000366210938,1384.18701171875,318.8753356933594,252.14999389648438,51.163429260253906,980.48583984375,226.8954620361328,163.60638427734375,327.5036926269531,45.06999969482422,296.2041015625,583.9000854492188,657.5870361328125,463.8841857910156,399.482177734375,64.03812408447266,187.44137573242188,176.5434112548828,154.2562255859375,449.05999755859375,333.14886474609375,117.26509094238281,133.17242431640625
2026-01-26,254.9363555908203,251.30999755859375,238.4199981689453,1408.4119873046875,323.6577453613281,248.42999267578125,51.460201263427734,974.9215087890625,228.23863220214844,164.371826171875,332.8267822265625,42.4900016784668,299.5072021484375,574.8473510742188,671.1627197265625,468.1949768066406,388.9266052246094,63.9888916015625,186.2428436279297,181.80503845214844,152.96925354003906,435.20001220703125,330.9999694824219,117.17544555664062,133.0441436767578
2026-01-27,257.791015625,252.02999877929688,244.67999267578125,1449.5079345703125,331.568603515625,244.55999755859375,51.608585357666016,967.5523071289062,227.37301635742188,165.89288330078125,334.1150817871094,43.93000030517578,298.7809143066406,587.9817504882812,671.7716674804688,478.4493408203125,410.0677185058594,62.1181640625,188.29034423828125,174.291259765625,151.5041046142578,430.8999938964844,336.60101318359375,116.47821044921875,135.00765991210938
2026-01-28,255.96446228027344,252.74000549316406,243.00999450683594,1417.9486083984375,332.0169372558594,241.58999633789062,51.25246047973633,958.0790405273438,226.80592346191406,166.7564239501953,335.5732116699219,48.779998779296875,299.2385559082031,590.2745361328125,667.5391845703125,479.4946594238281,435.09722900390625,61.28125762939453,191.28668212890625,172.19857788085938,151.16751098632812,431.4599914550781,340.5406799316406,116.10967254638672,135.74766540527344
2026-01-29,257.801025390625,252.17999267578125,241.72999572753906,1450.0760498046875,329.51617431640625,234.0399932861328,52.50879669189453,950.211181640625,212.99618530273438,167.99290466308594,337.8102722167969,48.65999984741211,304.8598327636719,615.2189331054688,736.995361328125,431.57806396484375,435.6070251464844,61.635711669921875,192.27548217773438,168.42176818847656,150.6923370361328,416.55999755859375,337.8048095703125,116.94635772705078,138.63864135742188
2026-01-30,258.9988098144531,236.72999572753906,239.3000030517578,1418.0283203125,330.0840759277344,233.72000122070312,52.62750244140625,938.8876342773438,211.21524047851562,173.59625244140625,337.56060791015625,46.470001220703125,304.33251953125,626.791748046875,715.2241821289062,428.3822937011719,414.7057800292969,60.857879638671875,190.8971710205078,164.00718688964844,150.0686492919922,430.4100036621094,328.86102294921875,118.66951751708984,139.51678466796875
2026-02-02,269.5093078613281,246.27000427246094,242.9600067138672,1436.35400390625,329.8947448730469,233.02000427246094,53.448570251464844,966.9569091796875,209.74273681640625,170.77984619140625,343.24322509765625,48.810001373291016,306.5710754394531,628.5509643554688,705.152099609375,421.49298095703125,437.61614990234375,61.2221794128418,185.38388061523438,159.50291442871094,151.08831787109375,421.80999755859375,339.6054992675781,123.5700912475586,136.55674743652344
2026-02-03,268.98028564453125,242.11000061035156,238.6199951171875,1391.0030517578125,319.1543273925781,233.14999389648438,53.864051818847656,976.5030517578125,195.38580322265625,174.7149658203125,339.26837158203125,49.25,313.24688720703125,620.901611328125,690.4683227539062,409.3868713378906,419.2638854980469,59.99143600463867,180.12030029296875,154.13168334960938,145.70291137695312,421.9599914550781,334.0243225097656,127.20567321777344,141.81576538085938
2026-02-04,275.97723388671875,200.19000244140625,232.99000549316406,1334.4512939453125,306.91937255859375,235.9499969482422,54.7840461730957,976.9324340820312,198.4302978515625,177.84539794921875,332.6070556640625,48.599998474121094,315.654541015625,595.7002563476562,667.798828125,412.35369873046875,379.2406921386719,63.23075866699219,173.97781372070312,146.15951538085938,147.395751953125,406.010009765625,324.0657958984375,127.4945297241211,145.6243438720703
2026-02-05,275.3983459472656,192.5,222.69000244140625,1345.4427490234375,309.3703918457031,236.9499969482422,54.348777770996094,987.8565673828125,189.0082550048828,175.8827362060547,330.8193664550781,48.2400016784668,308.5807800292969,602.0450439453125,669.0166625976562,391.9246520996094,382.729248046875,61.734169006347656,171.67062377929688,136.00498962402344,134.93211364746094,397.2099914550781,329.0301513671875,126.438720703125,144.13446044921875
2026-02-06,277.6042175292969,208.44000244140625,210.32000732421875,1408.0731201171875,331.6981506347656,243.02999877929688,55.92166519165039,999.7093505859375,190.3812713623047,177.48231506347656,322.4402770996094,50.59000015258789,320.7584533691406,616.2763671875,660.2822265625,399.3615417480469,394.5242614746094,62.93537521362305,185.18414306640625,142.32293701171875,135.961669921875,411.1099853515625,347.0570373535156,130.66197204589844,147.06491088867188
2026-02-09,274.3672180175781,216,208.72000122070312,1424.49560546875,342.67767333984375,244.7100067138672,55.80295944213867,996.1445922851562,193.04769897460938,179.1898193359375,323.8984069824219,50.2400016784668,320.4599914550781,630.8140869140625,676.0140991210938,411.76629638671875,383.3389587402344,61.448638916015625,189.80848693847656,156.0449981689453,137.53570556640625,417.32000732421875,353.5832824707031,128.51051330566406,149.19615173339844
2026-02-10,273.4280700683594,213.57000732421875,206.9600067138672,1410.5390625,339.1905212402344,242.58999633789062,54.7939338684082,969.82275390625,192.4706268310547,178.8561553955078,318.16583251953125,47.130001068115234,316.659423828125,622.1863403320312,669.525634765625,411.437744140625,373.09326171875,62.06893539428711,188.31031799316406,159.33351135253906,138.68406677246094,425.2099914550781,360.0498962402344,126.19966888427734,149.57107543945312
2026-02-11,275.24639892578125,213.5800018310547,204.0800018310547,1432.5010986328125,341.50201416015625,236.25999450683594,53.270503997802734,976.7227783203125,184.0634002685547,182.3496856689453,310.5557556152344,48.290000915527344,309.2374267578125,621.3364868164062,667.4993286132812,402.5771789550781,410.1676940917969,61.38956069946289,189.81849670410156,156.61302185058594,139.62452697753906,428.2699890136719,372.1672668457031,128.26148986816406,153.4882049560547
2026-02-12,261.4891052246094,205.94000244140625,199.60000610351562,1403.8038330078125,329.9545593261719,239.35000610351562,51.95481872558594,997.4127197265625,184.49122619628906,178.99354553222656,308.5982971191406,46.47999954223633,301.09906005859375,629.9641723632812,648.6529541015625,400.05841064453125,413.7961730957031,60.1588134765625,186.7122802734375,155.9353790283203,137.08033752441406,417.07000732421875,366.2080993652344,133.1122589111328,148.91920471191406
2026-02-13,255.5445556640625,207.32000732421875,198.7899932861328,1403.5443115234375,323.9765930175781,242.9600067138672,51.9844970703125,1017.0042724609375,188.75950622558594,180.30853271484375,305.32257080078125,46.790000915527344,301.0094909667969,644.936767578125,638.6307983398438,399.5407409667969,411.4871520996094,62.15755081176758,182.58729553222656,159.5826416015625,139.28794860839844,417.44000244140625,364.4770202636719,133.36126708984375,147.44918823242188
2026-02-17,263.6371154785156,203.0800018310547,201.14999389648438,1416.6856689453125,331.31951904296875,244.0399932861328,52.172454833984375,1010.5836181640625,183.35699462890625,178.91131591796875,301.6273498535156,46.18000030517578,305.5661926269531,641.9718627929688,638.1516723632812,395.1004943847656,399.61212158203125,63.82151412963867,184.7446746826172,153.43411254882812,141.19857788085938,410.6300048828125,362.328125,128.34117126464844,145.20443725585938
2026-02-18,264.106689453125,200.1199951171875,204.7899932861328,1465.5189208984375,332.28594970703125,238.92999267578125,52.78578186035156,994.6367797851562,186.8392791748047,182.20118713378906,302.9356689453125,45.459999084472656,307.2077941894531,642.19921875,642.0746459960938,397.8283386230469,420.77325439453125,64.54026794433594,187.75099182128906,155.62646484375,141.80245971679688,411.32000732421875,360.3981018066406,126.11998748779297,149.66415405273438
2026-02-19,260.3401184082031,203.3699951171875,204.86000061035156,1455.7503662109375,332.7641906738281,233.7100067138672,52.20213317871094,986.3887329101562,184.35194396972656,183.10292053222656,302.456298828125,44.619998931884766,306.48150634765625,658.70361328125,643.6318969726562,397.5988464355469,417.17474365234375,64.5993423461914,187.6710968017578,155.9951629638672,139.85223388671875,411.7099914550781,358.5377197265625,124.37689208984375,149.95220947265625
2026-02-20,264.3364562988281,200.14999389648438,210.11000061035156,1466.3870849609375,331.4291076660156,232.02999877929688,52.489009857177734,983.8424072265625,184.22259521484375,182.26063537597656,314.5705261230469,44.11000061035156,309.20758056640625,650.5502319335938,654.4925537109375,396.37152099609375,427.9902038574219,64.39258575439453,189.58877563476562,147.5646209716797,141.44607543945312,411.82000732421875,368.63555908203125,122.50431823730469,146.28707885742188
2026-02-23,265.9349670410156,196.60000610351562,205.27000427246094,1482.7513427734375,329.1275939941406,230.44000244140625,50.520423889160156,984.5913696289062,177.25804138183594,183.23175048828125,311.0850524902344,43.630001068115234,296.1543884277344,652.882568359375,636.1153564453125,383.6390686035156,420.7932434082031,62.1181640625,191.316650390625,140.81817626953125,139.00086975097656,399.8299865722656,368.1380920410156,125.31317901611328,149.74362182617188
2026-02-24,271.8895263671875,213.83999633789062,208.55999755859375,1494.53564453125,324.2953796386719,233.38999938964844,49.867523193359375,996.9833374023438,184.48129272460938,183.6578369140625,310.495849609375,46.119998931884766,295.7862243652344,656.64794921875,638.1616821289062,388.1593017578125,417.83447265625,63.10275650024414,192.61508178710938,145.63136291503906,143.32701110839844,409.3800048828125,383.7673645019531,126.24946594238281,148.25372314453125
2026-02-25,273.97760009765625,210.86000061035156,210.63999938964844,1523.18310546875,331.0903625488281,230.36000061035156,51.133750915527344,993.3186645507812,190.77923583984375,182.54800415039062,312.49322509765625,46.880001068115234,301.75567626953125,639.916259765625,652.5260009765625,399.7342224121094,428.8198547363281,62.42338943481445,195.32176208496094,147.37527465820312,144.35658264160156,417.3999938964844,385.7371826171875,125.25341796875,148.05508422851562
2026-02-26,272.6987609863281,203.67999267578125,207.9199981689453,1460.6097412109375,320.5193176269531,229.41000366210938,51.737186431884766,985.310302734375,198.46014404296875,182.48855590820312,306.9804382324219,45.459999084472656,304.5712890625,634.114990234375,655.8401489257812,400.851806640625,415.385498046875,62.96491622924805,184.66476440429688,149.78684997558594,144.12887573242188,408.5799865722656,374.8733215332031,123.92867279052734,147.53857421875
2026-02-27,263.93682861328125,200.2100067138672,210,1447.398681640625,318.377197265625,227.52999877929688,49.29376983642578,1009.325439453125,193.80384826660156,185.06495666503906,311.354736328125,45.61000061035156,298.7709655761719,650.372314453125,647.0258178710938,391.8912048339844,412.19683837890625,61.2221794128418,176.97415161132812,144.89393615722656,140.93128967285156,402.510009765625,372.6547546386719,127.4447250366211,151.47189331054688
2026-03-02,264.476318359375,198.6199951171875,208.38999938964844,1420.4375,317.6498718261719,229.74000549316406,49.27398681640625,1001.3170776367188,191.97315979003906,187.87918090820312,306.12152099609375,45.5,296.044921875,672.2987670898438,652.396240234375,397.6886291503906,412.4967346191406,60.46891784667969,182.25770568847656,148.7305450439453,139.61463928222656,403.32000732421875,367.2128601074219,126.59809112548828,153.1802978515625
2026-03-03,263.5072326660156,190.9499969482422,208.72999572753906,1357.973876953125,312.68817138671875,224.1199951171875,49.4322624206543,1006.309814453125,195.05746459960938,187.0567169189453,303.1853332519531,43.099998474121094,298.7311706542969,663.4765625,653.91357421875,403.0570068359375,379.52056884765625,58.86328887939453,179.83065795898438,148.4913787841797,136.74375915527344,392.42999267578125,351.3150329589844,127.40489196777344,150.80641174316406
2026-03-04,262.2783508300781,202.07000732421875,216.82000732421875,1396.3201904296875,316.3646240234375,227.30999755859375,49.75870895385742,1005.2813110351562,192.1024932861328,184.34158325195312,302.7359619140625,45.58000183105469,297.8656311035156,660.1582641601562,666.541015625,404.32427978515625,400.6016845703125,58.119937896728516,182.8170166015625,151.8396759033203,138.10989379882812,405.94000244140625,355.6028747558594,127.3052749633789,148.80996704101562
2026-03-05,260.0504150390625,199.4499969482422,218.94000244140625,1365.377685546875,331.54864501953125,222.05999755859375,49.27398681640625,981.1463623046875,200.37042236328125,188.17645263671875,300.4888610839844,45.95000076293945,292.0553283691406,650.7399291992188,659.393798828125,409.79241943359375,396.8832702636719,57.50543975830078,183.11663818359375,154.25125122070312,136.49586486816406,405.54998779296875,352.041259765625,122.82305145263672,149.74362182617188
2026-03-06,257.2229919433594,192.42999267578125,213.2100067138672,1289.982421875,329.26708984375,231.11000061035156,48.38858413696289,996.65380859375,201.0867919921875,188.21609497070312,298.1319274902344,43.41999816894531,288.0060729980469,667.40087890625,643.7117309570312,408.0761413574219,370.1445007324219,56.50439453125,177.6033935546875,152.42764282226562,135.190673828125,396.7300109863281,337.1482238769531,123.31112670898438,150.1905975341797
2026-03-09,259.6407775878906,202.67999267578125,213.49000549316406,1354.461669921875,344.48101806640625,225,47.652408599853516,1003.8433837890625,197.78358459472656,187.7206268310547,306.1770935058594,45.58000183105469,288.44384765625,659.8304443359375,646.2372436523438,408.5251770019531,389.1565246582031,56.02865219116211,182.427490234375,151.03250122070312,137.60177612304688,398.67999267578125,346.9078063964844,123.84898376464844,149.42578125
2026-03-10,260.58990478515625,203.22999572753906,214.3300018310547,1380.385009765625,341.3226318359375,217.75999450683594,48.308998107910156,995.9148559570312,193.92324829101562,184.59921264648438,306.8567199707031,46.779998779296875,287.2598876953125,646.9844970703125,652.9053955078125,404.8830871582031,402.9407043457031,55.582645416259766,184.54490661621094,148.88002014160156,134.70248413085938,399.239990234375,345.3060607910156,124.62590789794922,147.13136291503906
2026-03-11,260.5699157714844,204.8300018310547,212.64999389648438,1383.6578369140625,340.3163757324219,214.10000610351562,48.269203186035156,990.7922973632812,193.14718627929688,190.04930114746094,308.5157470703125,47.97999954223633,286.0560302734375,645.245849609375,653.6939697265625,404.0049743652344,418.5141906738281,55.20601272583008,185.8134307861328,162.55226135253906,133.62644958496094,407.82000732421875,352.7376403808594,123.0023422241211,150.55809020996094
2026-03-12,255.52456665039062,197.74000549316406,209.52999877929688,1348.63427734375,334.7369384765625,204.75999450683594,46.886390686035156,1001.8662719726562,198.27110290527344,195.1822967529297,303.3687744140625,45.25,281.44964599609375,648.5840454101562,637.043701171875,400.9914855957031,405.1797790527344,53.649940490722656,182.9268035888672,158.60606384277344,130.66737365722656,395.010009765625,334.9794006347656,124.8350830078125,152.4949493408203
2026-03-13,249.8897705078125,193.38999938964844,207.6699981689453,1342.757080078125,320.9776306152344,209.88999938964844,46.47850799560547,1006.9688720703125,191.853759765625,195.03366088867188,302.09954833984375,45.77000045776367,281.996826171875,641.7984619140625,612.6171875,394.69512939453125,425.9510803222656,53.50126647949219,180.0401611328125,154.5701446533203,129.34228515625,391.20001220703125,336.5711669921875,126.02037811279297,155.06747436523438
2026-03-16,252.58729553222656,196.5800018310547,211.74000549316406,1372.5621337890625,323.7275085449219,213.47000122070312,46.81675338745117,1000.2885131835938,197.33587646484375,195.053466796875,305.3775939941406,45.7599983215332,284.7029724121094,641.003662109375,626.8690185546875,399.08563232421875,441.6144714355469,54.30408477783203,183.0067138671875,155.42715454101562,128.9138641357422,395.55999755859375,338.4813232421875,125.49246978759766,156.1699981689453
2026-03-17,253.99598693847656,196.30999755859375,215.1999969482422,1386.1324462890625,320.1307373046875,210.82000732421875,47.035614013671875,994.7166137695312,194.3212127685547,196.1732177734375,310.7344055175781,44.060001373291016,285.42926025390625,632.1913452148438,622.0834350585938,398.5467834472656,461.4961242675781,54.63115692138672,181.71820068359375,154.151611328125,131.1057586669922,399.2699890136719,345.1716613769531,124.58606719970703,157.73934936523438
2026-03-18,249.70994567871094,199.4600067138672,209.8699951171875,1352.216552734375,314.77044677734375,205.99000549316406,46.58794021606445,978.5001220703125,193.3561248779297,196.80740356445312,307.5063171386719,45.029998779296875,286.27490234375,638.1026611328125,615.1099243164062,390.9432678222656,461.5361328125,52.995792388916016,180.1899871826172,152.36782836914062,129.98988342285156,392.7799987792969,338.7766418457031,121.49830627441406,156.52757263183594
2026-03-19,248.73085021972656,205.27000427246094,208.75999450683594,1363.4119873046875,318.6661376953125,201.17999267578125,46.767005920410156,973.3676147460938,194.00283813476562,199.61172485351562,306.9466552734375,46.18000030517578,286.5037536621094,633.3637084960938,606.1382446289062,388.1792297363281,444.08343505859375,52.96605682373047,178.3521270751953,154.97872924804688,130.79690551757812,380.29998779296875,337.99847412109375,120.61181640625,157.09373474121094
2026-03-20,247.76173400878906,201.3300018310547,205.3699951171875,1314.379150390625,309.3703918457031,195.1199951171875,46.91623306274414,970.9212036132812,194.39085388183594,199.89907836914062,300.8203125,43.869998931884766,285.1009216308594,623.3492431640625,593.1102905273438,381.0447082519531,422.722412109375,51.90554428100586,172.4989471435547,149.15904235839844,129.42198181152344,367.9599914550781,328.47076416015625,118.79328918457031,158.5935516357422
2026-03-23,251.25851440429688,202.67999267578125,210.13999938964844,1366.635009765625,322.0003967285156,198.41000366210938,47.27437210083008,964.3306884765625,194.19186401367188,203.34750366210938,301.87969970703125,44.0099983215332,288.4338684082031,612.241943359375,603.5006713867188,382.1722717285156,404.1802062988281,52.242530822753906,175.43553161621094,153.80282592773438,127.87769317626953,380.8500061035156,337.6592712402344,120.49005889892578,160.04371643066406
2026-03-24,251.4083709716797,205.3699951171875,207.24000549316406,1396.3701171875,317.78704833984375,196.4199981689453,47.89116668701172,972.4089965820312,182.09344482421875,204.9131622314453,290.2666320800781,44.060001373291016,290.91119384765625,606.2014770507812,592.3709716796875,371.9344177246094,395.3639221191406,53.0156135559082,174.99603271484375,146.57806396484375,128.19650268554688,383.0299987792969,342.4480285644531,121.8175277709961,164.2650604248047
2026-03-25,252.38746643066406,220.27000427246094,211.7100067138672,1390.85205078125,318.30621337890625,199.61000061035156,48.498016357421875,973.447509765625,181.03880310058594,203.2880401611328,290.7563171386719,47.18000030517578,293.91583251953125,620.1402587890625,594.3391723632812,370.2381286621094,381.9295654296875,52.510135650634766,178.47198486328125,145.5117950439453,129.87033081054688,385.95001220703125,346.9375305175781,122.82559204101562,162.1593475341797
2026-03-26,252.6572265625,203.77000427246094,207.5399932861328,1326.6024169921875,308.9310607910156,194.36000061035156,47.99065399169922,978.2305908203125,184.70018005371094,205.90408325195312,280.7523193359375,44.099998474121094,290.1749572753906,623.2498779296875,547.032958984375,365.1790771484375,355.31072998046875,51.60820770263672,171.04066467285156,142.31295776367188,130.0596160888672,372.1099853515625,325.3480529785156,121.94727325439453,164.31471252441406
2026-03-27,248.57098388671875,201.99000549316406,199.33999633789062,1299.63134765625,300.2048645019531,190.52000427246094,46.72721862792969,982.4344482421875,178.40220642089844,209.23358154296875,274.1762390136719,43.130001068115234,281.3998718261719,611.8346557617188,525.233154296875,355.9989318847656,357.07000732421875,50.91441345214844,167.32498168945312,139.17391967773438,126.64225006103516,361.8299865722656,325.9765930175781,122.65592193603516,169.8372344970703
2026-03-30,246.40298461914062,196.0399932861328,200.9499969482422,1251.22705078125,292.94635009765625,189.2100067138672,46.985870361328125,995.1360473632812,184.09324645996094,208.79759216308594,273.33673095703125,41.189998626708984,282.32513427734375,594.6769409179688,535.8833618164062,358.1842041015625,321.79998779296875,50.78556823730469,164.97772216796875,138.31692504882812,126.60240173339844,355.2799987792969,315.7605285644531,123.26475524902344,170.31399536132812
2026-03-31,253.55638122558594,203.42999267578125,208.27000427246094,1317.9512939453125,309.02093505859375,199.02999877929688,48.498016357421875,994.9862060546875,185.72496032714844,205.02215576171875,287.3883361816406,44.130001068115234,292.6622314453125,600.4591064453125,571.6002197265625,369.3699951171875,337.8399963378906,52.35155487060547,174.1969757080078,146.59799194335938,128.3061065673828,371.75,337.1604309082031,124.04327392578125,168.51620483398438
2026-04-01,255.3946990966797,210.2100067138672,210.57000732421875,1356.7965087890625,312.99462890625,207.32000732421875,49.01532745361328,995.1160278320312,185.29713439941406,195.61830139160156,297.2124938964844,48.029998779296875,293.87603759765625,613.6229248046875,578.6936645507812,368.57171630859375,367.8500061035156,44.23419189453125,175.54541015625,144.7245330810547,126.8116226196289,381.260009765625,340.692138671875,124.50239562988281,159.69607543945312
2026-04-02,255.68443298339844,217.5,209.77000427246094,1314.359130859375,314.0529479980469,208.22000122070312,49.124759674072266,1013.4894409179688,186.2323760986328,197.1641387939453,295.59344482421875,50.380001068115234,293.1000061035156,618.7393798828125,573.9281005859375,372.6528625488281,366.239990234375,43.798091888427734,177.18348693847656,145.87054443359375,126.3333969116211,360.5899963378906,338.2478942871094,125.55039978027344,159.60667419433594
2026-04-06,258.6217041015625,220.17999267578125,212.7899932861328,1301.16796875,313.9331359863281,212.3000030517578,49.801246643066406,1017.0741577148438,184.09324645996094,197.0551300048828,299.8109130859375,50.779998779296875,295.45001220703125,633.7511596679688,572.4894409179688,372.0741271972656,377.760009765625,43.63951110839844,177.43319702148438,145.033447265625,125.267333984375,352.82000732421875,340.9615173339844,126.54849243164062,162.2686004638672
2026-04-07,253.26666259765625,221.52999877929688,213.77000427246094,1303.6026611328125,333.4422607421875,210,50.02010726928711,1011.741943359375,182.03375244140625,199.71080017089844,305.27764892578125,52.90999984741211,297.3999938964844,623.6174926757812,574.5175170898438,371.48541259765625,377.5799865722656,42.31139373779297,177.89266967773438,142.6717071533203,123.61344146728516,346.6499938964844,344.5132141113281,122.25668334960938,162.8049774169922
2026-04-08,258.66168212890625,231.82000732421875,221.25,1417.9530029296875,350.0759582519531,217.8000030517578,51.611839294433594,1028.7772216796875,175.47708129882812,191.13931274414062,317.1305847167969,58.95000076293945,307.9700012207031,624.4122924804688,611.8529052734375,373.52099609375,406.7300109863281,42.747493743896484,181.8680419921875,143.16000366210938,127.04077911376953,343.25,365.04510498046875,127.0176010131836,155.16680908203125
2026-04-09,260.2502136230469,236.63999938964844,233.64999389648438,1445.4827880859375,354.34918212890625,220.05999755859375,52.43754577636719,1030.53466796875,170.41018676757812,188.6322784423828,318.29986572265625,61.720001220703125,310.3299865722656,619.8123779296875,627.8081665039062,372.26373291015625,421.510009765625,43.609779357910156,183.69590759277344,137.86000061035156,127.27989959716797,345.6199951171875,364.6360778808594,128.884033203125,153.99476623535156
2026-04-10,260.240234375,245.0399932861328,238.3800048828125,1475.0582275390625,370.9628601074219,217.6300048828125,52.26842498779297,997.0232543945312,164.53533935546875,186.83871459960938,317.0506286621094,62.380001068115234,309.8699951171875,609.7283935546875,629.2767333984375,370.0684814453125,420.5899963378906,42.24201583862305,188.41041564941406,138.08999633789062,127.58875274658203,348.95001220703125,369.734130859375,126.52852630615234,151.4818115234375
2026-04-13,258.96142578125,246.8300018310547,239.88999938964844,1496.9302978515625,379.1499328613281,222.13999938964844,53.07423782348633,979.4287719726562,172.37510681152344,190.03939819335938,321.1181945800781,65.18000030517578,313.67999267578125,615.6595458984375,633.9425048828125,383.539306640625,426.55999755859375,42.52944564819336,189.08961486816406,155.6199951171875,130.75706481933594,352.4200134277344,368.70654296875,124.33271789550781,151.61094665527344
2026-04-14,258.59173583984375,255.07000732421875,249.02000427246094,1514.990966796875,380.17828369140625,223.77000427246094,53.07423782348633,973.3875732421875,170.86898803710938,185.32260131835938,332.7112731933594,63.810001373291016,311.1199951171875,607.6023559570312,661.8765258789062,392.2604064941406,465.6600036621094,43.808006286621094,196.28123474121094,163,132.35116577148438,364.20001220703125,379.00244140625,124.81181335449219,148.23387145996094
2026-04-15,266.18475341796875,258.1199951171875,248.5,1478.54052734375,396.0931091308594,223.92999267578125,54.039222717285156,983.3231811523438,177.14280700683594,183.23175048828125,336.91876220703125,64.94000244140625,305.92999267578125,607.1254272460938,670.9581909179688,410.3312683105469,456.2300109863281,45.03700637817383,198.63848876953125,169.80999755859375,132.56039428710938,391.95001220703125,374.2236328125,124.5223617553711,148.0054168701172
2026-04-16,263.15753173828125,278.260009765625,249.6999969482422,1407.755126953125,397.8403625488281,218.8800048828125,53.2334098815918,985.7796020507812,180.75347900390625,186.4423370361328,335.81939697265625,68.5,309.95001220703125,603.5389404296875,676.2432250976562,419.35174560546875,457.2300109863281,45.294700622558594,198.1190948486328,178.33999633789062,133.9751739501953,388.8999938964844,362.5010681152344,124.58224487304688,150.9553985595703
2026-04-17,269.98126220703125,278.3900146484375,250.55999755859375,1456.6185302734375,405.8976135253906,223.3800048828125,53.631343841552734,998.4412231445312,181.67111206054688,182.32009887695312,341.4760437011719,68.5,310.2900085449219,588.3384399414062,687.9124145507812,421.87628173828125,455.07000732421875,45.62177276611328,201.44520568847656,175.05999755859375,135.69879150390625,400.6199951171875,369.6343688964844,127.25714111328125,145.45274353027344
2026-04-20,272.79864501953125,274.95001220703125,248.27999877929688,1473.2821044921875,398.9985046386719,225.0800018310547,53.671138763427734,996.3942260742188,185.7904815673828,181.58680725097656,337.2185974121094,65.69999694824219,316.989990234375,577.4993896484375,670.2887573242188,417.1664733886719,448.4200134277344,46.06778335571289,201.82476806640625,177.5800018310547,137.01394653320312,392.5,365.3843078613281,127.67633819580078,146.6843719482422
2026-04-21,265.9250183105469,284.489990234375,249.91000366210938,1455.790283203125,401.5345153808594,219.16000366210938,53.20356750488281,1004.3526611328125,186.62831115722656,184.2920379638672,332.0916442871094,66.26000213623047,313,568.2301025390625,668.220703125,423.2433166503906,449.3800048828125,45.978580474853516,199.64732360839844,181.1699981689453,135.0611572265625,386.4200134277344,367.2200012207031,129.3531494140625,147.35980224609375
2026-04-22,272.9185791015625,303.4599914550781,255.36000061035156,1440.513671875,421.98211669921875,231.27999877929688,52.84542465209961,1002.2457275390625,189.3114013671875,184.6289520263672,339.1174621582031,65.2699966430664,313.0199890136719,551.8175048828125,674.09521484375,431.984375,487.4800109863281,45.274879455566406,202.26426696777344,187.5,135.5692901611328,387.510009765625,386.5347900390625,129.73240661621094,148.4921112060547
2026-04-23,273.1783142089844,305.3299865722656,255.0800018310547,1414.7100830078125,419.27642822265625,234.14999389648438,52.198787689208984,1012.9102172851562,172.85386657714844,185.8973388671875,338.6877136230469,66.77999877929688,311.69000244140625,526.34423828125,658.5396728515625,414.8514709472656,481.7200012207031,44.38285827636719,199.4075927734375,176.27999877929688,133.4570770263672,373.7200012207031,381.7659606933594,131.77850341796875,149.51516723632812
2026-04-24,270.81048583984375,347.80999755859375,263.989990234375,1454.52294921875,422.09197998046875,232.44000244140625,51.78095626831055,1009.6849365234375,177.70135498046875,183.52902221679688,344.19439697265625,82.54000091552734,308.2799987792969,510.1105651855469,674.4049682617188,423.7023010253906,496.7200012207031,44.29365539550781,208.0275421142578,173.27999877929688,148.30226135253906,376.29998779296875,401.5196838378906,129.6725311279297,147.90609741210938
2026-04-27,267.3636474609375,334.6300048828125,261.1199951171875,1432.43994140625,417.5391845703125,231.3300018310547,52.35795974731445,996.56396484375,179.71615600585938,183.10292053222656,350.130859375,84.98999786376953,311.6300048828125,510.01116943359375,677.9916381835938,423.9018859863281,524.5599975585938,44.73966598510742,216.3578338623047,172.9600067138672,149.70706176757812,378.6700134277344,404.0338134765625,127.34696197509766,147.19094848632812
2026-04-28,270.4608154296875,323.2099914550781,259.70001220703125,1384.56005859375,399.19818115234375,230.72000122070312,52.3878059387207,992.5597534179688,180.8532257080078,186.6504364013672,349.5711975097656,84.5199966430664,311.45001220703125,508.95806884765625,670.7183837890625,428.3222961425781,504.2900085449219,44.63064193725586,212.92184448242188,165.9600067138672,149.44801330566406,376.0199890136719,391.42333984375,127.34696197509766,149.5449676513672
2026-04-29,269.92132568359375,337.1099853515625,263.0400085449219,1394.0799560546875,404.809326171875,224.11000061035156,52.60667037963867,997.2229614257812,180.75347900390625,190.47540283203125,349.7311096191406,94.75,309.25,506.4942321777344,668.5004272460938,423.5426330566406,518.4600219726562,43.99631881713867,209.00640869140625,163.8300018310547,155.42593383789062,372.79998779296875,392.90985107421875,127.76616668701172,153.62725830078125
2026-04-30,271.1002502441406,354.489990234375,265.05999755859375,1438.989990234375,416.7703857421875,229.02999877929688,53.18367004394531,1013.06005859375,176.07554626464844,191.55551147460938,384.5702819824219,94.4800033569336,313.2300109863281,514.6011352539062,611.3433837890625,406.8987121582031,517.1599731445312,43.96658706665039,199.33767700195312,161.38999938964844,178.91917419433594,381.6300048828125,395.1346435546875,131.67869567871094,153.28955078125
2026-05-01,279.88214111328125,360.5400085449219,268.260009765625,1427.02001953125,420.6142883300781,227.3800048828125,52.96480941772461,1011.7000122070312,183.3468017578125,188.89984130859375,385.45977783203125,99.62000274658203,312.4700012207031,509.43499755859375,608.1863403320312,413.5443115234375,542.2100219726562,44.00623321533203,198.21897888183594,171.8300018310547,176.35862731933594,390.82000732421875,396.74090576171875,131.34933471679688,151.72019958496094
2026-05-04,276.5751647949219,341.5400085449219,272.04998779296875,1386.2099609375,415.84185791015625,221.3000030517578,51.92023468017578,1012.7899780273438,185.00250244140625,190.53485107421875,383.0212097167969,95.77999877929688,307.6499938964844,514.780029296875,609.8447875976562,412.72607421875,576.4500122070312,42.707847595214844,198.24893188476562,180.2899932861328,167.76039123535156,392.510009765625,400.6716613769531,130.08175659179688,152.65386962890625
2026-05-05,283.9184265136719,355.260009765625,273.54998779296875,1442.9200439453125,426.6846923828125,224.3800048828125,52.84542465209961,1016.4199829101562,186.50863647460938,190.89158630371094,388.1981201171875,108.1500015258789,309.3999938964844,505.61993408203125,604.3998413085938,410.4909362792969,640.2000122070312,42.67811584472656,196.271240234375,185.35000610351562,185.863525390625,389.3699951171875,393.488525390625,130.54086303710938,153.83584594726562
2026-05-06,287.245361328125,421.3900146484375,274.989990234375,1544.739990234375,424.7677307128906,229.92999267578125,53.32294464111328,995.75,180.7235565185547,183.47947692871094,397.8023986816406,113.01000213623047,314.8999938964844,510.915283203125,612.3125,413.0653381347656,666.5900268554688,43.490840911865234,207.5880584716797,194.02999877929688,191.8613739013672,398.7300109863281,418.5198974609375,129.8322296142578,147.6875762939453
2026-05-07,287.1754150390625,408.4599914550781,271.1700134277344,1516.5999755859375,411.9080810546875,231.02999877929688,52.47734069824219,1012.0599975585938,185.86029052734375,180.84361267089844,397.7524108886719,109.62000274658203,306.2699890136719,509.0773010253906,616.2388305664062,419.8606262207031,646.6300048828125,44.01613998413086,211.2537841796875,194.58999633789062,201.8046417236328,411.7900085449219,413.182373046875,129.95199584960938,145.591796875
2026-05-08,293.0500183105469,455.19000244140625,272.67999267578125,1592.02001953125,429.3205261230469,237.36000061035156,51.04478454589844,1008.7899780273438,181.35194396972656,179.9716033935547,400.56072998046875,124.91999816894531,302.1000061035156,503.2156982421875,609.0654907226562,414.22283935546875,746.8099975585938,43.74853515625,214.94947814941406,195.9499969482422,218.2837677001953,428.3500061035156,410.7181396484375,130.42999267578125,143.59535217285156
2026-05-11,292.67999267578125,458.7900085449219,268.989990234375,1565.81005859375,427.75299072265625,238.2100067138672,50.28871154785156,999.469970703125,177.0330810546875,183.06329345703125,388.40802001953125,129.44000244140625,300,508.9183654785156,598.3054809570312,411.7681579589844,795.3300170898438,42.01405715942383,219.18453979492188,193.83999633789062,236.65591430664062,445,403.5948486328125,127.58999633789062,148.6708984375
2026-05-12,294.79998779296875,448.2900085449219,265.82000732421875,1520.93994140625,418.6374206542969,236.8699951171875,50.517520904541016,1021.8800048828125,170.86898803710938,184.26229858398438,387.1187744140625,120.61000061035156,304.8800048828125,517.6114501953125,602.441650390625,406.8887023925781,766.5800170898438,41.97441101074219,220.52297973632812,186.8300018310547,209.5360870361328,433.45001220703125,396.351806640625,130.35000610351562,149.614501953125
2026-05-13,298.8699951171875,445.5,270.1300048828125,1581.5799560546875,416.13140869140625,240.60000610351562,49.58238220214844,1033.0799560546875,165.41307067871094,184.31185913085938,402.3796691894531,120.29000091552734,300.25,516.558349609375,616.0590209960938,404.3342590332031,803.6300048828125,41.964500427246094,225.56710815429688,189.75999450683594,212.38555908203125,445.2699890136719,398.86590576171875,131.47000122070312,150.5481719970703
2026-05-14,298.2099914550781,449.70001220703125,267.2200012207031,1584.510009765625,439.0950622558594,229.2100067138672,49.59232711791992,1041.25,167.14859008789062,184.946044921875,400.8305969238281,115.93000030517578,299.9100036621094,517.0252685546875,617.8573608398438,408.5451354980469,776.010009765625,41.6473388671875,235.465576171875,195.61000061035156,199.34373474121094,443.29998779296875,416.7440490722656,132.4600067138672,151.75
2026-05-15,300.2300109863281,424.1000061035156,264.1400146484375,1501.81005859375,424.51812744140625,220.49000549316406,49.51274490356445,1048.949951171875,173.06332397460938,189.36557006835938,396.54315185546875,108.7699966430664,297.80999755859375,512.6539306640625,613.6612548828125,421.0081481933594,724.6599731445312,41.50857925415039,225.05770874023438,192.9499969482422,200.74855041503906,422.239990234375,403.4053039550781,131.4499969482422,157.9199981689453
2026-05-18,297.8399963378906,420.989990234375,264.8599853515625,1472.3900146484375,420.0451965332031,220.61000061035156,50.42798614501953,1076.469970703125,179.01795959472656,194.33999633789062,396.70306396484375,108.16999816894531,300.7300109863281,524.8739013671875,610.64404296875,422.6246643066406,681.5399780273438,42.19245910644531,222.0612030029297,186.61000061035156,202.890625,409.989990234375,395.0249328613281,133.33999633789062,160.49000549316406
2026-05-19,298.9700012207031,414.04998779296875,259.3399963378906,1459.43994140625,410.4204406738281,215.00999450683594,50.43793487548828,1094.3199462890625,178.95811462402344,197.25,387.4285888671875,110.80000305175781,295.70001220703125,523.204833984375,602.052001953125,416.51788330078125,698.739990234375,42.04378890991211,220.35317993164062,181.4600067138672,194.8901824951172,404.1099853515625,391.69268798828125,134.1999969482422,162.5500030517578
2026-05-20,302.25,447.5799865722656,265.010009765625,1550.1300048828125,417.0998840332031,222.1999969482422,50.96519470214844,1074.010009765625,179.63636779785156,191.3300018310547,388.6778564453125,118.95999908447266,301.9800109863281,519.191162109375,604.499755859375,420.1499938964844,731.989990234375,43.798091888427734,223.20985412597656,188.16000366210938,201.76478576660156,417.260009765625,400.6816711425781,130.85000610351562,156.27999877929688
2026-05-21,304.989990234375,449.5899963378906,268.4599914550781,1592,413.9149169921875,219.61000061035156,51.223854064941406,1050.449951171875,175.8561248779297,191.00999450683594,387.4285888671875,118.5,303,519.3897705078125,606.8175659179688,419.0899963378906,762.0999755859375,43.99631881713867,219.25445556640625,189.77000427246094,212.6246795654297,417.8500061035156,406.19873046875,121.33999633789062,155.2899932861328
2026-05-22,308.82000732421875,467.510009765625,266.32000732421875,1632.9000244140625,413.485595703125,219.02000427246094,51.532249450683594,1028.239990234375,179.6064453125,191.42999267578125,382.74139404296875,119.83999633789062,306.3800048828125,529.7718505859375,609.6949462890625,418.57000732421875,751,44.273834228515625,215.07933044433594,192.0800018310547,237.28359985351562,426.010009765625,403.57489013671875,120.2699966430664,154.9199981689453
2026-05-26,308.3299865722656,503.8900146484375,265.2900085449219,1632.030029296875,421.3431701660156,218.89999389648438,51.93018341064453,1002.9299926757812,178.61898803710938,184.7100067138672,388.6478576660156,123.5199966430664,306.739990234375,529.43408203125,611.7730102539062,416.0299987792969,895.8800048828125,44.541439056396484,214.60987854003906,193.05999755859375,247.90438842773438,433.5899963378906,411.3566589355469,118.56999969482422,149.80999755859375
2026-05-27,310.8500061035156,495.5400085449219,271.8500061035156,1597.8699951171875,421.193359375,224.3000030517578,50.83586883544922,1003.6900024414062,177.0530242919922,182.39999389648438,388.5978698730469,121.7699966430664,299.2799987792969,527.6854858398438,634.6718139648438,412.6700134277344,928.4099731445312,45.57221603393555,212.35250854492188,190.9600067138672,232.54110717773438,440.3599853515625,421.7423400878906,118.54000091552734,147.89999389648438
2026-05-28,312.510009765625,518.0900268554688,274,1605.77001953125,425.9059143066406,228.77999877929688,50.50757598876953,995.2000122070312,175.7164764404297,183.02999877929688,389.8971252441406,120.88999938964844,296.7300109863281,533.716064453125,634.7017211914062,426.989990234375,923.52001953125,46.94989013671875,214.00057983398438,203.6999969482422,242.39471435546875,442.1000061035156,423.8673400878906,118.9000015258789,146.9600067138672
2026-05-29,312.05999755859375,516.0999755859375,270.6400146484375,1612.760009765625,446.06402587890625,231.14999389648438,51.333282470703125,956.3200073242188,190.60804748535156,182.4600067138672,380.1129455566406,114.68000030517578,299.30999755859375,527,631.92431640625,450.239990234375,971,45.81999969482422,210.8942108154297,225.77999877929688,250.09628295898438,435.7900085449219,417.47235107421875,115.75,145.25999450683594
2026-06-01,306.30999755859375,510.1300048828125,261.260009765625,1628.5699462890625,459.2431640625,224.3000030517578,51.24374771118164,946.1099853515625,209.0604248046875,185.8300018310547,376.14532470703125,109.33000183105469,296.5799865722656,516.5,599.9139404296875,460.5199890136719,1035.5,45.93000030517578,224.09881591796875,248.14999389648438,228.14735412597656,415.8800048828125,434.6122131347656,114.5999984741211,149.3800048828125
2026-06-02,315.20001220703125,521.5399780273438,256.5199890136719,1705.3699951171875,480.8090515136719,217.6999969482422,52.208736419677734,954.27001953125,200.32296752929688,187.5500030517578,361.6340026855469,107.93000030517578,300.9599914550781,513.4299926757812,597.0765991210938,441.30999755859375,1064.0999755859375,43.72999954223633,222.56060791015625,244.5800018310547,239.9537353515625,423.739990234375,445.6463623046875,113.05999755859375,149.55999755859375
2026-06-03,310.260009765625,542.52001953125,250.02000427246094,1726.3599853515625,478.4727478027344,210.5800018310547,52.129150390625,961.8300170898438,190.1193084716797,189.7100067138672,358.77569580078125,112.70999908447266,300.8500061035156,512.030029296875,622.4031372070312,427.3399963378906,1079.5699462890625,43.810001373291016,214.5,230.3300018310547,249.08999633789062,423.70001220703125,435.66973876953125,116.88999938964844,152.52999877929688
2026-06-04,311.2300109863281,523.2000122070312,253.7899932861328,1757.469970703125,418.248046875,217.4199981689453,53.88999938964844,972.3499755859375,188.26409912109375,188.35000610351562,371.96783447265625,111.77999877929688,310.8900146484375,519.0499877929688,626.9888916015625,428.04998779296875,996,43.619998931884766,218.66000366210938,236.33999633789062,242.57000732421875,418.45001220703125,443.8805236816406,117.73999786376953,152.0399932861328
2026-06-05,307.3399963378906,466.3800048828125,246.02999877929688,1641.739990234375,385.1204833984375,215.4499969482422,53.83000183105469,971.8699951171875,185.1820526123047,187.30999755859375,368.30999755859375,99.16999816894531,312.3699951171875,523.760009765625,592.450927734375,416.6700134277344,864.010009765625,42.97999954223633,205.10000610351562,213.67999267578125,215.94000244140625,391,414.20001220703125,118.87999725341797,149.9199981689453
2026-06-08,301.5400085449219,490.3299865722656,245.22000122070312,1749.0400390625,395.9732971191406,215.9199981689453,53.630001068115234,974.75,182.08006286621094,189.24000549316406,363.30999755859375,110.2699966430664,311.1099853515625,520.0700073242188,584.8479614257812,411.739990234375,949.280029296875,43.22999954223633,208.63999938964844,211.82000732421875,217.77000427246094,408.95001220703125,425.8028259277344,119.83000183105469,151.75
2026-06-09,290.54998779296875,475.510009765625,244.19000244140625,1777.77001953125,391.5403137207031,214.50999450683594,54.41999816894531,968.5900268554688,174.8986053466797,186.75999450683594,364.260009765625,107.91999816894531,312.70001220703125,530.1300048828125,584.0487060546875,403.4100036621094,935.8900146484375,44.650001525878906,208.19000244140625,205.80999755859375,205.4199981689453,396.67999267578125,426.92022705078125,118.87999725341797,148.91000366210938
2026-06-10,291.5799865722656,452.3999938964844,238,1734.18994140625,371.51202392578125,209,54.540000915527344,983.3699951171875,170.47999572753906,189.8000030517578,356.3800048828125,107.04000091552734,309.1400146484375,525.02001953125,570.4512939453125,397.3599853515625,891.8800048828125,43.959999084472656,200.4199981689453,201.25999450683594,191.1999969482422,381.5899963378906,407.7950134277344,120.58999633789062,150.6199951171875
2026-06-11,295.6300048828125,488.45001220703125,241.50999450683594,1899.47998046875,384.9607238769531,221.6300048828125,55.15999984741211,975.6900024414062,166.4499969482422,185.82000732421875,357.7699890136719,116.95999908447266,313.489990234375,548.6799926757812,567.9036254882812,390.3399963378906,995.8699951171875,45.959999084472656,204.8699951171875,184.10000610351562,202.9600067138672,399.1499938964844,421.07000732421875,120.5,146.60000610351562
2026-06-12,291.1300048828125,511.57000732421875,238.5500030517578,1863.550048828125,381.4662780761719,219.0500030517578,56.02000045776367,982.3499755859375,165.88999938964844,187.22000122070312,359.67999267578125,124.56999969482422,320.7200012207031,540.3300170898438,566.4549560546875,390.739990234375,981.6099853515625,44.93000030517578,205.19000244140625,184.1300048828125,211.72000122070312,406.42999267578125,423.92999267578125,121.04000091552734,147.00999450683594
2026-06-15,296.4200134277344,547.260009765625,246.02000427246094,1892.6600341796875,393.3175048828125,228.9499969482422,55.869998931884766,979.4500122070312,164.5500030517578,180.39999389648438,369.3500061035156,127.86000061035156,319.3999938964844,530.3599853515625,593.47998046875,399.760009765625,1087.989990234375,45.20000076293945,212.4499969482422,192.63999938964844,220.80999755859375,411.1499938964844,441.3999938964844,120.81999969482422,140.9199981689453
2026-06-16,299.239990234375,507.2900085449219,246,1803.8900146484375,376.1147155761719,227.49000549316406,56.84000015258789,986.6799926757812,161.7100067138672,180.11000061035156,373.25,117.05000305175781,331.1400146484375,535.9500122070312,600.2100219726562,393.8299865722656,1020.760009765625,45.040000915527344,207.41000366210938,188.3300018310547,214.07000732421875,404.6600036621094,425.8299865722656,121.02999877929688,141.86000061035156
2026-06-17,295.95001220703125,512.47998046875,237.5,1867.8299560546875,392.2791442871094,225.6300048828125,56.529998779296875,965.5900268554688,155.02000427246094,177.5800018310547,363.7900085449219,121.0999984741211,333.4599914550781,532.3200073242188,567.5800170898438,378.9100036621094,1043.18994140625,44.189998626708984,204.64999389648438,183.52999877929688,212.97000122070312,396.3800048828125,432.1499938964844,118.12999725341797,140.74000549316406
2026-06-18,298.010009765625,537.3699951171875,244.38999938964844,1929.6800537109375,410.70001220703125,222.72000122070312,56.20000076293945,951.4500122070312,151.77999877929688,173.6300048828125,368.0299987792969,133.99000549316406,325.2200012207031,510.95001220703125,577.219970703125,379.3999938964844,1133.989990234375,45.20000076293945,210.69000244140625,184.2899932861328,226.11000061035156,400.489990234375,462.1199951171875,117.18000030517578,137.80999755859375
2026-06-22,297.010009765625,551.6300048828125,232.7899932861328,1929.25,392.1300048828125,220.8300018310547,57.369998931884766,951.3499755859375,150.1199951171875,175.05999755859375,349.67999267578125,140.94000244140625,331.4800109863281,493.6000061035156,563.8499755859375,367.3399963378906,1211.3800048828125,43.189998626708984,208.64999389648438,175.07000732421875,221.89999389648438,405.04998779296875,467.6700134277344,117.18000030517578,138.47000122070312
2026-06-23,294.29998779296875,519.8499755859375,234.11000061035156,1778.4599609375,380.1499938964844,216.7100067138672,57.90999984741211,957.6799926757812,153.4199981689453,175.97999572753906,346.1300048828125,132.27999877929688,334.1400146484375,503.6700134277344,562.2000122070312,373.94000244140625,1051.77001953125,42.380001068115234,200.0399932861328,165.16000366210938,204.1300048828125,381.6099853515625,436.3900146484375,119.41999816894531,139.72999572753906
