date,AAPL,AMD,AMZN,ASML,AVGO,BA,BAC,COST,CRM,CVX,GOOGL,INTC,JPM,LMT,META,MSFT,MU,NKE,NVDA,ORCL,QCOM,TSLA,TSM,WMT,XOM
2024-06-24,,,,,,,,,,,,,,,,,,,,,,,,,
2024-06-25,0.004468142752225087,0,0.004149318226444795,0.02128714089177614,-0.007172367035387127,-0.02233389091951283,-0.015991943110842895,0.008665717638038929,0.007585214130465683,-0.005335668251109932,0.026838685189441644,0.005560999677706015,-0.004072791168435137,-0.007295773333417019,0.0234311626427073,0.00732675173172103,0.015178903337249678,-0.024904858764138314,0.06756417595126221,-0.005146986330441156,0.006622265062166633,0.026125557150967323,0.028544295757583896,-0.02148044669420434,0.002805874943084578
2024-06-26,0.01999331416412954,-0.01691111833926482,0.039014727999018665,-0.006586262890591959,0.0070913218757381775,0.019417440194001857,-0.009649578505916006,0.0015548240254350748,0.005749451101900111,-0.01583989085355199,-0.0008150693326967632,-0.0065061423588606195,-0.003231234176205642,-0.002307380304517847,0.0049352650721646305,0.0026832379084684283,0.008787001770466528,-0.0072823611152659255,0.002458594179411919,-0.006754410511703229,-0.02394027764443363,0.048145122603775646,-0.003070754113880146,0.012904225396601058,0.0003497619090190204
2024-06-27,0.00398598999720617,0.012250907812754097,0.02189972356695177,0.011223733103367273,-0.003354153779001214,0.022464955220369398,0.006410303668489669,-0.0072593182600245495,0.039893227357228535,0.0023726136252583438,0.008320572591062864,0.001637187363771983,0.008813343157915104,0.00029977491395075437,0.012550683911355897,0.0015260711650563774,-0.07115778998178035,0.001382168183232411,-0.019066532230882515,0.014106886656293116,-0.011047598144747163,0.005347064612041179,-0.00255711136737103,-0.006003896221698361,0.004282764881740986
2024-06-28,-0.016254183722711854,0.017181949408603518,-0.02324996695278791,-0.005136134999521927,0.01189284826186272,-0.0027395759961039963,0.013248260514667288,-0.0007406836295209572,0.016808388394315747,0.0006395135826731052,-0.017582770818574872,0.012422324002958422,0.015514261582793672,-0.00006411001967991679,-0.029525022679943218,-0.013028673609415094,-0.005293962683936937,-0.19980895502290857,-0.003629242359601683,0.00727638824687425,0.020650769810202474,0.002330091774560394,0.01270170080375286,-0.002504320043674462,0.0019147462833543712
2024-07-01,0.02910458280661784,-0.027865138310696626,0.020439828968911708,0.010520858029524021,0.0219677647708813,0.025767829146492848,0.006034764686751221,-0.005082437453414378,-0.003461747601571067,0.0006395298738227428,0.004611752112942384,-0.004197560980749367,0.015771748862620696,-0.0014129900323531883,0.0009123142499427861,0.021881675846766892,-0.00007570176588387769,0.019371363161934406,0.006151927596144746,0.013385244687588225,0.004267531871187577,0.06054171938510814,-0.008514915374473929,-0.0033965285847897043,-0.0013899329505969423
2024-07-02,0.016239938620749156,0.041981070547876545,0.014198798656638475,0.013933432041894983,0.010165853959871893,-0.006855912159718578,0.022994281995722225,0.01618840842983491,-0.00007811466179528065,0.0014693733660946183,0.012295693242843197,0.007457839828036376,0.0164519379043232,-0.0015864322116081542,0.009550692542393867,0.005583063061791309,0.008135401456528125,-0.010282555328645337,-0.0131135077669577,0.0013279456040023298,0.000649950921342247,0.10197271435359367,0.019555414439771497,0.00874301419241058,-0.006784999976613223
2024-07-03,0.005811003783563325,-0.0024953056308284934,-0.012050018310546876,0.022444987010105832,0.04328253834385174,-0.005986412583933833,-0.0007331007067094715,0.0038400666239498025,0.01858027643737365,-0.00025510371779209536,0.0031311535039683746,0.005149643740681147,-0.0006706294702438755,0.0007084807291445778,0.0009028597553625727,0.0032442841342289995,0.03190294094571365,-0.01052100658056493,0.045732517367616604,0.007677251960372175,0.018235410541951207,0.06542422054051059,0.03864536690214135,0.002497443810939633,0.005079844889665909
2024-07-05,0.021620437260495208,0.04881025197018997,0.012196992290986865,0.0028653753449293658,-0.014983701055970196,0.0028213568409148483,-0.01198025678520452,0.02667336460452141,0.008583506388855819,-0.015315007277507856,0.025723725971617543,0.025296211465527806,-0.013250369326350262,-0.008304208082503003,0.05873000113742175,0.014736259878809797,-0.03815220225831065,0.002525490082566882,-0.019098905354084445,0.003116908068643864,0.009518680756691291,0.02082067005771512,0.008219688675860815,0.026377478522847535,-0.012112317834080684
2024-07-08,0.006538883238900402,0.03949976024438208,-0.0035500335693359375,0.0027084403387249412,0.024980856549615533,0.005464451100093214,0.005196653002480978,-0.005453498902954162,-0.02211314541734483,0.0001295687525404846,-0.008237127692985477,0.06152406452534514,0.0018554681084172755,-0.0008655007034672786,-0.01961419840899521,-0.0028232656019633053,-0.006046262790059016,-0.03155236542429878,0.01883466374940171,0.0013807489465494564,0.010400936531596681,0.005645666924397348,0.014348591047589121,-0.0051398066696753736,-0.010496661355276254
2024-07-09,0.0037747795275415007,-0.008898071051356085,0.00025090598345306817,-0.016168940042044132,-0.0071885752844117945,-0.013990480499145676,0.019694681028334195,0.006822961887735619,-0.017667348600261226,-0.008747396172390915,-0.0002646118320127281,0.017652258138256275,0.011990219704842956,-0.0031618315355705,0.0012845705731418186,-0.014370304822733842,0.0034430985960827148,-0.008076747958069482,0.024805529115314844,-0.0299937494217651,-0.0037038571722576978,0.03712336538398892,-0.01130579623535955,0.0031572824348976413,-0.011053566075051535
2024-07-10,0.018803593792569476,0.038735179977023075,0.0022574343157878945,0.036774621369665285,0.006565631018084029,0.0026740352525981537,0.00772575544581689,-0.002864100417851172,0.0006338411706973455,0.014054026335899509,0.011641445812306462,0.00809475447435592,0.0008187599400429872,0.0015424628376661989,0.00884910507281913,0.014601608502702423,0.04003352380024751,0.0011038935064320858,0.026868454624117348,0.009880686241048865,0.00811138827043332,0.0035452416458809062,0.03538925105636264,0.007295957096654503,0.008833517709188263
2024-07-11,-0.023220755359770327,-0.010980670791140314,-0.023724863074531158,-0.03316776384000687,-0.022204534233608988,0.0009797416794003187,0.00167721395159586,-0.04265471949776346,-0.005819715483436046,0.000837905871704944,-0.029344014968831288,-0.03928874180642803,-0.0016843972846720533,-0.001366485587324004,-0.04112665820649103,-0.024772153231738352,-0.045164558990999165,0.011717839381459321,-0.055666850271793744,0.0076937151301577095,-0.04286413032536807,-0.08444127539962887,-0.0342843548487253,-0.008663431365233329,0.01188347226429108
2024-07-12,0.013050703688489056,-0.0018137948039269954,-0.0028710461411536143,0.02142104515737671,-0.0030950270067624207,-0.008699940577758095,-0.005261994669714873,-0.004358566739314304,0.011349204764239946,0.0021256063469532924,-0.0026942959328941666,0.02955228043605734,-0.01209924443147331,0.007276515048031833,-0.02697486177300872,-0.002529198675335517,0.02549336492069699,0.00040868707694587033,0.014442902520800223,0.014079619303936051,0.012909699428332772,0.02987178768081472,0.015447182334521015,-0.008022831961360884,0.00017661048438968345
2024-07-15,0.016743404544775714,-0.009801215645144473,-0.00910074668347495,-0.019930614629698667,0.007955652445677783,-0.01755250392789743,0.007213229595969847,0.00691663542459765,-0.0043706129621192006,0.0157464561314006,0.007888787775083348,-0.0008699568160381926,0.024934095140881775,0.00032359399795216676,-0.005432267703413666,0.0009041843437097884,-0.020067318314697026,-0.028738725210020893,-0.006190325211741762,-0.011742524917656767,0.028404774087435792,0.017765796793349102,-0.011369194614450446,0.005343769282430094,0.017127184997995412
2024-07-16,0.0017918921770741414,-0.01267863402147363,0.001556678340896484,0.004287059986148025,-0.011900549225423654,0.03874715212861853,0.0534734170090875,0.0024034229313429235,0.012536511518562698,-0.001708368058933177,-0.013992293394418152,-0.0034821887903777604,0.016995942438312366,0.010131838019848722,-0.012838580087965389,-0.00978074593986481,-0.02582725715167217,0.021034883953327574,-0.016194146503066782,-0.003215339784143624,0.007013207788605015,0.015516142251486757,0.004427324248054543,0.005458951292269273,0.007204327376776393
2024-07-17,-0.025295993622862056,-0.10205581562673574,-0.02637038381521735,-0.12743981848878147,-0.07911210209427183,-0.006503664036654555,-0.0033989828750515907,-0.005277419881646386,-0.018786859361022493,0.021930657138071578,-0.015767710688091692,0.003494356800457895,0.015213889094302194,0.0159845672969594,-0.05675913338381918,-0.01334750520981266,-0.06267157644592047,0.0035710130469045025,-0.06623940747284882,-0.023490746865223403,-0.08605225085416827,-0.03141564404151894,-0.07976777269924276,0.014859207317201823,0.01378828950240541
2024-07-18,-0.02053478366706879,-0.022956711857619595,-0.02224228616340456,-0.008486511776451574,0.029106288318107,-0.02494049286781203,-0.022055604854127126,-0.008165317590633873,-0.015404802663261026,0.0045897263935502,-0.018395924826161328,0.011897905406293607,-0.03177017987541192,-0.00014702866619796775,0.030000712217414773,-0.007102263594046461,-0.01715478924633627,-0.009443049950520333,0.026273374993369382,-0.008832294535245819,-0.0007306538371210377,0.0029376085615254025,0.003913439368978814,-0.002956668896304968,0.009860736761529442
2024-07-19,0.0005799246255892101,-0.026898647534716755,-0.003374123086734694,-0.031142203527533947,-0.019748401213832045,-0.0031071274031450394,-0.002557545231950579,-0.00147711312587303,0.0011321437397025576,-0.017410735311818054,-0.0001686571790585416,-0.05420131801738127,-0.0009524447035556378,-0.0022690075504510545,0.001975378147137135,-0.007402736187680609,-0.027160532234566517,0.004421229067830528,-0.026096168911199476,0.003839827861865722,-0.027420883736271304,-0.04024394716220987,-0.03549180618229208,-0.0009883691579656672,-0.022979901141643465
2024-07-22,-0.0015602986469246576,0.02830184215800628,-0.0031671589340361724,0.05125253894434978,0.023578081654215075,-0.0042856585980309055,-0.013986118136398069,0.011084136558305521,0.026046800319657067,-0.013572041869442145,0.0225711584617567,0.011825383531693767,0.0023834195249202326,-0.0006948619836396206,0.02225297107932097,0.013337417974762447,0.008927055038583872,0.029711024332028123,0.0475705271818022,0.011619426273864366,0.04704362288416399,0.051463201152370304,0.02159614076239468,-0.005229609575947377,-0.00689243319000507
2024-07-23,0.004688279671918695,-0.011997146184431356,0.021144894800451737,-0.008977351033971667,0.016826117029275563,0.042370050808613495,0.002600567976809659,0.005534460018480719,0.0077928239495557204,-0.018472356995597454,0.0006605260763489938,-0.012586103380080742,0.00023794083696310412,0.05625924506080593,0.002646642914872371,0.00431220172538455,-0.008934764651809464,-0.019503012450893253,-0.007689785778662488,0.02097445452970146,-0.008308898279615416,-0.020396762498772217,0.0027753497190177905,0.003836398052912035,-0.016136027142779195
2024-07-24,-0.02875431594842381,-0.06084412413758117,-0.029934025650088576,-0.06438603249359193,-0.07589902595297619,-0.03437359797393912,-0.00518736265014148,-0.02498513186267532,-0.02452562778433106,0.006359874064462687,-0.05038769295729402,-0.03793633071686459,-0.00827289272647693,0.027748254717074965,-0.05610911285079276,-0.03585492997709477,-0.03474834237836706,-0.03147159880905656,-0.06803166526791432,-0.030326317636624092,-0.06351175874358188,-0.12334604589403694,-0.05900368727539767,-0.0007078022936798668,0.014108115307401012
2024-07-25,-0.004804483508515281,-0.04362855109979752,-0.005419431054668959,-0.011595609942188077,-0.013744034108214032,0.023768526713005975,-0.012088147987031315,-0.01789789262615943,0.02698383012666188,0.015928191524992297,-0.03099124122621764,-0.018927453581447935,0.0003835925295753255,0.0120342491343812,-0.017039906733054003,-0.024481129549382988,-0.025662007514569842,0.004501457423851293,-0.0172428912128056,-0.006845739993574315,-0.03136924568203837,0.019723109396239,0.003003795954214271,-0.008215397402483025,0.021041640471286618
2024-07-26,0.0021609909605232237,0.012073438985806855,0.01473446653629318,0.029862239559995812,0.015878316062988337,0.013778102533430694,-0.0002400016325859558,0.003448689123850736,0.024130590355004665,0.0019043166092256021,-0.001673962388746443,0.00803859929909902,0.01710834195990761,0.006520808892227494,0.027105821150163342,0.01641969180619351,0.018241128724491202,0.016104236438553965,0.006946854963482168,0.008634228230297804,0.026569447899322925,-0.002043118947751135,0.010356760979420452,-0.0034274427855814746,-0.0008516195653403116
2024-07-29,0.0012846047827801948,-0.0017144473444269017,0.003835599716395548,-0.018265647310259633,-0.009298953247487694,-0.007812117923031333,-0.013918932231801592,-0.0024950785269301124,-0.015682583450433493,-0.007856025065488811,0.015149758760131766,-0.01658690905795815,-0.006549134505940273,0.005411613359413653,0.000021374422890581954,0.0034331093258835716,-0.014258388003104435,0.013643924952619513,-0.013001892918470674,-0.005035644695552825,-0.00783095882684366,0.05595997671056195,-0.011917971633965286,-0.00229278324059544,-0.0104831892481848
2024-07-30,0.00256591338095901,-0.009373864462209303,-0.008133134602594743,-0.011843124836431745,-0.044601176063216244,0.007711848088516286,0.004623952870842158,-0.006780576217536839,-0.0025522439652889074,0.018965377625927402,0.004482959881835468,-0.022705208951190048,0.02058325658009071,0.018990104076585423,-0.005411109765342879,-0.00892833405512157,-0.049049649866508206,0.010469065700550407,-0.07043637158283134,-0.019087468406555595,-0.06549490054177984,-0.04084450985365369,-0.03418536395272929,-0.006176552477419698,0.017829523457655594
2024-07-31,0.014990858974981236,0.04362895969096213,0.029002194810164496,0.08888221090631591,0.11956519973080884,0.02001501381220094,-0.023497909504065873,0.014777244965471314,0.0033728728487246273,0.005640167676044067,0.007340494319907184,0.020245623110334187,-0.01110642556943491,0.007923414096684366,0.02513013044118758,-0.010805917990709346,0.07078791714527509,0.007265822086582243,0.12812089118928058,0.02786169048199129,0.08392214023643078,0.042449072025433965,0.07286142480801101,-0.007948881289569311,0.0035540586453458997
2024-08-01,-0.016750706655276833,-0.08264121535498072,-0.01556310017014146,-0.05657097633437366,-0.08501365962008871,-0.06448063038490734,-0.02009429823953108,-0.006216673305929355,-0.022179251833174332,-0.04891870100157582,-0.004547049688397077,-0.05497726509239451,-0.02274438577565447,0.012806236476779058,0.048248711783781546,-0.0029639786532483585,-0.07566931684859364,-0.013491801192145488,-0.06674061349308634,-0.013911783348919892,-0.09367228063907682,-0.06554059651757453,-0.04595901727088033,0.01675389990551997,-0.01382912201583749
2024-08-02,0.006869336492536903,-0.00030174504420317375,-0.08784708417625421,-0.08414529005487761,-0.02176564565381264,-0.04688464317658025,-0.0486076099348563,0.006353454907461876,-0.03592022192152119,-0.026667433303920164,-0.024010161636364914,-0.2605851455985698,-0.04241198120449116,-0.000163866268714659,-0.019287043597484555,-0.020666028902417536,-0.0867894177531952,0.0021665574515568465,-0.017763992392598352,-0.03076133391707217,-0.028597548626201903,-0.04237758192170537,-0.052598239522116993,-0.01905738631440784,-0.0005985456010660131
2024-08-05,-0.04816695497606195,0.01750948923938679,-0.04097671157906752,0.01359111854763213,-0.01209860129277731,-0.017181513512086678,-0.02474711270579469,-0.024632628435877667,-0.02033043402790114,-0.026186399196695038,-0.044461869725938394,-0.06378027431128855,-0.021291506749926435,-0.006177293674323258,-0.02542313997218403,-0.03265696095844887,-0.0245955423079299,-0.03499524145465978,-0.06357788230027349,-0.04066620120916345,-0.008536705304109445,-0.04232673647438427,-0.012745397225646073,-0.012707852893390837,-0.01805271972990207
2024-08-06,-0.009748225629656564,-0.0344163654974374,0.005651399696776351,0.02762244358388919,0.012950421309942338,-0.011914060394585363,0.007366777273833694,0.018769563073369296,-0.0024684795617831933,-0.009885433384279147,-0.0060283384238937485,-0.013923395790958646,0.027911769499893487,-0.007004506292542506,0.0385933329471475,0.011287008949688303,-0.015704537233246437,0.015121699275227057,0.037829841902901416,0.0027374487313274833,0.0048748268225256375,0.008849529684359128,0.05028748171602322,0.0022191946596740396,-0.005314889755364012
2024-08-07,0.012498226804184965,-0.011599282468824855,0.005187498515865259,-0.007900220647721489,-0.053154459181637685,-0.010906373401555335,0.010292536740015642,-0.008055062586925238,0.006794616139894564,-0.005725010141592411,0.004106537616822952,-0.03628521468440664,0.0002993638459018085,0.01283328173679875,-0.010463624107423887,-0.0029530362518360486,-0.0247189929726573,0.0016551477059467258,-0.05122311089790974,-0.018017499333657122,-0.01638106542735251,-0.04425839767656341,-0.0022524468907812547,-0.01225272057989166,0.013314546088791426
2024-08-08,0.016633350867192497,0.05945449027852538,0.018615215947435596,0.048185550730066695,0.06949422159188914,0.03448903108655679,0.024396837203964288,0.03594961693405062,0.0378270434314296,0.01460570513073373,0.019441129091786646,0.07898894250021771,0.018263549011944748,0.005669895296770185,0.04235859491160733,0.010692135973435293,0.06071420106893684,0.02161962687468963,0.061267876267924945,0.02430517497267209,0.056559201681297924,0.03692116204562311,0.06133908798862421,0.011209089749615108,0.019104491949805732
2024-08-09,0.013735848261558846,-0.015038167118654541,0.0068757501125772825,-0.01836552406842892,0.017290950392665354,-0.005684795895279904,0.0018320574946253203,0.018464895348786006,0.013688271044020515,0.003460401442915166,0.010121616550950287,-0.03806738386327187,0.008526856024454509,-0.00007254280492003497,0.01597261812778854,0.008269302711531978,0.010970032985051718,0.0020216163584723394,-0.002095881271882299,0.024038385644474636,-0.002849500905364985,0.005833854775063313,0.01561809672125737,0.004285958469015338,0.00814309433023443
2024-08-12,0.007129995240501306,0.018619199526701404,-0.0008386209871871509,-0.00893597547932721,0.0024283304874014432,-0.022512052271188597,-0.002873667836879318,0.010106040643664854,-0.004831147946826481,0.00020678888837561023,-0.00843163175298329,-0.01775740691925344,0.0018949708666880535,0.009663122697444465,-0.003515186886635727,0.0019457792766987149,0.016759721710686588,0.004035829280468648,0.0407637621661435,0.003937749132090108,-0.009666752792565306,-0.012549972534179688,0.003051759378709516,0.011037646772198338,0.0012622012040438423
2024-08-13,0.017193035125011538,0.031878339359162115,0.02056350487425907,0.019499080715370584,0.05073364850226419,0.028209282192669237,0.007597562787310927,0.0014475901522776947,0.013091532884380237,-0.005999190664518065,0.011522527690913458,0.05733464194259511,0.008487519327066121,0.004507146905310407,0.02440157495130975,0.01769882037580496,0.02958579929650549,0.05171466466195869,0.0653091177345563,0.012671329015591109,0.04039537504607779,0.05235706137163754,0.028097558989841707,-0.00829689155619493,-0.009579828595918782
2024-08-14,0.002033799859725962,-0.0026925874701700576,-0.0007636117446157484,0.01160444481478786,0.009797528885975829,-0.0015406169429888548,0.009100432236007568,-0.002439842762680785,0.0028279440215910087,0.0036074956216355196,-0.023087243066713038,-0.026868551807997913,0.011060834896414191,0.00679248667987658,-0.0033678774246072678,0.006883678626597514,0.03048026566067321,0.00025468824761123944,0.016704026602002296,0.009980820804739124,-0.013689739023700237,-0.03103496555557652,-0.01375178725556011,0.0077792567451330594,0.009248267703858842
2024-08-15,0.013530498952749477,0.046962704158803284,0.04403286281963394,0.05533321307626506,0.05352269272341468,0.04694364191162834,0.00566854016286905,0.016969633434122697,0.029257514982375193,0.014723102757283231,0.005799270306746537,0.03865464130595164,0.006230929021345643,-0.0052020925337829885,0.02006605242784607,0.011823858702914275,0.0651329206692885,0.050688003230464254,0.040481014321249405,0.009808040523505009,0.03703263741049794,0.06336276788880436,0.023474864480434437,0.06583150593814764,0.006186455426925629
2024-08-16,0.005918452678374504,0.008143301732301239,-0.0029843954627290815,-0.010331239714713777,-0.002467876109681012,0.020293644105986868,0.007942852225931338,-0.0077048561807695785,0.0004565956155512037,0.0032018239335348405,0.010291349763852908,0.008699869527769438,0.01143938855447604,-0.0002853366145321651,-0.01844295499405311,-0.006080400207887985,0.00972418732618654,0.008848261486944665,0.013999682030387744,0.00394364880064798,-0.006692188099235046,0.009246267550119251,0.003333931634428134,0.00655049243661708,-0.004716619265630073
2024-08-19,-0.0007077576412594346,0.04523425774864247,0.0065514722585800315,0.01577312179626911,0.012008186756201418,-0.0019445863260941902,0.008388205960725988,0.002021578601880287,0.009394676989464473,0.00817058096554825,0.02276630871646039,0.031145164944523757,0.006916809353615914,-0.003106749683312301,0.003526480466478689,0.007312384331059204,0.0059265725131884646,0.0006006798148590139,0.04350616341557866,0.0032737472151670357,0.012080542126257534,0.03053861860369227,0.00521374862904048,0.0036760450360097097,0.0030465107896915167
2024-08-20,0.0027446989640990244,0.0072127455306035615,0.0037033085938095313,-0.00746936702726764,-0.010494474818812822,-0.04197279732660307,-0.024703830357032306,0.004413329949999305,-0.01333928253762726,-0.014574645722334429,0.0030600664784197,-0.024628284171541545,-0.004316589891781464,-0.002471116350545505,-0.004817795054248953,0.007757558692572614,-0.005891655191473494,0.0033622298647656944,-0.021153735141807323,0.00906289196776777,-0.012338023916914152,-0.0072736849331379765,-0.019435853903352757,0.011123149523388208,-0.033324876050577594
2024-08-21,-0.00048567578806428,0.00901536903538888,0.006876093995775854,0.01881909850718383,-0.0010243620173121396,0.007727986781509221,0.001550779327249737,0.005957561523640612,-0.0028643132251301483,0.004354297506025327,-0.007955593555690534,0.020009532199798178,0.00037298884855575473,-0.0058348146171819685,0.016004388036534464,-0.0015536261035989643,0.0031485982713452677,0.005265662358290029,0.009822977179971328,0.007401240306822849,0.012259661508816798,0.009814554993405802,-0.003487495778797336,0.009390775517732522,-0.0063711798225916496
2024-08-22,-0.008259753392300498,-0.0387174494954476,-0.022097583221652145,-0.03804543193600443,-0.0207504649755317,-0.003863219726923709,0.012645380082776657,-0.004379239192376952,-0.009575354316032401,0.0028212123409038807,-0.012360676763787506,-0.06118633700507599,0.009459468131079968,0.005905074544188843,-0.00603564230024473,-0.020252859640489,-0.03757041649719468,-0.007023791787614918,-0.03704279907577956,-0.015121470108873963,-0.029962050135351137,-0.05647870456867695,-0.029164692084285324,0.004518931232746023,0.007729577722346838
2024-08-23,0.010288174603870154,0.0216216140097614,0.005166572293720029,-0.0004957089764975225,0.024762899394305257,0.01273450032984458,0.013506459989605563,0.0018802078323973948,0.02092128950002918,0.012969330853446325,0.011111124670586878,0.021890573418260006,0.00775523111667203,-0.003626445715922452,-0.007388102174106653,0.0029839424063002992,-0.013523975300408643,0.007673049915669694,0.045498685783737315,0.00803893134625005,0.026627258517521207,0.04585589810206048,0.029079502806430006,0.0015878566140354834,0.013858508956560949
2024-08-26,0.0014988911986751584,-0.032197640804866194,-0.00869856159361613,-0.02639811783094225,-0.04051447528251445,-0.008459138829072876,0.003771815788308395,0.0151271618039217,0.004848265677360618,0.005961236431314678,0.0032604154481191195,-0.019961136148285114,0.003939276656840287,0.005567558651438558,-0.013030154073027236,-0.007917570321776198,-0.03830813796972108,0.002736321891442021,-0.02249357045550911,-0.0020835533706516627,-0.023112473527769548,-0.03227124352755045,-0.012902827870612607,0.004359196836487887,0.02140648538876105
2024-08-27,0.0037414505419013024,0.00340018993371649,-0.013561281383547008,0.007437972052068751,0.011088696816138837,-0.002478629734673154,-0.006262671065321301,0.018363919617754913,-0.004071256796319532,-0.010437775392257743,-0.008907067446297651,-0.0029805995252757816,0.004608254660379908,0.0041388029840326865,-0.0038765023259367684,0.0008464010035587604,-0.010615827087774282,0.011983913778674518,0.01455013753550183,-0.0030236675321699607,0.02619610553185157,-0.018760845523390905,0.008753822194709734,0.0013152631688393025,-0.009510965779747022
2024-08-28,-0.006753463784521803,-0.027508301592348423,-0.013401063602498662,-0.0019665679273498157,-0.019889595148497693,-0.013522082037703009,0.007058424191372594,-0.022939746080524286,-0.02006032956289188,-0.006464774083548369,-0.011112348804427161,-0.022919735499113324,0.005041313015963391,0.00637054183758327,-0.004469224411953189,-0.007829111623794117,-0.030655996340275615,-0.029311774032896584,-0.020966630984292686,-0.004332785778138475,-0.011958627623250681,-0.01653843794670576,-0.007915532899223258,-0.000656716861579539,-0.009857225849683349
2024-08-29,0.014570203763614089,-0.005944213675590598,0.007728290643119532,-0.00047293142745527094,-0.007902312335683805,0.009079653986346196,0.005506583930798706,-0.0015990216476687023,-0.007300270277638412,0.00972592359687271,-0.006570467501504833,0.02651700837482619,0.004157537510932277,0.005088651869434198,0.0027864095504826427,0.006137342364368871,0.007484655497312886,0.0056771144424878454,-0.06384844017063597,0.011168985212311818,-0.013732987457539583,0.002575935743848724,-0.00029554124007439317,0.004469037114064097,0.013817283444361896
2024-08-30,-0.0034379069042266494,0.021101051271689812,0.03706719186500493,0.01820415225976465,0.03753260616742462,0.008591727815650154,0.014438785223020102,0.006485266537839639,-0.01599154826227946,0.003595129906762537,0.009890138925956594,0.09488334994485934,0.011655577530814335,0.002205317048799804,0.005962959010659363,0.00973090808102619,0.007010583625484491,0.0007206713726039288,0.015137456024067493,0.01341274974745344,0.0342792599696951,0.037958124284420636,0.015075301094732638,0.01059923064963972,-0.001608402416277588
2024-09-03,-0.027205279993480165,-0.07821752361435279,-0.012605042016806723,-0.06469954814041452,-0.06160175916640673,-0.07321285149380062,-0.0012271009988790282,-0.015475616307996798,-0.019137925483935055,-0.022237041806558434,-0.03684680356261373,-0.08802179915931276,-0.02001782548012828,0.004018047182186012,-0.018319365983156203,-0.018459075390641486,-0.07959260325397674,-0.019650531018685042,-0.09525022534749608,-0.012668793603834251,-0.06879613797994581,-0.016393416920415627,-0.0652881092357119,-0.0007768156699004048,-0.02094264194169504
2024-09-04,-0.008618693743290152,0.028698646164131706,-0.016567365497562058,-0.04011173465321884,0.00870466774619076,0.013662879703565195,-0.004913845806968336,0.013032585952783627,-0.0015319314516365542,-0.01790401631188921,-0.005782876116333711,-0.033333336496432164,-0.004403052023998541,0.013328159947845055,0.0019149295345793121,-0.0013188491673196553,0.008015289997807543,-0.0036891109227972546,-0.016573947631700336,0.008960356868060347,0.012803105277563348,0.04183284569452195,0.002367427567014701,0.0009069727737438864,-0.012211101580465653
2024-09-05,0.006927707803216428,-0.010151151596134165,0.026308183871355372,-0.019569172694932163,-0.00843477448663793,-0.006555613994708317,-0.008888836301948297,-0.004539188756462331,-0.0062984236036557045,-0.008024431700126287,0.0050494100339923105,-0.0015440394325426851,-0.007750766513923184,-0.010769300636594429,0.0080352654344696,-0.001247191039293328,0.001119921719818746,-0.0023451374014783533,0.009415358048675193,0.013215124589304551,-0.004742169170401137,0.04904058305110961,0.01759215694515629,-0.0036250050294336,-0.007802855595728751
2024-09-06,-0.007014987012509386,-0.03650312857696256,-0.0365394346073523,-0.05380841145884861,-0.10352057142299104,-0.027937088805496967,-0.028084365115250674,-0.010496814546077596,-0.008735514442697925,-0.01681674361973715,-0.04019321281083666,-0.02628867210877157,-0.023755986363100133,-0.0034471646294534316,-0.03209765558175827,-0.016381470609293333,-0.03367264658323808,-0.0024743165156732023,-0.04085448917026579,-0.005609852575327807,-0.03365913862456145,-0.08445932396079373,-0.04202810063882124,-0.004158223150120899,-0.004683252370156475
2024-09-09,0.0004076167452996846,0.028284239823858952,0.02339689900878856,-0.003945301587926257,0.02788341453816506,0.03356178599668686,0.018317952621258415,0.02259652677470501,0.007336915972758676,0.012557686296861497,-0.01333589675326971,0.009528867707344655,0.02047443922875706,0.017542263072297618,0.009035137204212009,0.010007472309666192,-0.001273441702363172,-0.014138587479846929,0.03539830506270272,-0.013539119178110263,0.016309587147240213,0.026289605928169646,0.03800520196201855,0.009133867217532851,0.02104048450881117
2024-09-10,-0.0036214047785368213,0.03394862575904609,0.02366025826501821,0.0020804794244552462,0.05247801438263751,-0.017432915561042178,-0.004814019157166689,-0.0024540540065060264,0.0016276409881102788,-0.0147541751794718,-0.0003363237613408589,-0.004719462717784811,-0.05188875812565341,-0.00759662025243136,0,0.020901166076213257,0.006723056056876638,-0.017612289362961817,0.015309346866803429,0.11437559730717844,0.005659954787757361,0.04577608406578741,-0.002150189015296504,0.0190069679689876,-0.03643155916234392
2024-09-11,0.011585020854113122,0.04914592867851235,0.02768031821904482,0.06489398180023448,0.06787678352470529,0.00787152151673138,-0.007128087403611435,0.006832384913406305,0.01385280389008077,-0.002531920702155569,0.016816887418313078,0.03477343853161888,0.008124053208297986,-0.009140194863954261,0.013946364425243487,0.021342255297447318,0.04375352488559285,0.003969809440980601,0.08149874798231842,0.00827487386671441,0.030183323039203392,0.00866607741846951,0.04802065268481241,0.00038067010131862704,-0.009926126908507315
2024-09-12,0.0004940736364420318,0.006072358590705334,0.013440254011034589,0.00003741264090255091,0.03974211350200124,0.008925819283844212,-0.005641211884459582,0.016248350399137208,0.01522612943779138,0.009646173846889981,0.023352783404069176,-0.014256557433726431,-0.0030399190352979368,0.0023104716442783188,0.026903428070308124,0.009360831971881227,-0.037948188506400034,0,0.019161726121526463,0.02672114707842563,-0.009486207133006148,0.007364189890953805,0.010766348898476549,0.010400892342025254,0.01376236871112012
2024-09-13,-0.0012120081207235445,0.010214188780878755,-0.0027272433520638367,0.020233130124972135,0.019020503850352612,-0.03686182860790856,-0.0033518757480541003,0.001059898398686216,0.0047361415611923635,0.010056738950178888,0.017906807962203567,0.015495827872037403,-0.011035964011318749,0.002885738404301047,-0.0018643891845787379,0.00840751483684417,0.04598104724773864,0.007780521853359267,-0.000335886916232933,0.004027644047785157,0.016668705434754013,0.002088663385572161,0.006241550752066069,0.011799870935567312,-0.0007192669595032866
2024-09-16,-0.027775282755845537,-0.0015100501032480353,-0.00857958097692412,-0.016316322950757068,-0.021885689504254527,-0.007782108741815203,0.011642655272700099,-0.008875439371610741,0.009192023790219094,0.01052551355215685,0.0038103446796193615,0.06358087536631087,0.017325777150342482,0.005281696070042728,0.017476803864109644,0.0017417705670164172,-0.044288424047853284,0.009998835737491694,-0.01947932545976215,0.051225251058427054,-0.006677315440019334,-0.015241628421408686,-0.01982598577371461,-0.0004961599050296094,0.01403511042612358
2024-09-17,0.0021727257641725884,-0.008285076878389721,0.010763186217390827,0.003300026920094245,-0.009450099840883923,0.005400169215111645,0.011509069744410657,-0.011675642779917792,-0.006694988256975053,0.009289805470587392,0.007971729133559617,0.02678141893968929,0.006687213536901325,-0.010315597472379345,0.005700749993266015,0.008832944610889478,0.017779224927860663,0.010526362054552006,-0.010190143645344553,-0.016790959668487117,0.012544205307536782,0.004806404196833132,-0.010231783437610671,-0.0243297722601865,0.013042257692220817
2024-09-18,0.017989782608479832,-0.016775055796457758,-0.0024080275860086835,-0.0221548749648259,-0.004923987774662949,-0.008184658765217689,0.001769855931740921,-0.005293772479084521,-0.009262492482629302,0.00383513426752007,0.003075647235310242,-0.032603580716251634,-0.008219751321943247,-0.002680813895956348,0.0030390982879090083,-0.009973567362269632,-0.015552667982223545,0.0032240909261649965,-0.019205755334046937,-0.017555318829094838,-0.002371164194481663,-0.0029402649901350557,-0.0004185637300550935,0.005470915848173876,0.0035033479432394496
2024-09-19,0.03706558456544298,0.05698302373462609,0.018451979705801563,0.05117775338888829,0.03897228562463959,-0.0033524870763634953,0.031549677651803464,0.009209777459024456,0.053717785350480766,0.007154827087873032,0.014579663113980814,0.017814103212812533,0.014214618475365873,-0.0005481483559848523,0.0393159970486186,0.018291138326827862,0.021751446811259182,0.0009888701852683172,0.03969298318041154,0.018598275899361062,0.03339294785412668,0.07359155565707187,0.05344366217271101,-0.012526849026756796,0.012392993980513536
2024-09-20,-0.0029274653180027463,-0.005040248291661122,0.009111555436973413,-0.039702311802821834,0.02198073136695716,-0.00840936077724181,-0.014680651419809163,0.006927709380655832,0.003045166562105025,0.004758935828446604,0.00894296376861831,0.03311261982733171,0.0028982250655746077,0.011925397806634206,0.004024201423512395,-0.007795975817324823,0.018487463330573058,0.06841190543313747,-0.015864854706089726,0.0024464174491515057,-0.028748952104480238,-0.023245319004217623,-0.012144050488639702,0.013069989076977269,-0.006293118704198896
2024-09-23,-0.007581089784182743,0.005129868979884131,0.011899784481557174,0.01033591912503916,0.010753985223163984,0.019636048649349747,-0.009933021243962118,0.011135804057451777,-0.009707511896176715,0.01276788118812328,-0.010636322624043027,0.032967001296892263,0.0016581448633577055,0.015019768770711792,0.005451118076282847,-0.004043489585110473,0.029372891948970945,-0.003698548404512701,0.002241408510435632,-0.012202327984693718,-0.017523124892565852,0.04931794333683106,0.00390629373899261,0.01606384995597562,0.018131398599515822
2024-09-24,0.003974067552903281,0.010015995688795853,0.00041263580070076465,0.01306797666543482,0.010986484568640128,-0.0031350318848157675,-0.010534205344212804,-0.016945188991189564,0.02357963917465472,-0.0006100265143189688,0.0027185504707486134,0.01108156054601914,0.0007093074082910437,-0.0032385093533241808,-0.0019133398024926928,-0.010011227157587753,0.004595545180982099,0.014617096381268308,0.03965241679093826,-0.0009039398404765775,0.005965360495448402,0.01708001708984375,0.041256589219845825,0.004232498565369189,-0.0026414674650913034
2024-09-25,-0.004398091960473426,0.023370368728350775,-0.00737269480857403,0.005135032737147114,0.003889296060986601,-0.023040859984229025,-0.005069592881792369,0.007631377012083521,0.0134965106975142,-0.023601346667435054,-0.004929383757956811,0.03200357153339378,-0.00661653242143527,-0.0011924724636713292,0.008840116633223644,0.006850412309488273,0.01882979007482576,0.006174402982306364,0.021841569047127894,0.0028951683615056675,0.007906521475929554,0.010815214909361522,0.002088264457625816,0.009049365994850948,-0.019478913448548196
2024-09-26,0.005080135133428166,0.03376127068546732,-0.007115748848874029,0.041873334330216484,0.014642103110999997,0.015503879854328786,0.006878909143067219,-0.007683515186156407,0.00609291964644354,-0.01375280254436037,0.0076782234165512515,0.016142699489699184,-0.0019505797405838892,-0.0009344160796169879,-0.000826751045536549,-0.0018514296451006427,0.14733198292561409,0.015795419712353355,0.004291164149031091,0.010945375551726703,0.02608902105309534,-0.010894046816023356,0.024568004359207748,-0.01818187011453761,-0.017164731423887532
2024-09-27,0.0011867722329081723,-0.018747383644790633,-0.01668760399819219,-0.012786825459676156,-0.030321736468068967,0.011256342816360999,-0.0030365284930919906,-0.017549744460345906,0.0031913731041660013,0.024649773630788064,0.007497231321137306,-0.0004180697679740696,0.0034321452428152026,0.008590130889634668,-0.000845596756506187,-0.007627926489544009,-0.021659827390358505,0.0005593884518966952,-0.02128338132051846,0.003807191536410666,-0.014652914976926688,0.024545630573566485,-0.047422775234758095,-0.0017519167225716812,0.02677310401751681
2024-09-30,0.022871938618530912,-0.0016428613473301345,-0.00872479320635237,-0.009850823236586276,-0.001100221058116203,-0.027379822399885675,0.007106779625687722,0.001016208978423368,-0.010591555313330066,0.01223427696526849,0.011588937673844602,-0.01882060919327688,0.0017101653588459755,0.003777849113224955,0.008953794718932751,0.005326880084041061,-0.035255874021276126,-0.011627937030232243,0.0003295081227371494,0.009837688862840307,-0.0004703025495128211,0.004492104223754337,-0.024161255650691847,0.012158555781834742,0.01208774346328253
2024-10-01,-0.02914166299327018,-0.026389576930362806,-0.006440170323887101,-0.013081456540162975,-0.029159317118801778,0.014338384838439385,-0.01159290597542838,-0.010309943206220269,-0.010375877699157815,0.01650035769171104,0.0068736110906641315,-0.03282176387315692,-0.01811626160712,0.03643765373065459,0.007040059709143123,-0.022333188513406918,-0.03278381904339097,0.008257921938611175,-0.03656134017997865,-0.019014125096532983,-0.025110192565443893,-0.013798172234708318,-0.009212882448069901,0.006439535977182189,0.023118880859483944
2024-10-02,0.00251967536447149,0.00018778578589593114,-0.0019986515757441886,0.011965698722237383,0.01904803848430263,-0.008624055378856674,0.0002550217845860018,0.001310699736427594,0.03178639143298185,0.008349951367341317,-0.006766822431281615,-0.013221733686558488,0.0012075575441880435,-0.004390565848455889,-0.006349049154736177,-0.008462277348168698,-0.004585745170006985,-0.06765413858621651,0.015811972426736272,0.0032903302518037412,0.015321505663005995,-0.03488095932262848,0.021677129943246824,-0.01033584314198188,0.01325782642648293
2024-10-03,-0.004894564479818217,0.01921396512500499,-0.015154729791167823,0.00026438884136096056,0.00720726789970711,-0.015501308958393276,0.0005099135301135695,-0.0032554193524589278,0.005116552669969026,0.0019875591904251343,0,-0.005806126141598022,-0.009937753881610582,0.0043436379434110516,0.01738805765412327,-0.0014144053340913224,0.019729708702754298,-0.012033635473987107,0.033655865225834476,-0.00506835393118499,0.0035644931869477153,-0.033571602549667505,0.020932826341798487,0,0.008722837693300092
2024-10-04,0.005007402516726254,0.04943191581983592,0.02500542770436156,0.0007088215447201991,0.027633993611698198,0.029763457350357785,0.021910760474610668,0.008496363877363846,0.024349710171749177,-0.003371952677909624,0.007234924509362239,0.014824794263833268,0.035493757294686554,-0.0011390583706691942,0.022598868866266587,-0.001152336286982767,0.004223113883246586,0.0018271767861262338,0.01684983225181398,0.023972080303493428,-0.00011844131232974062,0.03914235030998813,0.009360531101406739,0.006341047100007044,0.018355343548116028
2024-10-07,-0.022530916310902215,0.0004096391265008122,-0.030614935516867666,-0.01890759131722348,-0.008831349100702749,0.0058709913684475805,-0.0037397539564753097,-0.010780051003697088,-0.011051486886704617,0.0025207840108215224,-0.024422272238678874,-0.009296192580912025,-0.0013731589142451234,0.0006774902285673144,-0.01872656706935066,-0.015670904607620172,0.007587985345785412,-0.017264543677916404,0.02241428140619294,-0.005208843519410105,-0.011604403049788947,-0.03698816351676523,0.018491756656198313,-0.02273303084927573,0.0043258276526658345
2024-10-08,0.018404120501436316,0.010703642849556749,0.01061945871978593,0.008577642888669466,0.03227072875439851,-0.00808164797658342,-0.0007506988717574793,0.01926524558188022,0.02459872219762111,-0.015682901639158833,0.008590089089314879,0.04200181274829943,-0.000853325751530426,0.004145022101255308,0.013868343272909277,0.01262392262424674,-0.003595357440221734,-0.0007422949547019607,0.040479112678781494,0.025886827996141348,-0.0035941489680189347,0.015238957526229904,0.008346500586863983,0.007711882275388367,-0.026561382531483966
2024-10-09,0.016698314779688073,-0.01030091867975096,0.01340847707899747,0.02625374400924684,0.028882838319480353,-0.03414160354142053,0.006511474568694546,0.020978893727054356,-0.012518525970386645,0.006050533707480302,-0.015330283419296667,0.006003404437415572,0.012668985749583835,-0.004835081863271549,-0.004014250480491422,0.006631166842285622,-0.008191968725557495,0.020799698242719794,-0.0018059934740890422,0.02248109063394836,0.02332581633119505,-0.014110416966225716,0.005858617233906257,0.008656360822390739,0.00040973083922240015
2024-10-10,-0.0021782570246846804,-0.03999538899427523,0.007992632403596746,-0.014103410355542748,-0.001398073112274237,-0.018410658699175166,-0.005474080202599803,-0.017016811947699235,0.007814681394142767,0.006481798257777153,0.0013590488460655417,-0.01023016967110674,-0.0027175661764516175,-0.012592663705262543,-0.01131214804819758,-0.003880758814015677,0.03923304166185716,-0.004244927902354766,0.016283464098830996,-0.013941309602940221,-0.009987086778782264,-0.009458613360014427,-0.007267201692386237,-0.009825941971274723,0.008600227824813204
2024-10-11,-0.006505408532836466,0.02259719137150664,0.011626110360002793,0.00805801940440752,-0.022672265787162492,0.030009611934284176,0.04953730067559888,-0.0051474624872742255,-0.007133724744444633,0.005311515037234621,0.007156848765749373,0.014642556530669091,0.04439953170050386,0.011179970324518956,0.010482557004956075,0.0011544995048212035,0.011637733811151607,0.0006091560208383013,-0.00007402684737228498,0.0020525177595380863,0.008663541656581213,-0.08782510719719305,0.02707500670019689,0.006155098833406963,0.00381674980385609
2024-10-14,0.01648000190247672,-0.015605426926632299,-0.0067790169920290974,0.03756430463996037,0.004573645528810688,-0.013441919758090306,-0.0009537022211406956,0.0008210474772366873,0.012287483755959993,0.002377363401737618,0.010536743753059644,-0.005093333387304716,-0.0036439034346834893,0.011089611161534159,0.0007966329148617302,0.006773562393339747,0.013280977042058866,-0.006695181437194892,0.02425811501449299,0.0019910631073763547,0.047417324795366894,0.006244263504571086,0.007337209420159334,0.00237195414576754,0.0038023029975321056
2024-10-15,0.011024551813539172,-0.052217611543019266,0.0007998782160803754,-0.16261022639464967,-0.03472130620315271,0.0225518523825125,0.005487886671841114,0.005450902719427345,-0.01128126495658378,-0.026683367572211077,0.0030311851252423474,-0.0332764790475235,0.004108710091765667,-0.009609184264565402,-0.007029139315904744,-0.0009544342362034645,-0.03710523090023732,0.006372614958369197,-0.04686013154773639,-0.011526292649369304,-0.022185946513071354,0.0018707960177875313,-0.026429524742343065,0.01693852483741358,-0.030061288114060912
2024-10-16,-0.008851884582800597,-0.0032558382841109774,-0.004262363692000912,-0.06422236003963915,0.004773468061814712,0.01673769406504741,0.015662221371948643,-0.008081651587041536,0.008704821143253686,0.006769194961670934,-0.0018131963234908554,-0.015445736267721045,0.00562083262120274,0.012942230595616284,-0.016169837426278713,-0.006256781412626439,0.047162414129481835,0.022162771017605696,0.03130685985643619,0.003906107357432915,-0.0149923397700739,0.008015641700266996,0.0018703540098073382,-0.005266267224382356,0.002575842363309346
2024-10-17,0.001596480764761378,0.0007685589792786179,0.0034244710350396956,0.024988307501025982,0.026637252088340127,0.002646892693768405,-0.004672975599319711,-0.0023553890998513215,0.0008593677191645377,0.016607247978547166,-0.013502293461547259,0.005827031431071488,0.003487756974107027,-0.0052380289209685476,0.00024265469343133744,0.0014419300805189163,0.025723185814868082,-0.00643322852177335,0.00891531832620737,0.005206775684040832,-0.002215957982894408,-0.001987992760882513,0.09793038204678144,-0.0040631213695889856,-0.0025692244461401285
2024-10-18,0.012276353948372364,-0.0017919921875,0.007785456851548653,0.032343714890808756,-0.009034404536603835,-0.001995992295839148,-0.0065728434973134,0.004823364038581623,0.006286355334515263,-0.002976300150195541,0.003007690005104553,0.014705878603042255,0.004233082042646979,0.0035923355113332256,-0.0007972677751451638,0.003455589988530619,-0.008032157095191853,-0.0057555576858984055,0.00781431015986439,-0.005635219677277344,-0.0010520198494101587,-0.0008601676940162737,-0.024582036293406283,0.005192246686952258,-0.002825119596998224
2024-10-21,0.006298030133647844,0.01237412746474395,0.0004233124965837479,-0.012665007317281759,0.0005559142114291448,0.03109682144657258,-0.013232569470075665,-0.0031363086052869915,-0.00563248348597582,0.0008624109936795414,0.00397752387510374,0.003074207001183947,-0.010516072669498699,0.004576564517899998,-0.0022724235439691063,0.0014826217594888125,-0.01862345200936719,-0.017365954761249004,0.04137683655968493,-0.005323659106524574,-0.011174850534265625,-0.008382378207102631,0.00582722883930735,-0.0061493672107078064,0.0005833396525095121
2024-10-22,-0.0026217864669662383,-0.02412918116444955,0.0033320442144116826,0.009536586089823516,-0.003389072067625796,0.00037540705696525214,0.012931187639172087,0.007577917617084851,-0.010161795244834137,0.00026514533809897763,0.00652148459381394,-0.019264471590109113,0.0050223785125643764,-0.061225728313250814,0.011909794690546949,0.020846260069555016,-0.011551111849344058,-0.0007364711098467009,-0.0008352221718626475,0.008920342800441171,0.024673194497426703,-0.00402104116184607,-0.0171825811398378,0.01497357333913879,0.0051632008412639315
2024-10-23,-0.021623078817786967,-0.007657814938185514,-0.026304640562205547,-0.017048042004460733,-0.032724007887850785,-0.017638273943547444,0.0009456236393529128,0.006357075470852469,-0.013526002055410321,-0.002915498886172916,-0.01429088841371929,-0.01875000372529036,-0.0031678479264526356,-0.010191116138340065,-0.03147713599597684,-0.006806807618228186,-0.025690957119038873,-0.01682619963012241,-0.028065807600808547,-0.012606127137998491,-0.03799501904104969,-0.01981927467094233,0.011991189370551925,0.015240148466909362,-0.0035624566896318337
2024-10-24,-0.0008232869080260347,0.0034660830985789,0.009041189476714673,0.0030905890880059588,-0.01244861560399616,-0.011842611990730863,0.007321706522846271,-0.006394685059534018,0.008191800093302021,-0.00019955144069149872,-0.0003684777040801406,0.01637855404226886,0.007027411093162226,-0.012064367640971553,0.007255844871195359,0.00030613491156410237,0.017134684804788823,-0.01261719896709168,0.006090603350702414,0.007394512070319165,0.009003471028724296,0.21919035070290419,-0.014587191924408324,-0.0027620933609334808,-0.005654131393304579
2024-10-25,0.003643102624614079,0.018182959083295248,0.007779788122410885,0.001252097546769462,0.00962937917827043,-0.0012242425589068415,-0.01781940685388278,-0.0024625553464675595,0.012902687578473978,0.0023929103258384828,0.01567107669124342,0.01521934423749342,-0.011867741352382397,-0.0034030545053420846,0.009633924491966631,0.008052140507378609,0.009920326238463853,-0.0024038844578320785,0.008047842978899175,-0.004931842393376006,0.01290899847291845,0.033438233598413386,0.027838036308694095,-0.006382347259048541,-0.0008360470565209981
2024-10-28,0.008599371082343571,0.02361903950789012,0.0029814063415568967,-0.00428542255302677,-0.005664646073816126,-0.027869119531122723,0.017426587173614352,-0.0002917206902968721,0.011395626373708228,-0.0017901805122296488,0.008773501229544525,0.010582000347830417,0.014349334745085929,-0.012662434856239697,0.008565170846700628,-0.0036435207668470467,-0.014085764018243841,0.0007610357769712272,-0.007206719865421296,-0.006339356633578592,0.011452420620404342,-0.02481515886621853,-0.043059352810109745,0.0029085153797202322,-0.004937691089328298
2024-10-29,0.00115687422648362,0.03958230304859961,0.012951868195294033,0.011500532845077863,0.04197168493668681,0.01519671676309943,-0.0021117247126434644,-0.0044557780040924725,0.01742869603048223,-0.01341822443809138,0.017754070274083496,-0.0008726203183724358,-0.01152998660217329,-0.015076387405974249,0.02615214538881715,0.012564713934255423,0.01682496435761474,-0.00646307671948853,0.0051952472878544825,0.005857772643529998,0.021948648760268624,-0.011390120912428005,0.01160888629439819,-0.012688800248003005,-0.013624992616391333
2024-10-30,-0.01527790990623989,-0.10616537682095864,0.009956473710912997,-0.0437817071798894,-0.01450566682990779,0.00856319515740402,-0.005172710217497305,-0.008906571915133143,-0.008330948861797891,-0.003164796152401125,0.02817080496831498,-0.026200890456968256,0.006774370657634549,-0.001572884652668387,-0.0024948531754280553,0.001342740708209228,-0.037899929873484506,-0.024872475046592235,-0.013522071201584763,0.006515642584564153,-0.0476136301553141,-0.0075909421397183496,-0.012491304093762654,-0.003794320670609823,-0.0050305987894174115
2024-10-31,-0.018209426848548923,-0.03048451274047224,-0.03284388507953564,-0.01649518114036579,-0.0388926905601486,-0.03227685491115159,-0.011581290757012974,-0.00558532326432875,-0.016970179813747016,0.0052010022106674,-0.019202038978852268,-0.03497752493195555,-0.01109574806004578,0.0002015639014990026,-0.0409259396603007,-0.06052751420380774,-0.04256322940572551,0.008894553171869293,-0.047222820275773916,-0.03849667550917716,-0.028934614217114414,-0.0298970376797018,-0.020259150542422003,0.006880433647193545,0.0007712875466774067
2024-11-01,-0.01327975077372835,-0.015339811213403587,0.061856218652560475,0.0032411702635385033,-0.005006762145347883,0.03536266067665592,-0.0014349056135689608,0.004913911581446507,0.011497514508205077,0.028558061948177133,0.0010517079732100302,0.07806692701856775,0.004596235574246591,-0.0012821332973403379,-0.0007401010270889089,0.009892876538009474,0.0008026895022801861,0.012057764329621128,0.019885495370373034,0.012988425099413703,0.015359298447905137,-0.0034821306973116806,0.012648415428984833,0.0029285801696338947,-0.01567055249824369
2024-11-04,-0.004037535897579664,-0.0081065408962113,-0.010862395675455652,-0.0052909306187384755,-0.0021902955724896747,0.0031050585270663623,-0.010296858014687566,0.009985250050634574,0.01116305497901323,0.005879450014366835,-0.011967766325944597,-0.0293103570178342,-0.014174143938470154,-0.004125737868062967,-0.011425241514625954,-0.0046542941214702226,0.020054218043875714,-0.011145471253672514,0.004800710631136615,-0.0025289752383676123,-0.000544804777489326,-0.02466061328223128,-0.007204028695859065,0.0031634979353671036,0.03184005626981048
2024-11-05,0.006486287433985748,0.0067514526537831784,0.019000925752873706,0.007896890275844825,0.03174120761213133,-0.026246257380443797,0.013307533835442477,0.004626976854769519,-0.001744913986443935,-0.0036367917922021137,0.002954436922576622,0.03552394408521207,0.007780411898769678,0.0067207900026422795,0.02095661397349926,0.0073446280178503616,0.036960545932264964,0.0102345910320128,0.028371999344436353,0.012913368405076809,0.004419601375643485,0.03541429020427701,0.021925367365618374,0.01491796557097553,0.002950784150190518
2024-11-06,-0.003266997177858227,0.024283512300419117,0.038045094425516915,-0.0222186572771498,0.032490065376633584,-0.025430439323778975,0.08428862193932579,0.01020047833684809,0.03163135413601704,0.02809433625286499,0.039884428727912646,0.07418523005471113,0.11544547622605829,0.009273063743171462,-0.0006638039807220171,0.021192756763894573,0.060100420433062844,-0.03411124195513685,0.04074020752742976,0.05507048087517616,0.04267381206810028,0.14751032444224466,-0.012975159620558946,-0.0028678497785740273,0.01714864361289253
2024-11-07,0.021372246312598646,0.03252929718924915,0.014293335101699474,0.023857528860758336,0.02372589083846468,0.025958086235174888,-0.014093855591646975,0.016324649204262725,0.012642404682436261,-0.006023220019112071,0.024021271429527168,0.04710580204050523,-0.04322843699422069,0.00003628908932008623,0.034350261169508865,0.012494609663018519,0.014128666415812171,0.007965971216671665,0.022457526432102744,0.028304969048939182,-0.00046252715092065885,0.029043790657007403,0.04124842445443633,0.004913562411233622,0.0012397574400975935
2024-11-08,-0.0011881972853523834,-0.012481713286328688,-0.00890269149634708,-0.01142942972007827,-0.0009248321607918202,0.004636355597104488,0.008040985747204991,0.032682961606271835,0.03594210658851433,0.0010206295066663828,-0.013278007875730285,-0.0011436820366149862,0.002538394886525296,0.02305015538238675,-0.003988502075483893,-0.006793104433889418,-0.013314488387438745,-0.0005269727301324246,-0.008396207715243797,0.015453179223068086,-0.011566880484057875,0.08187665372925293,0.000049604508677805,0.011687621958839193,-0.0003303527315941427
2024-11-11,-0.012028722787535055,-0.004055362332561988,-0.006436720074140508,0.0027484537234634563,-0.02575693219938841,-0.017932397766711936,0.02105045692106848,-0.011570171860563402,0.0614380211910464,-0.00273995529519062,0.011214019681425512,-0.0438931867324833,0.009747544758040077,0.01066315183253905,-0.010469545790891153,-0.010720827256391617,-0.02904389059381948,0.00948872451687869,-0.016053648116430824,-0.0006342204062156714,-0.015329685464966042,0.08959591143119004,-0.03553676740196795,-0.007308914251519436,-0.0052844541566194544
2024-11-12,0,-0.02524602013310924,0.010007771034946345,-0.0031729168286269366,-0.015035433377058142,-0.025443128182734233,-0.004774290757243101,-0.0005360033029464023,-0.001697321748203413,-0.007731832357415427,0.007041908140494855,-0.035528918832529,0.0011284522361092355,-0.008096959894976783,0.002829579245218868,0.012009275689125848,-0.04187752759652343,0.0007834940316465405,0.02085912045220432,0.0023795284311631734,-0.02899742068187299,-0.06145717075892857,-0.011749515214872053,0.009262655956731262,-0.0009960486781809455
2024-11-13,0.003969156224378236,-0.03014691696618356,0.024843245179395762,0.006321216951384317,-0.014981290532928768,-0.035820052447686594,0.0002179245022665792,0.0014479256528252796,0.0016707624098118085,0.02208784248909632,-0.015086603409347634,0.031456963314643524,0.006678825468179749,-0.014541955147505758,-0.008241837831483129,0.005129620714387382,-0.04015372248018918,-0.0018265482117327699,-0.013621938642532425,0.00026368262557230744,-0.018297490314983688,0.005327407385386048,-0.02664645193186512,0.006000737348603483,0.009306260518481872
2024-11-14,0.013770514347363923,-0.0033022735376126953,-0.012237320417028894,0.029031450615736566,-0.018435484596614034,-0.013074243159926542,0.0006541500253252846,-0.010538391615464777,-0.02946856420864954,0.01940524438860857,-0.01844814257930957,0.004414149679566196,0.0029440777231300066,-0.03360035771493754,-0.0048966164607808695,0.003974720599431033,-0.007405812982675851,-0.010977260124792164,0.003350017422431001,-0.013605511149428408,0.02212932137550921,-0.05771559508909462,0.009857427526863862,-0.01204681781615056,0.0006639550897823106
2024-11-15,-0.014109245028521013,-0.028378007384972752,-0.041942478231440795,-0.04954115849604995,-0.03251533814862182,0.014840039531022541,0.0185184176754503,-0.018205521219085856,-0.01926717467613348,-0.0023485748254720414,-0.01759869497029714,-0.027167410568174222,0.014222585370083104,-0.007718249900915683,-0.0399889556541435,-0.027852709039011377,-0.02863499690877727,0.012949298538408833,-0.03257025001827543,-0.017695808100501607,-0.021162439131649533,0.030657525449785648,-0.013209594533009262,-0.002604497586662829,-0.010368287475539592
2024-11-18,0.013422343331317452,0.02987397302915594,-0.0044914054556440385,0.010020833667792986,0.0050351499829109836,0.026250036462616783,-0.0006416668639785909,0.013714422459669608,-0.009254254528204636,0.006070369777545354,0.01629074912928279,0.020123193570504103,-0.0011414191229709475,-0.007235676217081412,0.0005776571007950706,0.0018314336918337697,0.012144580292419578,-0.02308910417095809,-0.0128890569976117,0.010830475709550882,0.024922189405323248,0.05618604684798389,0.00790278606553103,-0.002017600118334965,0.00838153211488426
2024-11-19,0.0011401035690043492,0.0033110684381931696,0.014427385751801003,-0.004615064574652782,-0.0019315415725696405,0.012024821332057225,-0.006635296147730619,0.011571292873108152,0.0036619064472534503,-0.007215634901180739,0.01608664150887862,-0.025764870600524566,-0.007917523591544231,0.004331657816745173,0.012067214906331626,0.004882634949881324,0.0022561554190074253,-0.013086005978926233,0.04894749393738058,0.01706780848878179,0.0012766159056885435,0.02143239645428868,0.01168125985467502,0.029971325211406167,-0.013963958771684408
2024-11-20,0.0031541318939456112,-0.012841619154679065,-0.008455088814713288,-0.005632951322470285,-0.012700296101908985,0.003296673814682434,-0.007541497986437648,-0.002225382871953733,0.00701861753188428,0.010839627421257214,-0.01201449429419286,-0.00785126149039587,-0.009502479847597904,0.0027565418980331443,0.007895243849964437,-0.005505303972600863,0.006548772032671523,-0.0074413924421285246,-0.007618445859914989,0.009793595350621631,-0.06338414019273221,-0.011473991967350073,-0.006906684532448419,0.006697297732184876,0.014246043238776861
2024-11-21,-0.002096031320905433,-0.0007994230048856955,-0.02218059883525382,0.02085257940840183,0.004226543089241374,-0.018277643315155724,0.008684298612390002,0.02970643795944168,0.030948470018779397,0.0018594564372560523,-0.04744840799224221,0.01790921703776288,0.01652958008421602,0.013614288584057275,-0.004297215146673892,-0.004316785494254327,0.04462736325888463,0.02371874652968611,0.005346459209495449,0.008807393948291036,0.00771366500898324,-0.0069876447662170415,0.0152899001190551,0.013879407710712919,0.013380906217064984
2024-11-22,0.005907449333256548,0.006255004552998737,-0.006351495788949677,0.0010711737162451258,0.0017689434362472918,0.041001251473902586,0.011622952076799543,0.008748026612666519,0.018583478096301308,0.004516500961976051,-0.017121058360386382,0.0024549699112638066,0.015484534876471197,0.00038763688575075607,-0.007014692207145185,0.01000328189798413,-0.0011678930588411565,0.030625782332731118,-0.03218115675570577,-0.0007275216048696328,0.008555187321705368,0.03804022598317741,-0.006065734657580758,0.02319276339907425,-0.0011482189227793355
2024-11-25,0.013050933317995091,0.02009395487280887,0.021966324768223074,0.017224373947972438,0.003592682848819464,0.02552088544930436,0.01063826554360123,-0.003236559702530862,-0.008508152546689197,-0.012318436910236557,0.01754055177271901,0.015102075070750957,0.007000587449047609,-0.037494056138371916,0.010677116927017432,0.004292487169968674,0.017926814509803334,0.024031092457485824,-0.04177514967452137,-0.022362035734262976,0.012947359562067055,-0.039624464821427674,-0.026304757620072616,-0.010393642866893519,-0.014943675887572007
2024-11-26,0.009404343649852332,-0.02416214514369837,0.03181932866326265,-0.018262330074318406,-0.00048546965993245166,-0.015284203157363258,0.005263183831560744,0.011041866002743466,0.01200194249195687,0.013532118934516212,0.008768302140772614,-0.03297151485734037,-0.0012785508558515466,-0.000843042046798702,0.014917337964617515,0.021968105795410347,-0.025650742945610868,-0.02081770710448066,0.006616743255845309,0.012660139485465275,-0.011900353094743117,-0.0010631895668980669,-0.006699672708712439,0.020223413975868895,-0.01667084391035713
2024-11-27,-0.0005531422228151209,-0.010746410938286996,-0.01019914899914574,-0.0022173053059906167,-0.030775798775728797,0.010878213381561743,0.00041884689729252577,-0.010241980403314394,-0.038376306261833915,-0.002584199196060285,0.0006504900694482593,-0.016632001298107418,-0.0007200544122229378,0.008246195380250945,-0.007566848090638635,-0.011682575927183612,-0.03536350496470888,0.009406111589679078,-0.01153965798920907,-0.040289893057932596,-0.003377341328400061,-0.01578806186452354,-0.014414788853056384,0.00624259821913354,-0.002627728457141987
2024-11-29,0.010215884079009181,0.006899494603032382,0.010450052683389333,0.02405758696113094,0.015093620408683334,0.01994756342960722,-0.0054427299942319506,0.010743211228168063,-0.00006059723397509894,-0.0011102256783095505,-0.0016544773015931638,0.01691330338191064,-0.0002803314044987554,0.0069615007076496436,0.008994841263764198,0.001111181113031013,-0.0025459118734705377,0.005488815760755481,0.02150148970082336,0.011713132512932293,0.013618955083336617,0.03685898787510978,0.019151204554972264,0.006747675436102982,0.002549693612998423
2024-12-02,0.009522601093399667,0.0355737362834402,0.013564901305970026,0.03620674298805053,0.027332041654306426,0.007076626527596772,-0.009892665778811939,0.0032102877091371713,0.0030911145396466675,0.0017291828390308618,0.015034039660917677,-0.0049895607356132375,-0.013895446944012811,-0.010967317566463611,0.03222963649403634,0.017758434939384938,0.006125596330153141,0.00918724282125851,0.0027485519362898396,-0.018556568026013673,0.02838588982207845,0.03456365902539504,0.05274554435672,0.0015137401219806259,-0.0009325009823131977
2024-12-03,0.012771817001148628,-0.0005631552332083501,0.012956175029913265,0.009262519219238506,0.009849260035279486,-0.009837698685203877,-0.004676940889985112,0.007333277717485206,0.0012687907176959327,-0.0017877833732936619,-0.00087476482132689,-0.06101132357718808,-0.00580701505562647,-0.006418870229720238,0.03511972468680639,0.000510432775917432,0.013089786735932784,-0.0029080879359424465,0.01175791377478453,0.00815827415975571,-0.0027601886104592368,-0.01587830229999252,0.023096640965496816,0.009391131648262566,-0.0015275266325768231
2024-12-04,0.0014835437520101125,0.014156992718060278,0.022113948494724478,0.0025903706173557328,0.01433261795258583,0.021161282447076612,-0.009611121618680968,0.008929330437722557,0.10994770305841706,-0.022233277438730298,0.017684035317343808,-0.02269694011867325,-0.005800256719611739,0.0009670892660654538,0.00021167347186208332,0.01442490168225113,0.033653874953287304,-0.006213486939398087,0.03479255620583675,0.028979211472451184,0.004674528545014016,0.01852478230977468,0.009050335350782524,0.010052329499395019,-0.028809284937135395
2024-12-05,0.00012354029713874351,-0.0182651905165554,0.010955259211262744,-0.011695907437318047,-0.0005277278323422576,-0.010171851293709712,0.013586285287948462,-0.008739223435399597,-0.017642041857450958,0.0063795391066117195,-0.009921252256361207,-0.05282331037219009,0.00854560425216413,-0.00003870025381837897,-0.007901870703480321,0.01188789309339362,-0.022577406723204543,0.0026795869191955633,-0.00048236000714326627,-0.010361804216006826,-0.012923836540976527,0.03229681165351511,0.017987973259959527,0.008999545333290556,0.0043751512062161334
2024-12-06,-0.0008229105266140852,-0.019595389505523916,0.029381072944344337,-0.003541640214302605,0.05314722854772587,-0.01748902486236946,0.00021390489892866905,0.010536868610944076,0.0016879929442305468,-0.025670091775908507,0.01199025622679445,0.0057692713286059205,0.007658515852290191,-0.008599344908351488,0.02437085147369808,0.0021463356507572485,0.002973983346787864,0.003944803035376867,-0.01806146447580847,0.029263261287664086,-0.005486738253778052,0.05339795801724691,-0.006265316479579846,0.004197167580765651,-0.01054183777900664
2024-12-09,0.016101201190585876,-0.05570388501837683,-0.00414043274659952,-0.0034698901016860517,-0.0032863325436767983,0.02020399375255007,-0.01796788230488517,-0.004785465138298046,-0.02878533381239728,0.011852654894292726,0.004927987067538745,-0.005258155351357413,-0.014351616088784092,-0.005886537347374422,-0.016352295213242052,0.005523270324049635,0.016309241153009912,-0.01584458193329012,-0.02548453083549699,-0.006468869525941401,0.007711304868767037,0.001464486209421528,-0.018963611863150768,-0.019540117346306198,-0.005899437463817146
2024-12-10,0.004133717052538136,-0.023916843968819695,-0.004644181824783556,-0.001769211191742059,-0.03984588334569436,0.04495678247081431,-0.0034850404175998323,0.0056081861929774355,-0.007822075884501277,-0.0005092918047314938,0.05588188706893679,-0.031234965651684037,-0.0038964934011394337,0.005744996790259092,0.00937117473593641,-0.006031084817080448,-0.04590537457968042,-0.011591978141109724,-0.026943183150519873,-0.066736611986979,-0.026626910610735646,0.028733372954484974,-0.03630076555803858,0.007673525729145183,-0.0020371994088912407
2024-12-11,-0.005166048550183768,0.018866416729433677,0.023195882405071092,0.012987799783285335,0.06629420596002665,0.011334555400188462,0.0072131629357262686,0.0012985372905833007,0.017286852155072616,-0.005031884005104425,0.05524655935992021,-0.0019840778016595824,0.0027588663131728175,-0.01696108957133083,0.02157224004380263,0.012767049084456871,0.04036686118773897,0.02749534709786953,0.03139110102370845,0.004725989856067329,0.02153897319130468,0.05930322291934939,0.013858634036081811,0.004336199433206332,-0.006656611657241666
2024-12-12,0.005963710615935691,0.003457642936112391,-0.005602333522571657,-0.0018614466418618032,-0.013864627759111755,0.010785690610503242,0,-0.006333649309620164,0.008961457302075601,-0.009602431385537714,-0.017604880057177866,0.03280317196235546,-0.008212612535091866,-0.01519117197218684,-0.0029874258382936183,0.0012695996160114532,-0.037428990900347375,-0.0112872613598303,-0.014141081733023775,-0.018255016634856777,-0.009947982042619053,-0.015702575706075993,-0.013011395939482886,-0.009161694655610106,-0.0008935818249066667
2024-12-13,0.0006855083085291502,-0.028254228705636476,-0.006594726378065836,0.0076847770760838366,0.24432631561884108,0.011326342154899404,-0.008897682939484761,0.0009713385411122586,-0.010390201462308023,-0.005429535816700873,-0.011148130915387973,-0.021174230968162976,-0.006582990058099613,-0.003886655838427582,-0.016550434995351186,-0.005093939427867351,0.04336325353182831,-0.009107177390468756,-0.022498879529006068,-0.011008450241847358,0.0018326830029033333,0.04336284290396247,0.04977539301148731,0.003919855353556719,-0.008764016461887153
2024-12-16,0.011727783478010035,-0.0017335215062231474,0.024048121869595384,0.005288169710199626,0.1120997467827793,0.02074862598939287,-0.004379193397327094,0.0035578904870474776,0.008241467297668637,-0.02931030854831835,0.03603413383238771,0.024090450710041938,-0.0015004394312650034,-0.006064843374793246,0.007082159982599874,0.009658653563022682,0.056195080147722884,-0.0006472957053136253,-0.016760105305718052,-0.012457592819166963,-0.004037190984262868,0.06141250567967772,0.006119569932522861,0.006578390310276723,-0.021382058080314976
2024-12-17,0.009719587041880053,-0.013181827817172996,-0.007641775792156066,0.017733037688547167,-0.03908004059140283,-0.0008084506041967706,-0.009236929217152221,-0.010867468393768577,-0.017523605858731355,-0.008369089151730631,-0.006305346195429464,-0.018722966446321963,-0.005092178898612667,-0.002115312359185276,-0.007689311566078203,0.006355144097981047,0.0031405419804027405,0.010362720382321337,-0.01219690226119952,-0.008876926736626725,0.00019003226855711513,0.03636991217973827,-0.0077141831940943095,0.005797314795750272,-0.004240800052677441
2024-12-18,-0.02142185030912476,-0.028875324571185235,-0.0459874103599754,-0.021355121015296154,-0.06914195097548258,-0.002369552476460123,-0.034406225231103385,-0.017656448108787227,-0.038052464287038415,-0.02720947721816641,-0.03592276880206968,-0.055773056125784974,-0.033520732255695476,-0.015633619873562554,-0.03591953966080562,-0.037560928046215455,-0.04327795813496337,-0.014102561104404401,-0.011350374228215103,-0.025337317746272882,-0.030838452868428155,-0.08279494369517476,-0.025416208069330003,-0.019597566783898294,-0.014720990943686093
2024-12-19,0.007014609420589436,-0.020838533336450193,0.012561168873593197,-0.012828396349904075,-0.023700963383660345,0.025605366087194496,-0.002758589913759372,-0.010303351189575743,-0.002965184419292036,-0.02033613432093055,0.0005839861758186736,-0.01243522179303033,0.011242741950629045,-0.006791685336264386,-0.0027126496612603,-0.0008231219684045137,-0.1617902864900874,0.0026007609221284657,0.013730304267117863,0.020434115395463796,-0.0173145878669284,-0.008997322180141976,-0.004704378851891513,-0.001603462911178752,-0.008550978278014359
2024-12-20,0.01881600798312635,0.0027759239458192324,0.007299945952901463,-0.006448363080041659,0.011313569853683782,0.0017510891840227785,0.01821108991318065,-0.0007644430800502652,0.02206798473818371,0.012044176465645297,0.015383891844408762,0.024134365409781255,0.019917604541643607,0.01951382872126322,-0.0173280139108569,-0.0009837694642989123,0.03479166705184968,-0.0020751704630024796,0.03076230978272627,0.005154426095059482,0.01655596595659789,-0.03464249123958652,0.013203933955333511,-0.012419763293591934,0.003412055503985138
2024-12-23,0.0030649195987346653,0.04521432288435019,0.0006224408269080593,0.021766126214160512,0.055177162725385615,0.001917092338255551,-0.006339073717748022,-0.004360330140203309,-0.0021823647285587294,0.000839980282388273,0.016822492965419048,0.03483608039083449,0.003324948128796318,-0.005173674695623175,0.024946513017663544,-0.0030921331772331465,-0.004438542043419063,-0.002339550316102656,0.03689667542265989,-0.003065135150078664,0.03499245469752155,0.022657123925894456,0.051467874708106306,-0.020489998416352698,0.00406153858268575
2024-12-24,0.011478136328879288,0.013563422649296874,0.01772863030501578,-0.0018443820741189981,0.03154719382486971,0.009285800404153097,0.011164374110316885,0.009379876041274667,0.004461970118539595,0.006085115830803464,0.007604148319074915,0.009900933071139003,0.016443599844994473,0.0033710626528614435,0.013170166519029454,0.009373848887809236,-0.004904266137241341,0.00039075334186061407,0.003937958552745526,0.013420841401923407,0.0070778829030782265,0.07357174228224564,-0.004967333470565191,0.025788717032960214,0.0009406739686917098
2024-12-26,0.0031756922159737154,-0.009739514989443357,-0.008731717849172285,-0.005349544375873172,0.02369827050730161,0.005799088692755504,0.0038304666028581543,-0.0027950774091035154,-0.007868102637153087,0.0009733265541694968,-0.0026004490717754605,0.0019608292291833696,0.003425424637996003,0.0037900180474568926,-0.007239916184264627,-0.002776936470022293,0.006048426401737225,0.0019535199610184206,-0.002068059155472036,0.0015751303623224983,-0.005208335908494671,-0.017629994630971195,-0.01584834360302222,0.0011868107148715627,0.0008458410754499733
2024-12-27,-0.013242255697510127,0.0010395401035538118,-0.01453425680424039,-0.003170930334202755,-0.014713155906975584,0.001884889281999468,-0.004713796185460624,-0.017194233715917898,-0.009569109977727851,0.00013899215993816544,-0.014519728148067523,-0.006849378343400569,-0.008102394723446624,-0.002061276038280785,-0.0058671301841497926,-0.0173016294911057,-0.013248699322758321,-0.006758483305102121,-0.020867713607091228,-0.01584321912623773,-0.008137304652650381,-0.04947922616674816,-0.0070422351922068225,-0.012178057927780036,-0.0000938694586720701
2024-12-30,-0.01326345352194658,-0.021966610323273267,-0.01094970703125,-0.02443984723492405,-0.025522161600468836,-0.023074358902049417,-0.00969772556728678,-0.018612177712855935,-0.008007212876926456,-0.006458282724997599,-0.007885286292110726,-0.023645298535776318,-0.007670853632960561,-0.011452656396188225,-0.014288134936327027,-0.013239435266042094,-0.03620849508563958,-0.023161478932364178,0.0035034647616872133,-0.012133120931372626,-0.016916841115306076,-0.03301209257078744,-0.006149870996256436,-0.01189176757788937,-0.006761870425551633
2024-12-31,-0.007057860475719512,-0.0134760004326896,-0.008630834323407858,-0.004409905944863741,-0.0158757043171882,0.0025488356865690075,0.000910764243158598,-0.0064410760034158835,-0.00419969551724734,0.012371424769915016,-0.010144304026104625,0.011604417042266153,0.0016295555853709572,0.005316817028335707,-0.009691126780873575,-0.007838417447663929,-0.013480219012604948,0.013663576901350932,-0.02327437030592167,-0.0016175967174296441,-0.006210429157781396,-0.03251001941775114,-0.01447171974649765,-0.002429090411086625,0.017114165177278838
2025-01-02,-0.026235922286754868,-0.0013246432725939885,0.0037832254586069787,0.010590310583565788,0.0006037646706882984,-0.028983078433968926,0.0077361574849152785,-0.007050375712047926,-0.010977115964157902,0.012910852705341262,0.0006867072835456103,0.008478807120337245,0.0012097595628300538,-0.007593590080243713,0.023449543072016375,-0.006927654396926076,0.037666251242337724,-0.026430570257721695,0.029935005783648858,-0.003660539807032859,0.0001301753951884958,-0.0608161593237648,0.020709887781135514,-0.0038737552907871296,-0.002416922166283023
2025-01-03,-0.0020095093686210985,0.03929375446478971,0.018027432561515674,0.019902369001738713,0.0024573009977889087,-0.011462159054347464,0.011740935266064735,0.007441067513521775,0.006774231738966594,0.007770471012443533,0.01245840275990775,0.01681504273659071,0.013666619797847902,-0.000891622042167803,0.00899468354067593,0.011395605753500956,0.02908525573827847,-0.004886578036795312,0.044537671677476985,0.0017466411268380099,0.027271529095132085,0.08215567328200027,0.03487438766148938,0.008666585957477484,0.00512538564396005
2025-01-06,0.0067391327942144886,0.033341311426985196,0.015254909370185475,0.07580223506260741,0.016598420571379967,0.005179546288557632,0.0131665989124278,0.006687859331222122,-0.0071190852581962125,-0.0039906321824281455,0.026487305218821196,-0.03356024536148293,-0.004875310999846481,-0.032833794486209586,0.0422903900417295,0.010629558133860746,0.10448411315816852,-0.0178693094105126,0.03433251902793196,-0.0037880299261169622,0.012798806814568117,0.0014861742226248537,0.05464745825151739,0.007160186514442569,-0.0011126460687050587
2025-01-07,-0.011387714238096393,-0.017136249852624012,-0.024164140350825442,-0.014222296746199646,-0.03286661144034606,0.01012996685738813,0.014978066369513779,-0.0014520977768507728,-0.0169426126196306,0.01582241909142154,-0.007009565694888802,0.007045766670125556,0.009632488485027367,-0.004377672560161447,-0.019533474123195737,-0.012808270090346574,0.026697577938171593,0.0012499797599770095,-0.062169630329582226,-0.022089451004866062,0.0041913576169712715,-0.040603340073111525,-0.03904362636719,-0.006781204922604848,0.009374390128940925
2025-01-08,0.002022925303291389,-0.04311635446647027,0.00009006470850464349,-0.017951964580409773,0.0029304261530514195,-0.004347574192116042,0.0028211914814042305,0.00651192272102571,0.006062884684617404,0.004746239134622193,-0.007877637962430004,-0.0064968049289472135,-0.00016444963245668056,0.010539742382864972,-0.011604254595547087,0.005184984104719133,-0.02453134027480397,-0.011097267900234272,-0.00021394647499737746,0.006850620698445799,-0.008970920199649606,0.0014707807875757948,-0.020338731825700236,0.010901933521231538,-0.016735469326426826
2025-01-10,-0.02410372669746359,-0.04760337817376936,-0.01436097047352597,-0.006680209657600919,-0.021804637243294882,0.0013973305824396172,-0.023804528956783595,0.010319542716536373,-0.027684177829481654,0.018895599794974273,-0.00984802837370992,-0.036720300455393894,-0.013408550997781207,-0.0017064011026414467,0.008416340918451783,-0.013213586358567852,-0.000704367912991151,-0.001262540018257826,-0.029976476121212545,-0.05063283680196275,-0.013200967699818898,-0.0005064369418008601,0.006035267480319919,0.01307190423393907,-0.0036473436343759345
2025-01-13,-0.010344172524549944,0.011030668469476012,-0.0021923619356290142,-0.01569677878794953,0.004368987922435567,-0.008313910905704942,-0.0011084330563023291,-0.013063717875650102,0.003838133436499459,0.014431251474116115,-0.005363439284774656,0.002611025869723604,0.018093183486933527,0.03228285933897002,-0.012226733784693198,-0.004201012043230415,-0.04308429666342602,0.012359884348650258,-0.01971886888662387,-0.003754084678190779,0.000955669388182867,0.021710512074366594,-0.033642174931163386,-0.01580650370242504,0.025811917014705983
2025-01-14,-0.0047781348607501975,-0.0104841745664261,-0.0032043036964111535,0.012207669710402238,-0.002618824560086998,-0.020812586617352847,0.0159787800693905,-0.00807843627800951,0.014009542826024946,0.009977427284341964,-0.00706778221160915,0,0.013349253226277821,0.002690685163123158,-0.02314532262362726,-0.003643392394093623,0.024195354391423472,-0.012625106781699697,-0.011033750572499975,0.015527535247967262,0.015274005217465955,-0.017232432245921542,0.00044696760272284325,-0.008084758590193291,0.0039344415723947595
2025-01-15,0.019675889583568255,0.033336229379472386,0.025670516796895883,-0.013568068308200173,0.014686291027563771,-0.00490963539242321,0.028833401088384274,0.006835858433576335,-0.007356242385853525,0.009114203112556412,0.031055549499020296,0.027083256757924685,0.01971949370739232,-0.0010114421443150902,0.03848547294908655,0.02559715527567516,0.059880791030839355,-0.001405076125841065,0.03400139988367164,0.012795033858526239,0.030589752102623786,0.08038151439752804,0.026557458790289843,0.006057925914165585,0.016314343573792488
2025-01-16,-0.04040030520176105,-0.012670862409694292,-0.012043887924316954,0.03301676281100049,0.006184270144221466,0.016425967374651847,-0.009766346360126682,-0.0040606232009628394,-0.0036118924343768563,0.006631616600795794,-0.013500224684764804,-0.0025354583570744403,0.0076085378320920475,0.005971474911148111,-0.009430817348767995,-0.004058150232468085,-0.005717645468134449,0.0005628658935183604,-0.019597748143362372,0.007769575891149534,-0.018125492183719963,-0.03362756026209684,0.038636336474185407,-0.0004377834459441154,-0.0017038753495345507
2025-01-17,0.007535381640156464,0.025498113650921583,0.02392820942476731,0.008063662068918342,0.03500268906874693,0.01278638344734295,-0.002358506527344464,0.025485229064295126,0.014250159213592427,0.013113381165355308,0.016017671820921266,0.09252667451779327,0.01923146408162514,0.00710676629890599,0.002404608580594623,0.010481088584435565,0.030701733762965793,-0.003796872877475122,0.03099493283634171,0.009339290655222031,0.01938931808901433,0.030641323404759304,-0.015317259256117878,0.007009889803207612,0.008983044500804354
2025-01-21,-0.0319157922008028,0.006751191346987642,0.02111181827440211,0.008818844078032724,0.012087344718450407,0.02612660772915787,0.0027939076549457482,0.004813373177323369,0.007024734820992875,-0.020003716091421493,0.010459363526212502,0.013029348051544388,0.014932865427260718,0.03257055060553824,0.0060219750388479,-0.0012353137796326317,0.03432631531383836,0.03289103501210553,0.02265626248404262,0.07166387123507617,0.01646809731087472,-0.005697520927974794,0.034042566639588503,0.012399229294610108,-0.007567611237676092
2025-01-22,0.005344969636105738,0.012021599896777311,0.018638063663626483,0.004862390830415377,0.0024967470779647953,-0.004328973099821824,-0.01864543951015503,-0.0031970494128052587,0.017684499751052254,-0.011564813511495771,0.0016156333769208155,0.004134136458219253,-0.000722379458432001,-0.013727329916727211,0.011420037301979373,0.04130689405009472,-0.0013713415519080571,0.011890106235870208,0.04430887343960087,0.06750876502369023,0.0177557577616082,-0.02112863871036734,0.020576095125605903,0.0016115596296586456,-0.017403858517385594
2025-01-23,-0.0007596153569087606,-0.0057373663391729795,0.0017446222360447264,-0.026698464974359248,-0.0026151002023161803,0.021167030226805134,0.013103236487607799,-0.0026887525943818332,0.006133039508799932,-0.0025573670426590877,-0.0019658504619060415,-0.013266281218218129,0.011832483080289962,-0.004125427616574159,0.020769822003169448,0.0011428637075165816,-0.040190518454021544,0.0033765816713838266,0.0010198454760059921,0.012213680339584124,0.02420120975039005,-0.0065765232470569,0.006361943472713969,0.006221039242513282,0.0056605706824828525
2025-01-24,-0.003934574533019022,-0.0016255248386582112,-0.002421170970448492,-0.018747373814016276,0.018395245079135918,-0.013669481464460785,0.0028023392716095196,-0.002632199677033599,-0.0023305666598984324,-0.0023075836875827657,0.011263692822435748,-0.03430689761649505,-0.004173929828732579,-0.000643614510451512,0.017346147137084378,-0.00593224984534619,-0.01573820892461209,-0.009691911091525238,-0.03124585444904421,-0.015391261402601004,-0.01290451210547027,-0.014064741844588433,-0.01219826982474031,0.010126956249211228,-0.01352697885391614
2025-01-27,0.031780288983154825,-0.06374140699355389,0.0024270472668348588,-0.057493991567547906,-0.1739682194449486,-0.0051118590762495725,0.012252784542567969,0.02721135649455458,0.03959512103556399,0.010151054319617932,-0.04195602379446043,-0.025924100343569987,0.003813673910905694,0.013542456403943597,0.01913539963201118,-0.021393408400510586,-0.11706561482016554,0.027320945842881195,-0.1696816766234803,-0.1379084918866059,-0.005403452935984442,-0.023193450212053567,-0.1332701511181928,0.027859875425563767,0.013896530533503601
2025-01-28,0.036544015520624355,-0.007303747080103201,0.011596277923593924,-0.009853012075611197,0.025874433877062626,0.014957724722600343,-0.005308965308526267,-0.006816976666673254,0.03702095430895965,-0.006487404596306444,0.01819507381882798,-0.0241499091353817,0.004852303236807705,-0.09180252153691021,0.021898073468498456,0.02908691632370404,-0.031390586051628,-0.015744885178855045,0.08925864466766179,0.036138505497770014,0.002161524224398987,0.0023668700890154314,0.052467261510959685,-0.0011292980353596362,-0.019333750937444587
2025-01-29,0.004616744646861669,0.02785320448608673,-0.004534900692607442,0.04287709528801402,-0.0048706948526107486,-0.023174683009769985,-0.0019214552620843582,0.0055808257365551435,-0.016530128534025263,-0.003328781776273785,0.0005632751955107627,-0.0025252140902592085,-0.002096299966112356,-0.0067549114404237285,0.0032030536250882763,-0.010890032081781787,0.008611843417116159,0.02943964032041266,-0.041010939378136074,-0.012073219659166124,0.000932741819103754,-0.022582808704252093,-0.0003459063587557355,0.002158377281805384,0.005831233455158667
2025-01-30,-0.007394636170183965,0.012867508784531138,-0.010250170242948595,0.03415414244279372,0.04511753376024681,0.03380165261661955,-0.0006416618561016532,0.015549378769663136,-0.029463237844432492,0.004046545408944368,0.02794123037741348,0.013164568550979035,0.006189619447372852,0.011642808801736206,0.015536175306448451,-0.061809056346815536,0.039209031528189116,0.022851799054374747,0.0076798888558563564,0.05159874791898189,0.0012810724776459322,0.028732954254456988,0.028764798394881642,0.011794866995453653,0.008281870396163925
2025-01-31,-0.006692283946946738,-0.02448261523781232,0.012955989149507845,0.0031479776886242307,0.026013158669755912,-0.016765969627929644,-0.00898979395619592,0.0008888273838522633,-0.005442893914743781,-0.04561166093803082,0.015681804888187937,-0.028985503102038956,-0.0034671870598183712,0.007179384113026058,0.003173087362219797,0.00016868856066094961,-0.01362161285088431,-0.0182560921392493,-0.03674284775551436,-0.001878346408800658,0.0058164314118642774,0.010792463618949595,0.005621108981452454,-0.004966967362437172,-0.02500682219066578
2025-02-03,-0.0338559109897994,-0.014489006894288238,-0.0010938846972727546,-0.011158902812855802,-0.015998557394918938,-0.003682354064925921,-0.0019436949684811058,0.026482723129219368,-0.007199208087110418,0.0010053828715867938,-0.013675177691001851,-0.0025733990542378088,-0.0018331936636657596,-0.016265207130927193,0.01201434177394992,-0.009974456214362461,-0.014467301466444895,-0.004031292873545864,-0.028400036501678147,-0.008585020130790336,-0.01555547475673099,-0.05170542044525342,-0.04548054012889456,0.014058688566846778,0.002433738698823973
2025-02-04,0.02100788267886351,0.04576882393083483,0.01954342273369351,0.0004785642463619644,0.021586412259088618,0.0020469700366551056,0.010820046384678627,0.01593698414584002,0.01444403471213312,0.025981222068971528,0.025592783874485832,-0.004643872504465981,0.004235211136403153,-0.003820714294040737,0.009649211444465521,0.0035286253683635845,0.008229550606549969,0.0016974716753247077,0.017058030562891496,-0.00421129093841745,0.016447384559275132,0.02223206563315624,0.021271313675341744,0.012356887993969628,0.02679992260047435
2025-02-05,-0.0014174874107210176,-0.06267780639137684,-0.024332807771026633,0.015285679816971216,0.043024729174885014,0.03183340376983792,0.008563465397031553,0.02057040698989946,0.01101290957733788,-0.0015011673150098256,-0.07292395869712197,0.018662451317622872,0.009293146756972634,-0.00839799596128784,0.0009657074976774069,0.0022311464753090077,0.03242888854708643,-0.028024135963737547,0.05208596760241056,0.02245527752271328,0.016296720338534652,-0.03579709424345918,0.022151265919936863,0.016770784468361513,-0.0007274764782119373
2025-02-06,0.003226291438070807,-0.016516368528152164,0.011263088803542815,-0.004659377722102542,-0.0027586299690392662,0.01627808388407012,0.013373016767024034,0.007776489811483898,-0.04920531003636484,-0.0071247014713393874,0.0014113527758234667,-0.013740481577875299,0.023924936455247466,-0.0030008769369813722,0.010101125246904551,0.006121452047367901,0.01004276400911747,-0.03795088592516963,0.030841904405606843,0.004019536334184665,-0.03718858781612782,-0.010180622383618299,0.009253532342683727,0.003806328212165382,-0.013196250203267557
2025-02-07,-0.023968881843517024,-0.02360208802725306,-0.04053095448794506,-0.015464170657102393,-0.02805155030848002,-0.01791124190439923,-0.007121995590189258,-0.0057343818676590325,-0.015054012309673686,0.004740041083069504,-0.032672259984486994,-0.014447822054797204,-0.0039726973430226666,-0.009207982131768778,0.0035534515422253644,-0.01459767285305898,-0.023693647509862196,-0.0426541133124978,0.009014445058283286,0.012242498702088907,-0.008031979378806653,-0.033928221731495865,-0.02080777541975654,-0.016528836762727806,0.0042423648300680935
2025-02-10,0.001187391188695221,0.02714769305149118,0.01741219986663625,0.02250919486589822,0.04522619972004259,-0.005179362019698963,-0.015400713720643427,0.01735017388798653,0.0042049133945887395,0.020639392950878743,0.006096829772656194,0.03507853732526415,-0.017258715133592117,0.008618480083226824,0.0040307776117279965,0.006028136427951037,0.03932819086854093,0.0329064088784151,0.02872793665817572,0.02556456850863908,0.020242864459706935,-0.030114441341470455,0.008878537763328836,0.01749866001527632,0.019101868534302843
2025-02-11,0.021831762511779984,0.00561183108570742,-0.0016299428832775938,0.014100807883109578,0,-0.0006092528855844378,0.002571300432128955,-0.003371454486232562,-0.008557661841769308,0.010720940223209217,-0.00616714700725072,0.06069796802253392,0.014573361397673432,0.002543400796588505,0.0033453111437754487,-0.0018921642421634631,-0.01928492589963393,0.005638525947381584,-0.005764828232419093,-0.009669014675639603,0.00367634042229957,-0.06338211812502888,0.0037990239133018537,-0.004372293520106524,0.0063079712767452915
2025-02-12,0.01827020315919914,0.00558058285416134,-0.016454725560419294,0.004236544715463811,0.0055735821725319944,0.03219905497662811,-0.012395839130588764,0.006406376830378862,0.005302009245563608,-0.016133065887062856,-0.009227261158622003,0.07200764322010304,0.0016727640881284292,-0.016445630773103185,0.0077521480462325355,-0.00583323107429035,-0.02551024104147459,0.012895918069459843,-0.012499939587135028,-0.028049049282788452,-0.009884364326313122,0.0243835913717656,-0.011305906521486428,0.011125214793975128,-0.030086713416025625
2025-02-13,0.01967326474471667,0.0008055526038962085,0.006290143220533066,0.027533610492668833,-0.0023270639280572342,-0.004348980180369127,0.00259681113232287,0.011022198690390476,0.011437687140788378,0.006326600385795215,0.013779160022926283,0.07339856103778773,0.0031583411708499837,-0.016403774144034895,0.0043838361221196515,0.003667066451773679,0.04341194165211862,0.013147037808969711,0.031645356475938274,0.00952274462256949,0.010922776284451548,0.05773971683431942,-0.0220467730855126,0.013898281530360396,0.007265972071887044
2025-02-14,0.012710633509537897,0.011537438008182783,-0.007336035409240506,-0.03274179626583805,-0.011704926255943379,-0.0055004543735552944,0.013597989724649947,-0.004652520842174759,-0.010034859420429844,0.007589010052158331,-0.00488888577588782,-0.021964309893495956,0.000977416999986859,-0.026522860253026005,0.011131572814853928,-0.005139505814954925,0.04035120638238022,-0.002322037517236538,0.026313934646027364,0.001725452294024188,0.0004646538562196564,-0.00028096337256189037,0.010256083626587276,-0.009614487820753146,0.0010172929514934588
2025-02-18,-0.0005314861821118119,0.010433247755045569,-0.008877028355405688,-0.009753339325157097,-0.019352944320448037,0.0029823395359431693,-0.00915675283740872,-0.014759494234113853,0.007411001562564557,0.005278894150403111,-0.007882061145947436,0.16059317571683374,0.012147950605569776,0.012642181916682961,-0.027556325491328772,0.002962606440434977,0.0730506535941426,0.06229433328968362,0.003960994058729028,0.032384049415600066,0.008186589909342169,-0.0048617665358937886,-0.005689024539459646,-0.002499015727328263,0.017553573261015126
2025-02-19,0.001636216549310467,0.0035877114673512917,-0.00008819331220015115,0.0007795285618203791,0.0008752841765877711,0.006379373238870785,-0.011175630619782993,0.006164668810987015,-0.013466722626676782,0.006851771915638698,0.008162443594930662,-0.06097116150083202,-0.002500526929891209,0.010290674234109797,-0.0175886713554835,0.012523110327872287,-0.022754924009348615,-0.010439323044673765,-0.0012193473581117841,0.009566204954885206,0.009099348377969274,0.018214714280444928,-0.008829051078078852,0.0021198206471827563,0.0014526819756849978
2025-02-20,0.0039204548088402425,-0.004533998268302431,-0.016546793977871895,-0.0022957551684937324,-0.008700123583872859,-0.028310444192667813,-0.01543138521359937,-0.026079142412359715,-0.01879641775664669,0.009921717246665896,-0.0038323454426011268,0.014385725082087556,-0.04458380675066966,0.007714578723293649,-0.012688846713781314,0.00529071143034589,-0.01130694102976857,0.00586101335352905,0.006320512525011058,-0.030409932163809262,-0.00867482232110135,-0.017084545439925925,-0.004229870347767251,-0.06528842009963028,0.015412482794323584
2025-02-21,-0.0011389589866191506,-0.02916704812526187,-0.02826634473141848,-0.007913092166814321,-0.035635618197866745,-0.020621466638862062,-0.010816612902958895,0.00019349311976950918,-0.027101786535279577,-0.011776526699861723,-0.026549566901240187,-0.046761184600203204,-0.009595080358108707,0.01015370787067012,-0.01624838258564903,-0.019032643787937203,-0.042062473300771286,-0.009452348700241723,-0.04053964441074472,-0.04653407666320968,-0.047610826428818774,-0.04683974714842763,-0.009295418336550556,-0.02499748426222062,-0.011696320447399863
2025-02-24,0.006312241200141056,-0.024630059705314282,-0.017868663239768216,-0.001695496751588257,-0.049071683555073846,0.015580072597901307,-0.007810888277882718,0.0005506777302576927,-0.004777160514865433,0.006181573003750619,-0.0022820762334694613,-0.024125466876671855,-0.010974903455464535,-0.001021011780477923,-0.022558730101756966,-0.010313221213189581,-0.03470245591390685,0.0494116912828547,-0.03087088060679792,0.012812159513985176,-0.026174188686549582,-0.02152157867491551,-0.03324244925329575,-0.011711380579890468,0.005239716359501433
2025-02-25,-0.00024284817705568933,-0.038386842127920054,0.000423094048469878,-0.007840182090224471,-0.025922201660312293,-0.009115665367494157,-0.011696041882367265,0.019370410329999276,-0.007913937407658297,-0.009310328591319654,-0.02136683607318252,-0.052740035537825934,-0.015076184029866819,0.0186022009100083,-0.015910049215073333,-0.015099049514611839,-0.022953737454548723,0.017937424840053114,-0.02801678861937863,-0.008355003942799602,0.0007448852597918175,-0.08389559522203655,-0.011896708108080488,0.042916654661740536,-0.013840195474999394
2025-02-26,-0.027040063165798173,0.007502874049307054,0.007283848822975893,0.02292542303960482,0.05134799815877744,-0.029337582661044758,0,-0.02244104788697365,0.004740376906695643,-0.0081830922264173,-0.015334642173466232,0.02305353161905361,0.005400204720240197,-0.015519831892648111,0.024638751672653267,0.004599281687047162,0.04816567193800569,-0.00673039372866394,0.03672110394713778,0.023317873126579108,0.005458393422285509,-0.03963012048799907,0.02772352241288098,-0.015252353055536733,-0.0024605695592580714
2025-02-27,-0.012730959115322564,-0.04993312807148875,-0.02617215045770671,-0.06590956704372124,-0.07109995702312029,0.0045654679587021525,0.0040965397698926685,-0.00994206871974098,-0.0404449513225873,0.00986204075299229,-0.024488924949736764,-0.018282325544506664,0.0010045559424261834,0.011234472918985026,-0.02294791758375274,-0.018012301064850005,-0.06028041554410244,-0.014167837752780929,-0.08478052227195927,-0.044703354832206374,-0.04725490445786807,-0.03043320480549031,-0.06952012561939114,0.00613307413176612,0.006303673058529887
2025-02-28,0.019131926257306663,0.003517219039367936,0.01695886362448497,0.016310644785538297,0.008240688511833797,0.004602215056842347,0.04487755601735523,0.026328393065250012,0.010003451632081774,0.012446553779923542,0.010563711706351626,0.027717600061458094,0.02161760429511218,0.008757811553216538,0.015131350893998636,0.011362150012946418,0.01971239329212355,-0.0073730925778876,0.03970036914899354,0.007890302369747441,0.017676893676302274,0.03912040539724371,-0.0030924614824295706,0.018803662446627668,0.010712719724539133
2025-03-03,-0.015754294880166546,-0.01632282438869725,-0.03420008737791639,-0.013002751129189947,-0.06047232372476988,-0.02616965696866072,-0.011713365446286575,-0.00167858142989584,-0.01608200045690328,-0.03486314961666757,-0.019203647079647453,-0.0417193337638331,-0.01522767829209848,0.010893215123687652,-0.019679834932126963,-0.021411080020820015,-0.03300216855339945,-0.007845216013773984,-0.08693568825238483,-0.024328631283264093,-0.022587089877318882,-0.028432032143764475,-0.04187657289754808,-0.010343785416268687,-0.03206678250205728
2025-03-04,-0.0088223379707946,0.02565404211490879,-0.005950644792114075,0.011945190281057803,0.000587058905810613,-0.06562391992428568,-0.06343293890102399,-0.009533277764033529,-0.019518343298494247,-0.00712003895009645,0.023411744133333627,-0.06200527095883859,-0.039789769050310626,-0.0069036348348569775,-0.02297530832754033,0.000308820681799594,0.007289619018895041,-0.013901213968639898,0.016920938730529,-0.028082944973676,0.005468289827669935,-0.04429996705409465,0.04064285402961025,-0.026847057509089736,-0.002041571678409329
2025-03-05,-0.0008053630534644167,0.009131495473402605,0.022374865016246717,0.04452004220006662,0.021869002929945567,0.026809376521437688,-0.008905546669097895,0.010493152688856299,0.016113456267067564,-0.007828837979016245,0.012286495543025753,-0.024378830737160292,0.005114882210795915,0.025845557616812263,0.025734350528158114,0.031934397014920166,0.034429791141097836,0.00633727181657641,0.011294060111450519,0.025973121553155915,0.026090696780647998,0.025952056083059324,0.02377782869009806,0.010635202844674316,-0.01952762351140233
2025-03-06,-0.0017391695894667018,-0.027736793012804205,-0.03676331176651387,-0.033673473217894025,-0.06331550146483744,-0.02899001520080607,-0.019626495110659392,-0.02016690254922093,-0.020276198893148828,0.014190106020866573,-0.0038724761906366073,-0.002883203627207096,-0.019838575663667504,0.00234573510403378,-0.04347481192367947,-0.010298630466277157,-0.05374177622233672,-0.0012851907549423255,-0.05737425087857678,-0.06573396647295913,-0.010149813679961454,-0.05607306898689188,-0.04574563456060161,-0.013961463148640392,0.02067518865840268
2025-03-07,0.01589255201861927,0.01476984427930855,-0.007224698407026494,0.024313089847090123,0.08643072800141918,-0.026825728690762513,0.004854420671794494,-0.060694401524500445,-0.01104675660180561,0.02216388341604583,0.008761227645164096,-0.005301234233810241,-0.01727915122337884,0.026327197844389433,-0.0036151739625422652,-0.009020240721967122,0.041335332816706725,0.011324191825444856,0.019173495603419192,0.02795816118333108,0.03319684049121351,-0.0029607088371812855,0.007108293389052901,-0.03085372815881919,0.01300871480314656
2025-03-10,-0.04847952646788245,-0.03668627649029893,-0.023638678614138958,-0.06706991966822007,-0.0539086745619829,-0.039110124956206936,-0.037922600887475476,-0.03100665611964738,-0.035314120104000965,0.00786759054769295,-0.04485780357346401,-0.034399181466485,-0.041522220430641,0.011654041488366379,-0.04422534617531968,-0.03343424415299163,-0.06325299319118201,-0.027866162257639382,-0.05067010982421372,-0.0410544798576966,-0.038704991361417466,-0.1542620682219512,-0.03642013868378463,-0.04252074270480099,0.025499962941820407
2025-03-11,-0.029189390099861278,0.001345388456045946,0.010537694677220598,0.010393500358827959,0.030577524543412803,0.03989202771239277,-0.005523621348880677,-0.004195051166916943,0.015207012143006394,-0.022149034121313874,-0.011032726774283592,-0.007526322941967986,-0.013263214282729481,-0.021474625504108506,0.012909980317518865,0.0007630684284227546,0.02262284872546198,-0.02918848742086561,0.016638608299262968,-0.030983343009672353,-0.012130604857460538,0.037947369642956,0.001875151491854896,-0.004327006136177241,-0.02361357145034786
2025-03-12,-0.017478762789211566,0.041649428382845154,0.011699491808345445,0.019066713785808813,0.021779044572570978,0.030767269688948898,0.007573975110023429,-0.003664840477128069,0.027179030581145396,-0.009151003515945407,0.018715079442094835,0.04550048469603488,-0.0054115823723136156,-0.01573951646738767,0.022865595249161985,0.0074121506164169125,0.07400324827290927,-0.007954679286630064,0.06427592945435166,0.0465391532708586,-0.0019594024186063274,0.07593891216839117,0.03626362965965957,-0.025617641903447307,-0.0002749050551305821
2025-03-13,-0.03364356682026347,-0.026589942264430618,-0.025139524437347016,-0.01248273329504963,-0.014776156951655222,0.003274586035690768,-0.006013672277554347,-0.039327724964533364,-0.045119134537462045,0.006156976714159128,-0.02603076472287573,0.146034836228113,-0.011891185230063956,0.013932751635026457,-0.04667811708273178,-0.011741194707026554,-0.007946336487148554,-0.012775062953572162,-0.0013823975547498282,-0.02140638018356087,-0.005628480294933598,-0.029868208196581966,-0.031495050913078616,-0.00821590789862052,-0.004215059475030854
2025-03-14,0.018170561422650052,0.029150959051668833,0.020939695556110815,0.027944496551155593,0.021843579010136765,0.015628860908271428,0.030753838435631658,0.014933315078774196,0.028188784292000963,0.02219918529448799,0.016773104295069882,0.014767867630974891,0.03219499176043186,-0.0037611204633520214,0.029629833479586063,0.02584695090189932,0.062289214862969636,-0.013491237132160244,0.052690750808710225,0.010903536924612222,0.030538598779731096,0.038640532386444756,0.01456953690378634,0.010059071581681431,0.02972301605776913
2025-03-17,0.0023888930841732027,0.03585218454414803,-0.011164392468548355,0.02287117007651637,-0.005318435150211791,0.00024725632238754174,0.013450743396666765,0.01403884656542896,0.004831851501450782,0.010826567902651584,-0.007251317024180809,0.06819132428369738,0.0064102961206665525,0.0030888427115666026,-0.00444367387681952,0.0003602390902559133,0.023018122385668388,0.028467495686242555,-0.01758858845960732,0.03175452523278317,0.008749425288737041,-0.047883836408052424,0.012349976999211401,0.024721828577599927,0.01662194028523967
2025-03-18,-0.00612157229547349,-0.010325979916579254,-0.014917738259935266,0.0010680945327027278,-0.029974487211705928,-0.001729989303292297,0.005067474233085649,-0.02024849940402599,-0.007195000920969795,0.013167828938464058,-0.022034172695750878,0.008952881956207604,0.0044457801886593,0.0035713627737545967,-0.03726246265339954,-0.013326425026570157,-0.0134806977778735,-0.005291578581649658,-0.034300941316488025,-0.029608504341543527,-0.010509760445456895,-0.053359090968246835,-0.01381892339969259,-0.02138120259295556,-0.0010548766323733984
2025-03-19,0.011989321189312622,0.026277665583692156,0.014106347155876414,0.005197375267255666,0.03657196007755281,0.06839133064340956,0.013445351413470938,0.006681106605758867,0.0023680125685542905,0.020148262860126522,0.020041252905139202,-0.06944441480564655,0.017619216618187893,0.0027063277339619183,0.0029193181368558497,0.011211955948335165,0.0033424142651431337,-0.004364990863797388,0.018106137564708746,0.02007357211843571,0.012604782026807952,0.04682438935721969,0.0036388587218266146,0.008646026284657151,0.015575581280721363
2025-03-20,-0.005296387612504942,0.008566280748925991,-0.0030172668413017993,-0.0011564823759021112,-0.022771642665069043,0.0012165839404908979,0.006396670480301571,-0.009567925657565026,-0.0012887826843653743,0.004388700220052972,-0.0066509042746919,-0.0066335716912780795,-0.0004182030178299538,-0.008096935750825547,0.003321390806037702,-0.002526882544978136,0.009210295596961895,-0.015481582134580273,0.008594317626861069,0.0017711489305231145,-0.00195870428992587,0.001695895427157138,0.021351388440857818,-0.00602361074111901,0.004245646649462499
2025-03-21,0.019476898100019274,-0.006533479113588825,0.00646324588535143,-0.024303237234607443,0.005878085993124929,0.03055024430572069,-0.00023526432209633157,0.015479026789034048,0.005698297912737407,-0.00012129427436335154,0.007309680383465308,0.012520916355276334,0.010961843718240206,-0.05793375028328834,0.01749150126104585,0.011425788142934601,-0.08038836741529136,-0.05455049575836838,-0.007002478113307905,-0.0032085005819964835,-0.007154166969329985,0.052696235065183755,-0.004169857045438206,0.004732867697517856,-0.0034512850288703906
2025-03-24,0.011270430382703816,0.06961664658730109,0.03593082692897381,0.0162241054338119,-0.0021393109172863282,0.01566443925985064,0.014127397405833584,0.018454510140794824,0.01902928698868129,0.0016387457392903796,0.02250133808632308,-0.001648842339239641,0.026611065470583277,-0.01073454234371176,0.03790356398439395,0.004651578965940512,0.023437537895973512,-0.00809537586453483,0.031520908262874035,0.017342046522431057,0.02078817724142963,0.11933580126800528,0.02506660606140786,0.017562018495719953,0.002597462631207633
2025-03-25,0.013681910640435922,0.00843213963407185,0.0120535878837134,-0.001511316391589902,-0.015634025044278858,0.009342191809985979,0.0048758764370144215,0.004557105916193982,0.009267115569792761,0.005575179403488763,0.01717555386156437,-0.0008257040042116023,0.012375966190143469,0.016299604661531974,0.012054648558748984,0.00529166692800291,-0.02847125148191495,-0.01261317549924616,-0.005930395863567606,-0.006069447494715,0.0004371837027315316,0.035022807884516644,-0.0014353169334149869,-0.031203591792525607,0.006822012780219093
2025-03-26,-0.009921908512115461,-0.04024035550414211,-0.022264360904062638,-0.02886859656049279,-0.04775296921600193,-0.022126038486011204,-0.010628460110752533,-0.0005482169998537296,-0.02640254635485836,0.012233291021278535,-0.032246801405536527,-0.03223143231631721,-0.0003981862798806426,0.007012442309534554,-0.02447672360981233,-0.013133912343619065,-0.02176687777007156,-0.012022926381989043,-0.05741978779309235,-0.03982324760618493,-0.01098970468789867,-0.05580626179068929,-0.040906570554876794,0.0053091755670017175,0.01440953003024644
2025-03-27,0.010472665543175051,-0.0321263348497496,0.0011435177345770389,-0.021437963811348996,-0.04060917195602019,0.0031363626380416175,-0.006071965528039599,0.009679969201570276,-0.011316881810112173,-0.007858658343314886,-0.017084608175368637,0.008539742198459543,-0.011592279129477055,-0.006491931339294892,-0.013748250613369832,0.001564163746520283,-0.01052849259281855,0.0009129567844716205,-0.020481690790875202,-0.013667159218391574,-0.002651486476122619,0.003932982922225829,-0.030316957884001176,0.004929079378152059,-0.0032129046621075896
2025-03-28,-0.026580320996315594,-0.03216127760057727,-0.04290822091507419,-0.023239655073210637,-0.01668703852588062,-0.032382351806114644,-0.030779935487948162,-0.009683077325759569,-0.028220758537556536,-0.0033601473718016246,-0.048754921740838446,-0.03852674523403094,-0.02123965917232503,-0.0017861693951282968,-0.04288225981998716,-0.03016031685426965,-0.02983772848098012,-0.03814605689226887,-0.015794676608994748,-0.033680877649751764,-0.03323427409348691,-0.03507493471452942,-0.017772217641951426,-0.00560556451546085,-0.0013572510729150942
2025-03-31,0.019412558903452296,-0.004650294044341845,-0.012764667384211904,-0.01771466659617364,-0.009992900605839869,-0.01592518923152613,0.01163625690517806,0.017339809615908527,-0.005963631556461064,0.007224854460435948,0.0020087946189916717,0,0.010088535054301538,0.011823507405131248,-0.000659002110145583,-0.009002088582178778,-0.016246800993550338,0.0030019874233957406,-0.011762611854777753,-0.007524674899172519,0.005827662048559403,-0.016657121359109756,0.004538555231425838,0.03100417559318012,0.010192711659467397
2025-04-01,0.0047719780620077475,0.0003893412143183406,0.01003891368261734,0.007108019037780277,0.006510172120934168,-0.013954880329672148,-0.005751205942724896,0.009114118898001029,0.006856484807626932,0.007292689880613657,0.01571386960243485,-0.02906208163889211,-0.006685738819632505,0.004320616564883069,0.016725576839631103,0.018114526774694436,0.020946077374325033,0.020163921516907053,0.016331513496370253,0.015234917089127418,-0.003645598221770899,0.03588511985473652,0.015903699508319175,0.011846313545672789,0.0009251133811691595
2025-04-02,0.0031363358327434177,0.001751316475127639,0.019982288465833834,0.0025024990316859005,0.021184490945323063,0.0023190782773074665,0.008676615963850725,0.01119026201537279,0.004959235389034266,-0.012106020064973386,-0.00019118133188425688,-0.003174589444273845,0.00886486293436033,0.009428422793762853,-0.0035324133804196293,-0.00013078963881578447,-0.001239953129547558,0.0030882254656814318,0.0024510699831182883,0.027617319039047756,0.006729830989215721,0.05326685079977633,0.010377021021228366,0.010469464705155149,-0.0031083592785979466
2025-04-03,-0.09245605599553952,-0.08896655122539,-0.08979129298487254,-0.06844443968938561,-0.10506137729295313,-0.10471045415356628,-0.11063311403907349,0.002072292115177182,-0.06006481601599571,-0.06217333903259152,-0.04024443890086006,0.020473192552836073,-0.06968514618024324,0.004217529358118316,-0.08958261422048307,-0.023630134003528393,-0.1609481160051027,-0.14439647567299804,-0.07806547074373223,-0.05916638715843573,-0.095145437096617,-0.054746111372535475,-0.07635409628694978,-0.02785194441158173,-0.0525828032360461
2025-04-04,-0.07288738641141997,-0.08571429268601366,-0.04153356599971366,-0.02835271355053513,-0.05012667243882834,-0.0948910408635437,-0.0760343860090443,-0.05232245447427187,-0.05669399861413944,-0.0822445039739188,-0.0339702516208766,-0.1150245157647507,-0.07483831414310071,-0.04976032471660641,-0.05058119757236165,-0.03556590882978954,-0.12940546518356588,0.030046687740155786,-0.07357568117034713,-0.06529181444403531,-0.08578385135902344,-0.10419786826814684,-0.06722600941827252,-0.04664223276521316,-0.07195589922366567
2025-04-07,-0.036734381127458964,-0.02472018066434268,0.02491224857798794,0.016992814706237494,0.053660616717373114,0.016619110720564746,0.03460305368140843,-0.00911090745880232,0.014329720720573428,-0.02184539592161924,0.00789833694134295,-0.014105827771514435,0.01978316042329301,-0.003077595555632472,0.022824089596776745,-0.005502483478589739,0.056396859497823575,-0.028646322204000915,0.03530901116249778,-0.008653612581341842,0.017731062691225045,-0.02564423663480949,-0.004291523631700423,0.007693242544604631,-0.013417501331036356
2025-04-08,-0.04981818154152737,-0.06492109450980957,-0.02624666774451566,-0.03323912017352936,0.012261545656623346,0.003816785085462295,-0.015458148153984441,0.000682716597559207,-0.0009008711750427079,-0.022975213443618275,-0.013969268944654325,-0.07358204172269159,0.011331665051556928,0.02910723320029847,-0.011234873358390726,-0.009221489797508895,-0.041392421516166567,-0.042078745002061754,-0.01372375294787722,-0.020918483645909633,-0.039007113407997444,-0.04899478333715855,-0.03283854664598185,-0.02433493809185494,-0.021080365042279822
2025-04-09,0.1532885392548703,0.23820480081192913,0.11977031526306256,0.15434093765306287,0.18663075867900894,0.15374135898132285,0.06051956901362608,0.06210734480738351,0.08680696368908243,0.06645736225676471,0.09682095154399581,0.1875345660928945,0.08055529713729068,0.042583851660235685,0.14755609681897425,0.10133694520155265,0.18812942345260986,0.11357241892144113,0.18722741037576054,0.12200808272054485,0.15185293758750687,0.2268998983962453,0.1229397806989105,0.09548825369850165,0.04991567251748777
2025-04-10,-0.04239371063224611,-0.08405617201023681,-0.05170070417193325,-0.05487007072441325,-0.06940319422333069,-0.03295611746287774,-0.03499327137716351,-0.0009117657321773646,-0.036388684170389436,-0.07566954476553757,-0.03711156095757446,-0.07663731877641596,-0.030852600249576378,0.0031585920845615457,-0.06739851414686476,-0.023406431688182995,-0.10042372943777896,-0.08293994942382657,-0.05912716977811006,-0.04195697961300564,-0.06400171334333803,-0.07274069589492625,-0.047999775275375446,0.011272458956483765,-0.05548202042205746
2025-04-11,0.04059442358141851,0.05298765207826606,0.02014123094524838,0.029651244143918468,0.0559491102657109,0.008487603068201743,0.0027893751110746557,-0.0009333748789783392,-0.0004703686763700998,0.004815651564988407,0.02826846621554966,-0.0070422231166250675,0.04002461379809685,0.02415359913936398,-0.004979069063844151,0.018618046476506462,-0.007137920907630952,-0.00018385380641564928,0.031235575403224632,-0.007499059800393369,0.03608645139651305,-0.0003565623615963112,0.039370097294913704,0.024169600324369787,0.03212251082602151
2025-04-14,0.022053996592583325,0.0117772853977557,-0.014875318183769078,0.0060705717458380895,-0.019676950716634025,0.015557271731565165,0.020027745271361624,0.01651438453129577,-0.0017646823816497208,-0.0022856517779559,0.01228212112065032,0.028875364814248492,-0.006265814856900201,0.0009264964016615404,-0.022241771413805653,-0.0016475569000955516,0.021135791923920604,0.018753490056358835,-0.0019832679842997024,0.017302524485204307,-0.0004308799552461154,0.00015856900364236994,-0.007894272248840947,0.020797296887406735,0.0024238173000239033
2025-04-15,-0.001876374114747628,0.0083597980479084,-0.013891933050343617,0.015292699708413102,0.0033080155888593403,-0.02360619371956361,0.03599683387814537,-0.0024507670508013284,0.0014927957694331373,-0.005764202286416765,-0.017351067253071464,-0.022648896926069532,-0.006774003794513093,-0.012117682728355384,-0.018740064310224017,-0.005363416292665336,0.0002815914363467673,-0.010467510891745316,0.013458518216612975,-0.005198990535728737,-0.004238700037397313,0.006974418324816589,0.009561123667757883,-0.008022843094156532,-0.0028049526268007496
2025-04-16,-0.03893330443628831,-0.0734599636136572,-0.02928890591956743,-0.07059835660238042,-0.024252638285324396,0.006108519303908034,-0.01737304241722197,-0.009386651648627972,-0.01996627096464497,0.006094956308386526,-0.01906465512171598,-0.031234298605463933,-0.015098877409414142,0.015971688202228124,-0.03683477900378173,-0.036606025471730676,-0.02407074341495679,-0.02334484531501682,-0.06871652057100185,-0.031208303128631754,-0.020635043057101718,-0.049427403598542585,-0.03597517174021324,-0.029583884580446407,0.010572376192660717
2025-04-17,0.013949492299973738,-0.00894779598295834,-0.009866352335440224,0.008236977086358132,-0.02073185903878207,0.03470309090189224,0.0021430292417831467,0.027641462193289935,-0.010326586837207495,0.018543159568558263,-0.0141523715084452,-0.015600584721889122,0.010234775473393595,-0.027249121244133496,-0.001652198467069705,-0.010306522834173945,-0.007644567224637785,0.041269861852724986,-0.028710975072874755,-0.008785223977068412,0.00677766709271499,-0.0007452201709628691,0.00046134356435936693,0.022261335999828158,0.026202124091773624
2025-04-21,-0.019392701544353047,-0.022171456473214286,-0.030647084568839095,-0.024165715474320313,-0.0279549184208959,-0.015812215287855796,-0.013098037144241171,-0.03693306661882631,-0.044487524521610436,-0.030028401451375558,-0.02308819376832121,-0.004754366145640424,-0.012803948677175441,-0.012390140545304084,-0.033540846074207466,-0.02354665955868804,-0.029942127922379852,0.006456172407625025,-0.045127477815216636,-0.045094063143646924,-0.003805065843719101,-0.05746362595919796,-0.02556995422978091,-0.008689115326550792,-0.014683941583167092
2025-04-22,0.034065073700412445,0.008181446909898953,0.03502262189247643,0.02241113332238903,0.020275553236130686,0.019957374216495544,0.037919802950789415,0.022406113567661007,0.03017858830803458,0.02669562970389897,0.025733145489501844,0.03556263645793618,0.028822212707340138,0.00818193128554744,0.03222878866647612,0.021441343736261585,0.05199295737124084,0.016749910503852765,0.020431140205789594,0.03598752594056752,0.019098113491248344,0.04602198338770604,0.023941483935738975,0.026403987060629328,0.028001967156688585
2025-04-23,0.02433148304017399,0.04787847381333775,0.0428456735278061,0.030202371277561434,0.04322435574210605,0.06060786725191864,0.011221244486680656,-0.0034618418206031868,0.029130069570498032,-0.004515702349934937,0.025615554574647613,0.055356223015685324,0.02245421534445003,0.0031813344230983563,0.0399577780664601,0.020636894150706842,0.038740865238508636,0.005783301277636629,0.03862891293738226,0.032694284583675154,0.01239718252322064,0.053662244009561155,0.04233818347238211,0.001159653741361035,-0.008587308706903343
2025-04-24,0.018426189642386983,0.045137757037333644,0.03289029336584035,0.025867030299722503,0.06353518458427672,0.022567729302328875,0.021419415991215867,-0.0003689386413724316,0.056771159384673094,0.017486156861161496,0.02529778503105738,0.04371052024577841,0.015609400383179865,0.00703264427860561,0.02475615820816832,0.03448254289934679,0.06156589369368727,0.018992892050910603,0.03621844354529472,0.046499064262132336,0.04805652456333833,0.03497648592298541,0.04036493504951657,0.009267133704910918,0.011735022486323804
2025-04-25,0.004367282856598307,0.023076111749832748,0.013133978209558462,0.0033630030358349186,0.022110004418545312,0.009588122626094295,0.0027791068225066543,0.001722202092587374,0.011900279914110141,-0.0024447942682886614,0.01682560950800261,-0.06700793622124321,-0.004455432009039306,0.023200067167802287,0.02648410056254676,0.011748168237741344,0.03048325250050329,-0.014705876400041612,0.043033077850208934,0.0071268315546889165,0.009170470083349713,0.098030910115499,0.005603762022039691,-0.007825721434700577,-0.0005522732763145855
2025-04-28,0.004109420560413379,-0.002690141046307701,-0.006825802991833533,-0.0035827782114971605,0.0008319864126244024,0.024445103557831756,0.002267701601053045,0.0014121866811040579,-0.008250907880666573,0.009875290500893367,-0.008335273349270316,0.02294269373192894,-0.001355066169332175,-0.0028264410217867394,0.004513282184668211,-0.001760905383777492,-0.015292148020193722,-0.00538007255963053,-0.020538693171568968,0.01191418669595098,-0.00632762415089992,0.003263704635694352,-0.010296875486511236,0.0013673433637619947,0.0005525784506259336
2025-04-29,0.005091773683893954,-0.0034236106768782406,-0.0016515586767922594,-0.009884615180646174,-0.006754260135632729,-0.0016456557692576502,0.0052791346642577,0.013448701408857443,0.007980601018453494,-0.005710246674478496,-0.002802032413106613,-0.008288643315301093,0.005756100955359262,-0.0008607841337978688,0.00854958295492181,0.007362759264015581,-0.021385012384608586,0.004013302774146664,0.00266703861113873,0.004638190359030576,-0.005012662254547045,0.021512501019458747,0.006609582615518447,0.008611652388287679,-0.0024852663129611464
2025-04-30,0.0061077313225709785,0.013429116680338051,-0.01584930482083768,0.002957514335993428,0.006800190390502009,0.006813216995406937,-0.0027507114779554338,0.0028234316255328603,0.003547899988338289,-0.023259223046833578,-0.008491418040123665,-0.01179939868818676,0,0.003929583799921261,-0.009811647840440493,0.0030960933944506825,0.0009104969465077821,-0.019812344881249215,-0.0009172729668815333,-0.0004971997756799251,0.010756979636725839,-0.033797880897321095,0.013436340033193349,0.012598855389707982,-0.025193936708601816
2025-05-01,0.0038588185087002256,-0.0071905183278279175,0.031341496782804845,-0.0020357777582578826,0.02525078926977337,-0.0019100965565550711,0.007271503173528118,0.004565062397734908,0.002307463057074809,0.0014701866466462986,0.01574313234469507,-0.005970190893330913,0.009279782550524038,-0.00006288194008223002,0.04227687126215558,0.0762535378185986,0.010656232592138368,0.006382911001679253,0.02469707952550654,0.033897154179798765,-0.08924947491179552,-0.005812356915055335,0.03617489426018075,0.0016452067641969956,0.0014200086965096398
2025-05-02,-0.03736173622122521,0.022245230128664032,-0.001156683618470259,0.03541221729292813,0.03197687196766835,0.014052202596071595,0.022404874593587847,0.010583946926901577,0.02134917374927625,0.016439177970244998,0.016924925302577158,0.03203209768069074,0.02276317180578992,-0.01029895240819287,0.0433581392778495,0.02322521381035019,0.03793245968901755,0.032241045623370976,0.025893808339858656,0.036016169707994206,0.03402093621042582,0.023848576584252594,0.03798041986328006,0.013756282003781078,0.004065084617032405
2025-05-05,-0.03145845652421394,0.018117340393148558,-0.01910722026349242,-0.01009675005121443,-0.014338947553660972,0.005391998079363965,0.0012174705157433458,0.0065357424136117,-0.008906525187810559,-0.0216607970420438,0.0010974816858327443,-0.016973829642324047,0.00019799418461386822,-0.0026225721951549327,0.0037687876105059214,0.002044703245095562,-0.003716484537417667,-0.021164074251800558,-0.005938915876445995,-0.009553463465369231,-0.002646338422793511,-0.02419825875222087,-0.01606417170124085,0.005873372130435733,-0.02768105003070768
2025-05-06,-0.0019106973057964837,-0.019584388736740902,-0.007190832051464082,-0.004931446822082015,-0.0031388448961743366,-0.002681540180180711,-0.006809277490405473,-0.004325643730102668,0.0026776981090135075,0.0007380718854702444,-0.005968140372915706,-0.01628021293801503,-0.01310580293907113,-0.007104107880668601,-0.019957579839983083,-0.006557113423069121,0.0011191900825817543,-0.00540533326307017,-0.0024599709338404886,-0.010650497115421542,0.003298911779513812,-0.017519458684867307,-0.023355929314170566,-0.007852463558853377,0.013944045022484315
2025-05-07,-0.011384748507728009,0.017643457871733187,0.019998985551532126,0.030000554533884418,0.02358939776462084,-0.0021510493699267463,0.002203749955838598,-0.0033151199548864764,0.01781541278858666,0.0014010056481674428,-0.07259685274568167,0.018555612937562648,0.0005616221650219294,0.006642305771715045,0.01617531221569504,0.00009231617222158015,0.02620796817146555,0.027699789268476775,0.031002236780898088,0.011306706223477897,0.03145105407302466,0.0031595972322602103,0.013118129040967404,0.0028411912000073244,-0.0009549901154805066
2025-05-08,0.0063184308762317745,0.013351896470120308,0.017858062621434155,0.010908166325823063,0.014452469164081381,0.033089024953827276,0.016369310904351647,0.0005560438443374638,0.005426972624504346,0.00920542601210389,0.019157025691712605,0.033973439300905524,0.01635992304749677,0.006810719536788317,0.0020107410662082346,0.011122716336811417,0.03062200097729298,0.004947192103014991,0.002648315317192166,0.0062261436745875975,0.005544008554978719,0.031134624811778623,0.0038959166772752534,-0.014165786544449652,0.013956669781617255
2025-05-09,0.0052659957786905425,0.011209433862899852,0.005102018524557411,-0.0025705105009354774,0.0020695360862239224,0.01643197290255524,0.004567313922720408,0.0003770883758472916,-0.015442751870042256,0.010581014669414185,-0.009916939930432562,0.020000003633045015,-0.001538554726980794,-0.0021284203704047292,-0.009230520132646327,0.0012779505976792784,0.008338145863215176,-0.010354743164073945,-0.00613446095279557,0.00026619588140829926,0.0005512361765619303,0.0471877048514612,0.007419343065725682,-0.004887084081781782,0.011690312702943814
2025-05-12,0.06314626351248401,0.051341954460436205,0.08070031092964328,0.0622902435748444,0.06426510004040392,0.018886284631811735,0.03756888194407633,0.007995266466160415,0.048652889463405354,0.02260073373286537,0.03738145278301735,0.03548086956932121,0.027540524896887988,-0.0007603244077463389,0.07922472897246914,0.024001128949223766,0.0748894091441251,0.07341335797045818,0.054436250409594406,0.04576294799295486,0.047802758613839626,0.06745790403815097,0.05925664396821456,0.00031004987125930755,0.017239850027098186
2025-05-13,0.010152295700247352,0.040140549645221166,0.013084718824412103,0.01826175540801,0.0489213974506586,0.024631035207352135,0.02121770116613805,-0.016847848147264022,0.0012118765826168978,0.005154806097958246,0.006752250411736735,0.01713251377539104,0.01138267464680151,-0.028172216298382263,0.025960769077205684,-0.0002671160582230691,0.050276319137893904,-0.003036109573312397,0.05634135260838146,0.03212066162269579,-0.0051275340666134305,0.04928074062685355,0.03749066205289338,-0.00899223755849304,0.002748177143664421
2025-05-14,-0.002817811770519067,0.046772205042252366,-0.00529874222008925,0.0065584827571878905,-0.0012907694078104807,0.006390733769833819,0.0103886090282419,-0.007497318985026558,0.005429308501617237,-0.0047770362231356,0.03660753292329849,-0.046099247907728964,0.009999643951354529,-0.023160785288492084,0.005076017422064324,0.00846059215293715,-0.016609923996038965,-0.010578716849024174,0.04163797640293185,0.004190374447757656,0.01083643019108515,0.040739919936463656,0.0039693644563008335,0.009908222606756553,-0.008952934543955609
2025-05-15,-0.004144579558034648,-0.023190650090253947,-0.024161720956264864,-0.013720785989162924,0.0022401942798217773,0.007424796128358078,-0.008046592064072676,0.019091451862659557,0.0000688079181904599,0.00416457434619931,-0.008526198070724179,0.0013939952908343213,0.0069640380317849745,0.035531518169401796,-0.02347736418020175,0.0022561219224371425,0.001363773231100352,0.010853781189489233,-0.0037683338921988027,-0.021785750361391815,-0.0024184136317218327,-0.01397832907829855,-0.0027727373045266313,-0.004957069767308827,0.010140400017519058
2025-05-16,-0.0008985115875175426,0.01895817328180545,0.0020470740005537696,-0.013529213417617057,-0.01732288157733965,-0.002036453441421352,0.006985020701952838,0.015200876007805932,0.0013411850240593814,-0.001124686477949788,0.013600752250026889,0.005104436855960035,0.00026180814638552977,0.006836621430441476,-0.005497876942923443,0.0025158679238584045,0.026715600987649416,0.011378309555625219,0.004227518296145686,0.0068381755544578374,-0.0007208946365089843,0.02088560617565669,0,0.019615898210774193,-0.00359175171742547
2025-05-19,-0.01173901456989179,-0.02073909996714353,0.002772544065237169,0.0013768786026404822,0.008836130759612197,-0.002769445651223031,0.00179018127899394,0.008295699718969238,-0.012089965077010349,-0.0135336290502396,0.0021059593283608577,-0.012927086270453584,-0.010016336924355971,0.010121184686335253,0.00014049167108334964,0.010126044493597218,0.00663270326788266,-0.016320709168328514,0.0012555923854630255,-0.005296350969462796,0.007868857311592977,-0.02254418652711489,-0.003707156038901381,-0.0012214024287247039,-0.01589798974256579
2025-05-20,-0.009196290225973599,-0.010719851406999614,-0.010137739138363968,-0.0004938287419330973,0.004552555397195411,0.0117904904698919,-0.001786982256811901,0.002397612499201864,0.0014950981442821685,-0.008809317535030354,-0.01537162710713378,-0.005144934860651583,0.003020081728840283,0.005834355456215017,-0.005199566795266747,-0.0015253635089930349,-0.005575308016813526,0.007731960892268032,-0.00877778681967052,0.0041969473008115375,0.0007807421823294059,0.0050571808730102445,-0.00025830596101020356,-0.003261291422791797,-0.014276399723220807
2025-05-21,-0.02305918882825391,-0.012774245003506188,-0.01445588328099769,-0.015479083364462763,-0.008416600476779985,-0.02147633983917984,-0.03222185930219164,-0.01111077038779155,-0.020065144223541057,-0.012457364307867135,0.02793022372563373,-0.027268449046711298,-0.017464622087770783,-0.011643007202194461,-0.002511410957212229,-0.012222624612050774,-0.023037844050018012,-0.0412405150769575,-0.019199256618101308,-0.01952466304598203,-0.016317783998100615,-0.02675822235776911,-0.008736246936426549,-0.014008198981243346,-0.012291518860237842
2025-05-22,-0.003612083050772167,-0.012047104261404332,0.009844923599836122,0.004788765843052013,0.003482266322016817,0.000984188483019914,0.0013872705979042904,-0.006993092812270813,0.004038394339128156,-0.001991690325050241,0.013704321503609706,-0.006766616403253131,-0.0014173040283994738,0.00036147656904450743,0.001683696657264259,0.005060052481264314,-0.01053819112791936,0.02234077786932019,0.007814799670328536,0.0008271702482275554,-0.026039376927006915,0.019185982671137202,0.023101905432408573,-0.005185139385574585,-0.006656387085396951
2025-05-23,-0.030244327072719006,-0.003613056898082907,-0.010388973643241258,-0.011084213798396166,-0.00785148443453787,-0.005162003012900019,-0.0025398512952191483,-0.009458533258474504,-0.036306490061212136,0.00923942516667264,-0.014045736941438541,-0.02433090114661822,0.00015342501198875336,-0.0033373018558773655,-0.014939496023056175,-0.01028887835542959,-0.015396038573927904,-0.02120027983422274,-0.011593744090047998,-0.008518318003750736,-0.013503224086195155,-0.004984788190349004,-0.02145875900918801,0.004273954603727725,0.0005826649939290758
2025-05-27,0.025298260789680612,0.0385277861849513,0.025026113945093412,0.033174555066884305,0.030299037642715715,-0.00657245417593981,0.023610987578801007,0.009211618297667328,0.014864753685321992,0.009447787129222413,0.026295614911791693,0.02493765680927293,0.01756742251450378,0.01699806399047865,0.02433593961874708,0.023346104889479757,0.03223736582507499,0.04681781761561152,0.032066367324706885,0.03808434983199301,0.02235521909462387,0.06939947711644767,0.029690507259544453,0.012871107811878134,0.004755876324139551
2025-05-28,0.0010488085842078824,-0.014839359152156876,-0.006310081665849117,-0.01358369618324619,0.016040758866950885,0.002337965594971332,-0.0036181512078118797,-0.00456859391853614,-0.0041848337142445366,-0.013132034905414999,-0.0031232720854068308,-0.008759046448164018,-0.0067851223135041265,-0.014407024516374272,0.001961583493999997,-0.0072281707087848675,-0.002075214277994762,-0.01671187712334147,-0.0050923012731598945,0.011981971785724722,-0.006929963958155309,-0.016506435862546864,-0.007790305531589247,-0.0034843224804118715,-0.013620449694393341
2025-05-29,-0.0023450598043755393,0.0015062747477047258,0.004787005283780531,0.0007501821688521298,0.010608619207106354,0.03315132841578784,0.004085390080893571,-0.004342990272421512,-0.03300382809743111,0.013894914645674591,-0.002900880379639775,-0.005891057157065612,0.0033399344080191485,0.007893840286658568,0.00228406549374741,0.002886128571038472,0.006446359336029441,-0.0055033483412266285,0.0324902921980658,-0.005798007978245595,0.005013446605163603,0.0042869117552874975,0.005149318229255971,-0.0014397421850393872,0.005680122877480722
2025-05-30,0.004501176894949503,-0.020348539743455785,-0.003354411529621301,-0.013787191464214834,0.000413169071725807,-0.0041309702268163585,-0.002486547853217725,0.03116762466106737,-0.005806938577916727,-0.008773742911464738,-0.0006982011336318815,-0.034567938910590276,-0.0013995691732327246,0.01834536320893265,0.0037827734036362773,0.0036625494394210956,-0.024173703550463825,-0.013834539071954784,-0.029168674712021597,0.01614491291153099,-0.0211676013933094,-0.03339564619395738,-0.01942676619960077,0.016683905680476233,-0.003797764043228794
2025-06-02,0.004231977503895234,0.03522075118080603,0.007999607012299846,0.013246970539466895,0.027430122498046706,0.02001733431349141,-0.001132961448570107,0.016026164530741648,-0.01413123828843542,0.008339344945018612,-0.015779825909406305,0.009718697773524049,0.0024999640572717324,-0.0005427116559103432,0.03615475446378713,0.0034973686543957627,0.03938187239682322,0.02292727581025401,0.016650558767146943,0.006282810062216392,0.009848599174805376,-0.010881455598490629,0.007862679476730179,0.010636026315793575,0.007331282047809169
2025-06-03,0.007783918081640834,0.023379572270694357,-0.004548692041520448,0.0009643999313120486,0.032728869601157264,0.009268413693498574,0.012931050585152721,-0.0011922056419993697,0.010893734161734232,0.012405620815044939,-0.0168608156077385,0.027862267010453218,0.006083153793563276,0.002819496336736199,-0.0060365234973727795,0.0021646867929468326,0.04145445679673966,0.012993398552727074,0.02795166046472725,0.015428996038729829,0.01575384000985998,0.004610541775392977,0.014216721761953552,0.0021049263125427716,0.007278078314744572
2025-06-04,-0.0022139048387190374,0.010826053182948865,0.007388989179248374,-0.005981849475310156,0.01646865803587651,-0.00679378249543802,-0.006495033493775864,-0.003694736671950621,-0.0049154906020700915,-0.015621495106178525,0.011252956094045901,-0.0019714595230368973,-0.007698846259676574,0.004248487466403916,0.0316413772011227,0.0019438704097024487,0.009779950185896016,0.006413336411691241,0.004956805000453363,-0.006148714328253871,0.000738552903561071,-0.03549540073392176,0.024239622417529205,-0.006301360819081492,-0.014450829568508487
2025-06-05,-0.010797699336839864,-0.024371726640432394,0.003281416535202608,0.0067045507434235225,-0.004404632275757362,-0.013963541441347345,0.00045094094812499777,-0.03887078629258646,0.015085431678375795,-0.0034215657126363923,0.0009519799852635468,-0.012839517475646219,-0.00859116665153619,-0.008668488704037736,-0.004840674457271411,0.008213523901960007,0.02944314395192961,-0.0015931637384568997,-0.013599160107292826,0.018084339368628275,-0.004049683975323744,-0.14259893789082123,0.004644268026316907,-0.013990906479936435,-0.0045943449870494745
2025-06-06,0.01639831188885057,0.004321894627439705,0.027223334916139413,0.007034280900688053,-0.05001352604409561,0.008515925475614371,0.019265546695700464,0.004085883959511081,0.02758839130507527,0.02417846678099818,0.0325187901442369,0.0035017356491096763,0.014429982553091927,0.0076564154317868595,0.01912022424055912,0.005773210495820732,0.021356595907320395,0.002074386477169053,0.012357957925441842,0.016828432567533236,0.01138522168070233,0.03667018613899593,0.0090489064943283,-0.005002060729963328,0.02396141804651531
2025-06-09,-0.012112573294913822,0.04768053015853171,0.015966607137600737,0.02281484148778884,-0.01073176697112502,0.03183107854809005,-0.002223745206089505,-0.008631085660445478,-0.008232976191866446,0.003922479273585049,0.01510357669583667,0.02093719279539445,0.0038009311900912834,-0.0017853564336594342,-0.005231539219811866,0.005038495162469152,0.022015473119853628,-0.014171978368287451,0.006421295463690505,0.01798642865550095,0.041342866705739466,0.04553761352840428,0.00887025702999999,-0.00020513574990455545,0.006713333429472512
2025-06-10,0.006056171007002403,0.012404456298324172,0.0029035159702168797,0.019176751588032687,0.0014328270400283361,-0.008183526386144674,0.004903125419955476,0.0010833299680704672,-0.01480241239762329,0.018400237812987913,0.014254124691524745,0.07812502037268178,0.006973109800994729,-0.008173358953568105,0.012016389396955485,-0.0038709508659926783,0.028751742521494775,0.031658824959419796,0.009324728528698395,0.0018627362360791764,0.023936628552621013,0.05674382827003063,0.026376802075956794,-0.0013341690968543608,0.02143479148134229
2025-06-11,-0.019193788036112998,-0.017039910017220616,-0.02026562956546214,-0.0011209983083543878,0.03384702665044137,-0.008019263717614859,-0.007984038837905685,-0.01041428192147176,-0.008612336925561207,0.009975455066091215,-0.00699888291361627,-0.06340578004382928,-0.0016753191231585417,-0.04256661324270976,-0.011759765647493375,0.003609878144158269,0.016558576128886927,-0.011899084920378113,-0.007780617660295329,-0.00619775001146252,0.0021994475141367178,0.0010426457165472957,0.007719238305519403,-0.015618379530377481,0.019492553493155283
2025-06-12,0.0021128612878358113,-0.02179296188665846,0.00018765734284502704,0.002703770922569254,0.012494584390666584,-0.04789719626168224,-0.002459279243481019,0.005949139729136277,0.003760607827178735,0.0013124143504690958,-0.00930365434206631,0.004352038262077077,0.00033553328851047934,0.027748585121906404,-0.001123606318080615,0.013224147997050264,0.0012928448043127959,-0.004912106854455569,0.015192891441814212,0.13312164356079206,-0.0048910026614072885,-0.02242443246166161,0.009891069933074039,-0.010125287239557088,0.0038422361931317677
2025-06-13,-0.013805310006740656,-0.019746804539161392,-0.005346085913906915,-0.03206530013912724,-0.028781241996010135,-0.01683431988113497,-0.011878054051636435,-0.012466241114955277,-0.03188328822405246,0.00648405409815643,-0.005862259970457902,-0.030332260675504447,-0.012265009759328658,0.03661010112073646,-0.015129226173777823,-0.008165081256716417,-0.00499243561385275,-0.036146573943873155,-0.020896557247146494,0.07685380539053295,-0.025078653044402474,0.01942907615441966,-0.02009927537882092,-0.00411260326228883,0.021780811224838274
2025-06-16,0.010028094916962941,0.08806814226088062,0.01885902821732026,0.01869912206307579,0.01367107631492626,0.006888925586898161,0.007257907952986706,-0.005907845055404566,0.021207290488113564,0.0008224050684907178,0.012022662184691373,0.02979147962527322,0.020418709719691442,-0.03986023131993588,0.02898092518733029,0.008800816105585441,0.03667819107764489,0.02263351036682595,0.019158890071536424,-0.019143253697898266,0.01389608059110455,0.011742668079331633,0.021695831128702683,-0.0015883276086578436,0.0032108260335864426
2025-06-17,-0.01401074977673796,0.0056175258161351525,-0.005923177895162731,-0.019826293097428723,-0.010829107268456756,-0.007139328027733019,-0.004053144820848014,-0.006745512822591285,-0.004244291979813739,0.01931118227877895,-0.004638913060114039,0.0028929347446732413,-0.0031068512173956972,0.026292125407015855,-0.006964706120397832,-0.0022957689195171175,0.004172325511969949,-0.03069466861609734,-0.003939474898598596,-0.013832361834990396,-0.015362986446731463,-0.038829637497946205,-0.008252963067528906,-0.00042435294742535417,0.013513447305786451
2025-06-18,0.004804789802485326,-0.002439005210978573,-0.010706651956707716,0.0023425562496432978,0.00757914018270773,-0.012883261269472462,0.01876563898718319,-0.0028841828844277163,-0.010840721979648865,-0.004433994204780789,-0.014947223300646637,0.0331731038157061,0.0164736845142933,-0.02240576970881947,-0.002093869391767873,0.004602103204535618,0.01229846654760285,-0.00816667383041564,0.009436644684475479,0.01292145952823273,-0.005373552803841215,0.018017959789727284,-0.0018700576776621508,0.00891241982560595,-0.007105220632818208
2025-06-20,0.022484447083300635,0.011436269162919012,-0.01331640209938302,-0.006709266156245977,-0.0027125873360470654,0.005412825596233654,0.00976472753846239,0.005528744814066955,0.004354519072145998,0.009177401402690053,-0.038541586378500685,-0.019078634331263947,0.0037963338975028457,0.004182636580593938,-0.01928807096055572,-0.005913666351435106,0.014611720388808832,0.004705095742507445,-0.011204332933011044,-0.027030831507738974,-0.015036204674687314,0.00034161115761739816,-0.018688499832175787,0.010831943870586239,0.013340421145699475
2025-06-23,0.002487599159281571,0.010449128824796055,-0.005818118205440101,0.0306530575406489,0.015120531460030225,0.012880490860849057,0.017582394236129933,0.024676280700089103,0.010666520873995574,-0.01798728829550073,-0.00870140383909717,0.005218245291730693,0.011890768651885547,0.004037603756565968,0.02371234216690149,0.018014133333453614,-0.012297692096796318,0.01655793931659554,0.0022245795004106825,0.009114394952457314,0.01202754925942137,0.08231930938729067,0.0038662744011398313,0.01820639835558623,-0.02580644807038137
2025-06-24,-0.005955377660487594,0.06829750516800506,0.020626483554367532,0.043143756508567645,0.03940581825670347,-0.001837937120235712,0.007775468846603009,-0.0025485668558232685,0.029459708857763157,-0.022538579882732918,0.009564899614130306,0.06418115472989595,0.010744935378560888,-0.025949101202370314,0.019569611782039423,0.008456837059390467,0.04775556816800789,0.010529761305592127,0.025872222016739093,0.03975079860170542,0.016782044430282295,-0.023545920693855683,0.046452875800223024,0.0013283651110433527,-0.030427766867891885
2025-06-25,0.0062905597855569895,0.03590263298173707,-0.0036659245365152776,0.0023113679264083202,0.0033361121642283232,-0.01015232666535245,0.004071799943078504,-0.015350442991385218,-0.012575128051214357,-0.0022290243624488635,0.023445386085543782,-0.01552099716020731,0.009955193884590765,-0.003933044266293357,-0.004942493770294584,0.0044071734156648406,-0.005159821433109013,-0.009605982058419256,0.04334020221942811,-0.021136260786149743,0.001412752172110217,-0.03794758240494506,0.012040549716554197,-0.007551093719286148,0.00027692857938545396
2025-06-26,-0.002778318671441529,0.0019525717657909853,0.024199205109171347,-0.02103669084100359,0.020857774888802055,0.018501800138242024,0.013020382681110611,-0.0036795882584165713,0.011129243262490745,0.008447969361723288,0.01675652341139148,0.013513478682458597,0.016510693217802692,-0.0010690522567319834,0.024566835351205494,0.010522731565988845,-0.009823256507193755,0.02811107189372182,0.004601061309627128,0.009965939102889947,0.01449377888101892,-0.005403721812350102,0.005701694176140516,-0.012749437170047812,0.014948768230563956
2025-06-27,0.0003979975737543541,0.0009048224487723938,0.02846355966079835,-0.0026813912342423273,-0.003035090258491289,0.05908777328714671,-0.0071639429190720584,0.00226884824463221,0.00989911505430736,-0.0045002501239613255,0.028754144892341918,0.008444468180338541,-0.005679618000059906,0.001506871507924867,0.010384320469688285,-0.0030355062338011363,-0.009841198836949228,0.15190291878248144,0.017610601823775312,-0.012122967695308002,0.0022125170710702163,-0.00659952699533562,0.020356285968159797,0.013018321426205008,-0.005545956881910213
2025-06-30,0.020340159402342163,-0.01328143866584217,-0.017510092291414304,0.006834527536959465,0.023389663064768654,-0.02339782894922596,0.004244642207342992,0.004872404897513643,-0.002670123276806982,-0.004172762379530434,-0.01288290190187436,-0.012781000824220049,0.009752350966739716,0.009921736112121994,0.006079532227588987,0.0029641143554673265,-0.012103292396877555,-0.013881359764567577,0.0015215188029466073,0.03990675168417143,0.0045413511490126485,-0.018446995428822745,-0.009100002632340941,0.005243100832409089,-0.014445030238362144
2025-07-01,0.012916183574446377,-0.040803337104838744,0.00487719279454648,-0.013626390968723156,-0.03957923000169849,0.0012408462193988564,0.017539991103935684,-0.004020426591919788,-0.0028603313217114316,0.01662131793441604,-0.002213074811601663,0.020089320116201813,0.0017247329625744107,0.006045705127450347,-0.025566142826694924,-0.010775899254748292,-0.019148118695104407,0.0333615994853611,-0.0296853241905596,0.0015094660432174094,0.0008791000660645754,-0.05335897504131728,-0.007991615220524481,0.0047043439571579915,0.013357916068402146
2025-07-02,0.022230858272077294,0.01770629381604813,-0.002449462616694676,0.01153757739667642,0.019490820840929412,0.010677370536491301,0.011630323272489689,-0.0036513110897999166,-0.0099297489306372,0.01655553884624739,0.01592349676083226,-0.0424508185780929,0.005474997578904156,-0.007275673896287595,-0.007855716439176668,-0.0019509585278618471,0.007031238929274894,0.0405938701613773,0.025766280250370092,0.0503286919386926,0.018318796677054577,0.049682427807318394,0.039700998993172205,-0.006412813033805603,0.01656919614384271
2025-07-03,0.005224895644146359,-0.0044037004875608155,0.015869432167251094,-0.006365752672206742,0.01956273712939305,0.018346457633561363,0.004516512614019098,0.004743737102380947,0.010920798857996919,0.00263542814292613,0.004982162569672711,0.02787937082947265,0.01858215930727979,-0.00006484279315379355,0.00762374261323625,0.015781244910589232,0.004517796223562848,0,0.013291030514695738,0.03191595372147172,-0.0006776590125433147,-0.00095038111442869,0.005136922407454726,0.007683645867068017,0.010355522056579997
2025-07-07,-0.016857928064097975,-0.022550942845098565,0.0002685535903060623,-0.011843875218974727,-0.0036338007368366607,0.012550975995038492,-0.0055180920449936005,0.005227782298347441,-0.008634885625479052,-0.006537660714545936,-0.015262087472188742,-0.02178745113850226,-0.013614877621957023,0.014139965841826856,-0.0009180041487757773,-0.0022452495797479844,-0.018457124499836434,0.0018328050033390893,-0.006903504079208202,-0.021321539294086384,-0.02539928551662692,-0.06789282780315345,-0.023977805363673117,0.010065038521444785,-0.00971472170389261
2025-07-08,0.0002858829009628081,0.022403592018476266,-0.018391733064396638,0.011476231890871196,-0.008680700183126302,-0.0005031359277996803,-0.031031605140090717,-0.006389963131187719,0.014269715265014702,0.039620103450485035,-0.013745081320238954,0.07227273420854048,-0.03147581593578771,-0.0128981477955085,0.003229478003491263,-0.002210129140515635,0.03752499143059932,-0.03410425837954251,0.011122254812210505,0.009644402032541985,0.008602678914167657,0.013165935514200526,-0.005716275669991023,-0.02274781592207731,0.027720220690452647
2025-07-09,0.005380619644418962,0.004280919362474497,0.014496684294917834,0.00721584399548545,0.022443216455742303,0.03697602815795374,-0.006574666037949226,-0.0038038577627655646,-0.00997615193036656,-0.0014356220809424022,0.012961597114078975,-0.006358610324714986,0.001343785509365111,0.00010789625984451838,0.016803973665130326,0.013873821642202909,-0.017521240793844445,-0.0048702703436410665,0.01800013216432839,0.0055863953790388984,-0.0006271245333697088,-0.006480617479611397,0.017466786199763582,-0.002884012340469871,-0.0034151561619038834
2025-07-10,0.006015124005702265,0.04154323999612825,-0.001258195325533528,0.002825528770495447,-0.008996137274915429,-0.002250704995091734,0.002775222843737146,-0.012137376017101473,-0.025653300011359764,0.007515384892701847,0.005661823589086194,0.01621156792272569,0.01776396006441252,0.002699552028406819,-0.007560346686920739,-0.004031702061665272,0.007117120309878844,0.014410156705805376,0.007490216509732459,-0.0013174048281707255,-0.001631664299541026,0.04728264838279942,-0.008971718033696246,-0.020142455404014093,0.009929563151520786
2025-07-11,-0.005884895859477367,0.015676987024313933,0.012417933203629732,-0.00019947449475856031,-0.0037036764178952535,0.003317263090575347,-0.005109621645018843,0.0001648710839084367,-0.022351068079066602,0.007394360169800009,0.014469230378233177,-0.016372770556045784,-0.004615226271572299,0.006891966414961124,-0.013379223529461295,0.003669179791465992,0.011534427024716975,-0.026668565951619497,0.004996855724787559,-0.018893641316095628,-0.010245613856400207,0.011746909045068752,0.0027854988610637433,-0.004849235199058457,0.004350508865415345
2025-07-14,-0.012028817100299415,-0.0012292902474535423,0.0029775049161142966,0.005985582196666938,0.004446368522677644,0.016178796632841805,0.007275855942573212,0.010903545124437856,0.006238532985350246,-0.023565719028300378,0.007603007641392945,-0.005548487683396087,0.00641451288126578,0.012962295319565538,0.004752467744009894,-0.0005960727405539767,-0.047538746383387634,-0.005231879453076703,-0.0051539672558957575,-0.005551680442421485,-0.020132216682107545,0.010813001260768906,-0.00750860701599697,0.014618594600673725,-0.013081540476968632
2025-07-15,0.0023487132377913358,0.06407272131582009,0.0029243814744551013,0.020192544361697554,0.019375869196932308,-0.0022124615807962863,-0.019545283771800055,-0.013487540538084963,-0.008086785407248212,-0.006330423668525908,0.002423457218403104,-0.016308977390959822,-0.007447268755661248,-0.007285184442257723,-0.014606258558271674,0.005566419101750795,0.0126464151301942,-0.0035987739214853203,0.0404094172295331,0.024773269491230744,0.000064829972289731,-0.019312070795389793,0.03620935418998755,-0.004071812461767019,-0.008865855602783574
2025-07-16,0.0050212892525172016,0.028725668036568144,-0.013960696164789255,-0.08331507780815009,-0.00046285759305297804,-0.0004348091457201087,-0.002600247009530129,-0.016854669498126314,0.0014365777536134439,-0.005109811251164198,0.00532974732171579,-0.010034884008321433,-0.002547510690803602,0.0028716737939633386,-0.010529602255252303,-0.00039547859051746576,-0.030638513504272546,0.0015280070750222836,0.003925130015680112,0.02698324147770432,-0.0014906897774910994,0.03504091219258656,0.002574339011650188,-0.0025160311598486688,-0.006022521284441974
2025-07-17,-0.0006661019354642133,0.0020614806801599428,0.0030915472640285283,-0.012645053370639023,0.02008484178375745,0.004784715670809969,0.02150773097883844,0.0026698074850867682,0.007482013804817166,0.00973861195220374,0.0033338596632670435,0.004847893363326369,0.014274634018463192,-0.004814806665546794,-0.0021339238220121973,0.012024920810629034,-0.027226710166720017,0.012205406652459786,0.009511619418247167,0.030874397061113296,-0.009476062894376676,-0.00702586399503704,0.03384415803867835,-0.0006306550249905139,-0.005078848664297103
2025-07-18,0.005523257149813746,-0.02132035465911004,0.010050026580880849,-0.013867304964521437,-0.010856913381006765,-0.007186163039434524,0.006380379652816094,-0.0031030070953820305,0.009619768558069737,-0.008852103085990793,0.008061766084917947,0.013157945370521725,0.004725778197296327,-0.011167890681129515,0.004091804700725724,-0.0032245601119647777,0.009977060390772752,-0.00698828322407092,-0.003410421307807149,-0.013266299185696842,0.014350280755487494,0.03205907804067233,-0.021172669128205642,-0.00042045928846508735,-0.03483794103622781
2025-07-21,0.006155802989930363,0.0000636633319716184,0.014018476542235528,-0.020283746691656803,0.0171877861575063,-0.00008715886452891033,0.003381081036556235,-0.0035648009885142153,-0.00038109157106143795,-0.0023993029687930617,0.027234507930688247,0.006926400206489064,-0.0010299380421418885,-0.007392918097440367,0.012338769390538124,0.000019540581626618324,-0.010140664973594676,0.021388102856293605,-0.005974105180302114,-0.007781643306824342,0.026937985685961768,-0.003518894838728969,-0.00644748089525956,0.006522733615343822,0.0025981668704394474
2025-07-22,0.009036296374428869,-0.014522285218451433,-0.00798081904360733,-0.019731008549556676,-0.033378412438291774,-0.0036630541158672505,0.006107913253872941,-0.006279407700039403,0.004994683922494277,0.002405073468706695,0.006522925223743081,-0.0008598648996932252,0.0015808168681757707,-0.10811450329885992,-0.01144510943311765,-0.00939105620931462,-0.035414695764714454,0.018508650162853756,-0.02538224301240097,-0.022296114456511293,-0.00616472961192096,0.011020107841352067,-0.017793636140738967,0.001881440387079602,0.004534918236533863
2025-07-23,-0.0011661691340374267,0.02540067634937025,0.0036048360708192412,0.01623007295502284,0.018306556868374024,0.023634494293815176,0.007745326257303876,-0.0004459297906652639,0.013771323110204094,0.02052800558947316,-0.00580134913757115,0.01075731508012711,0.01828923979942054,0.021059543021521254,0.012443220529975894,0.0011875446980658777,0.0055851223460717785,0.01803942396451839,0.02245104655925886,0.015917029439499825,0.011962855160668244,0.0013550095657463579,0.0244245086169991,-0.0017734853980413646,0.012806342171925517
2025-07-24,-0.0018211504107996837,0.021872053918686088,0.017258761037624422,0.011367887423328043,0.01769527730778825,-0.011159571386443766,0.0051932003478705,-0.007851891782120927,0.0017963149112680092,0.017698527920789735,0.010198248828294178,-0.03661135030784315,-0.0007077964129620643,0.0027658773593598218,0.0017096735272719658,0.009903683145380482,0.017299393987289267,-0.017329006409699914,0.01733228204070893,0.0038445456005984347,-0.006504923398000236,-0.08197020076301287,0.00528444536112281,0.00961527173866723,0.007823176726808352
2025-07-25,0.0005614314509684872,0.026832014770116718,-0.0034017710918776496,-0.019073685757234945,0.005091551674276985,0.007739841972865655,0.0012399804361148288,0.0017991634796894413,0.00526696199392691,-0.006353026777754857,0.005255757839064384,-0.08528495224927657,0.006980345259651574,0.001474290169488595,-0.0029659835389712606,0.005539606279171806,-0.004206597947844887,0.011270260506028834,-0.0013813991283149886,0.009430439504511477,-0.002770121142406944,0.03524405566934258,0.016556255868340742,0.00900628045666289,-0.003520175725262148
2025-07-28,0.0007948313685424696,0.04319097968812931,0.0058330056623134546,0.026347910069015285,0.014198066964466377,0.014374007288288065,-0.00454083014255872,-0.0015927318674776225,0.004236300069977918,0.009299904411545771,-0.003105852792605965,-0.0009662056534548532,-0.0011385468778350916,0.00040354374360603056,0.006945712397139024,-0.0023555287289833567,-0.00008982319046616107,0.03894062650824308,0.01873201512024441,0.010566298645849868,0.01672984728454491,0.0301524990600246,-0.011604263429060315,0.0014363448929446325,0.00942036767565611
2025-07-29,-0.012987680343794106,0.02176666301730378,-0.00764637153929979,-0.013257006162974642,0.010601687412179234,-0.043695282225954,-0.005805475710789925,0.0006210227436272223,-0.010582686024622975,0.00479906508971086,0.016460679723935303,-0.01305611478623123,-0.00415704383196234,-0.0028717183828135162,-0.02456703677030251,0.0001366103573099116,0.006382002760456911,-0.011484109164425951,-0.007015683932365273,0.00916388213191679,0.006395557733769346,-0.013483166498468029,-0.005849565089455918,0.007376344169074415,0.012921601959048543
2025-07-30,-0.010507880529716386,0.011665870361522536,-0.0035495956232552642,0.0041197844273822455,0.017483463257926043,-0.0010615954141021905,0.00020858688643671494,-0.007554305436572706,-0.009648952079353604,-0.022097765571266356,0.003984700339168174,-0.0034296764011536424,0.008719244597586275,-0.0034514063882386467,-0.00684277152979447,0.0013071033263979239,0.02483028184484056,-0.021064759426943434,0.02142340468374342,0.002480248296755695,-0.018632745079096378,-0.006724793213012497,0.0065469724319867735,-0.00752575197471773,-0.008681679919466348
2025-07-31,-0.007079572477626128,-0.017826288486239846,0.017029402351838148,-0.037064220870111596,-0.02947586087658596,-0.01771165455571208,-0.014386974279269665,0.013078062319091857,-0.02447054251349415,-0.012503164096652346,-0.023558780585949617,-0.02654871737838402,-0.011314023199069252,0.005493602698945946,0.11252713022888616,0.03947471494486016,-0.04880601589714765,-0.02595181354480929,-0.007809503646633959,0.01264966796639111,-0.07732945361251493,-0.03375758288237867,-0.005310628955487178,0.0039963715358703415,-0.0023235750030973262
2025-08-01,-0.025003627425670246,-0.026147131042977324,-0.08269617085933034,-0.007038957015172041,-0.017228459950477074,0.0002704541993517078,-0.03405964903687699,0.015111746210664839,-0.029380817907073604,-0.001582762700394249,-0.014434576127760567,-0.02474746414136267,-0.02319050581837295,0.00007124574033108946,-0.03029322970388525,-0.01760067549248991,-0.039032386988639624,-0.0009373127617793011,-0.02333159213127856,-0.03684438488929576,0.009743801360726499,-0.018295599091253868,-0.026529155803312294,0.005205107556938028,-0.01791465755992273
2025-08-04,0.004793060447819604,0.02958649925070191,-0.014435418409851571,0.013829658449303927,0.03145784499240044,0.0019828862258171568,0.0041610620576513335,0.0029920406583428946,0.006301296185284632,-0.002377855211351374,0.031248187132799577,0.009839489348134202,0.016898678653545468,0.006389401771220097,0.03514616769517296,0.021999130646381905,0.02755521015138581,0.0026802188211575303,0.036150068457843174,0.033180550176667,-0.004588642846110877,0.021907956170373253,0.016113159356714597,0.011168666993067778,-0.02070410857453912
2025-08-05,-0.0021147218723759965,-0.013972175799066656,0.009922070229506901,-0.013912633187162234,-0.01608904245942684,0.011334012386288254,-0.006324799301814383,-0.012288404101771976,-0.019142343346245448,0.01324163006651234,-0.0018969417247859076,0.0353846427721855,-0.009821303435251852,0.010715080881444645,-0.016628633752342154,-0.014730112378469912,0.01197001494913706,-0.00588084551245557,-0.009666585149772226,0.012434113285867495,-0.00542330131030196,-0.00174613117722891,-0.027322114776662427,-0.002811537965959348,-0.0012108406088987033
2025-08-06,0.05090678215297204,-0.06419598759758324,0.04004677220394737,0.001928558800891251,0.02983657102438789,0.0008004655131756854,-0.003072977899437934,0.026419224029114025,0.006788063627674259,-0.0016988614802533064,0.007294364915233546,0.010896449110211022,-0.00006853979734110216,0.01543527169036307,0.011172820959432183,-0.005324349564480026,-0.00256739508425143,0.01478898072391802,0.0065072076931430595,0.0029725582293160515,-0.005930130446940041,0.03624644466558727,-0.00473185627904029,0.04078145877179283,-0.0068071042718202135
2025-08-07,0.03179364967503996,0.056890626882559706,0.0036885760119835477,0.032071304928969556,0.006928103109886459,0.010176006990944874,-0.011008395190728913,0.009178568173994046,-0.033270415525555756,0.0024871767630136356,0.0021929240993548114,-0.03135714818388822,-0.015136431176119396,-0.009428511279006168,-0.013160899550367594,-0.007810405060015489,0.02840598049328548,-0.01497079213046559,0.007524337408331281,-0.027453880089131355,0.00041130373776812065,0.007377028928595584,0.04862339997664898,-0.0023220220385547804,-0.0052577314329821994
2025-08-08,0.04235793525056387,0.002088170667614529,-0.0019719555047620716,0.012900955979775806,0.003983420244105806,0.007873986151036436,0.02426533465978681,0.00361140954836593,-0.0015360466942863343,0.012078893543125153,0.024933778459611207,0.009104719322608574,0.006342802000925167,-0.011886249222121727,0.009805445619283138,0.0023039700102364543,0.06275138678494008,-0.0021519404259051833,0.010676529865774224,0.0026465743182821815,0.0113777506108553,0.022900068682782042,-0.0032561133755951294,0.005915439452894776,0.008022686138281476
2025-08-11,-0.008337425610942759,-0.0027783962884999373,-0.006241858073597944,-0.0013982026894420237,-0.00350856926740485,-0.013791849121261024,0.003260220380867342,0.007910437969202508,-0.03255580886124024,-0.010063933004340454,-0.002085132924754857,0.03508766059253432,0.002770339132527976,0.0014801832387619802,-0.004458635635526317,-0.0005172458291825406,0.04062575591694187,-0.002291611922721466,-0.003502989462430319,0.0105178223422954,0.0027785186456920448,0.028454436694932805,0.0010752008378069043,0.0019280792401482508,-0.00908244813378332
2025-08-12,0.01087235170982778,0.015498015949987166,0.0007681796954406422,0.02839280300542813,0.029384586578615444,0.029429959722497494,0.02902953525215844,0.002538628205931715,-0.004383657202173199,0.006451769310240653,0.011641791135678734,0.05617432778890629,0.011362222004565376,0.012433705444798205,0.03150662084067654,0.014316576774880326,0.03257356448559761,0.011888811275605147,0.006041988268502152,0.004669937881250395,0.03892678138762954,0.005338753399730947,0.009087459171243555,-0.00298274589388516,0.0028346682320101483
2025-08-13,0.01602451298590967,0.054129759279188575,0.013952211680404192,0.018576747439281577,-0.011955386316177374,0.003267247774565873,-0.005473652181669387,-0.012509442185135588,0.023180477581313575,0.009259139163992831,-0.0067866319109717195,0.01879870964932157,-0.00792217028833545,0.025512052974438128,-0.012556859598377686,-0.01636295917072021,-0.027240724042141395,0.030707501298783937,-0.008571768446215459,-0.03813122057635955,0.01860404966755462,-0.004283509772223935,-0.011666365428863483,-0.025381338532009898,0.013851027846778443
2025-08-14,-0.002357169051969862,-0.018815753471184245,0.028589233339611886,-0.00047652454763259957,0.006923704191190709,-0.000771275997545726,0.009949111671723871,-0.003534734311012035,-0.01544117050369637,-0.004554968770328763,0.0048524018790725865,0.07380744138958678,0.01249432245795848,-0.01186253749841905,0.0026278194836534103,0.003649547910346937,0.008207889507084568,-0.010492252377391289,0.002367972073360941,0.003194374052144544,0.009579174978070629,-0.011196942235471465,-0.0018224359171377922,-0.0013862051071644643,-0.0020446053951828232
2025-08-15,-0.0051121342654393285,-0.01901079027036517,0.00021648217457236182,-0.01727997537920165,-0.01571185250712056,0.008876847393789172,-0.016139206250196585,-0.0034346002925468057,0.0388654717612519,0.00895848367369041,0.004730417834598925,0.02933775514184726,-0.012476130711183238,0.0005488131217505146,0.003963576590588179,-0.004421089394766686,-0.03527804488000402,0.007592785432622431,-0.008625454083926495,0.013553170839264448,-0.0015180270516894961,-0.014959143019665277,-0.008796708005652755,-0.00611236135393606,0.0009399013719407476
2025-08-18,-0.0030225974608621997,-0.007717847780873776,0.001991112480187615,0.007262554683080781,-0.001893301183907813,-0.012114217934506287,0.020877781050390083,0.007520290919271731,0.006310868792525642,-0.007856928728804197,-0.0019617589097363506,-0.03664493640475492,0.0035801952000443396,0.007039119125967686,-0.022744904150140605,-0.005901999673326725,0.022172517729297216,0.005976170071487748,0.008644954831997077,0.0031819484309907617,0.006651749229123155,0.013915797850586099,0.010591065161155115,0.006999909892498835,0.0021598897026482012
2025-08-19,-0.0014291944969682718,-0.05444530697809358,-0.015033093886340118,-0.005270509972913257,-0.035485373557737794,-0.03188332492297729,0.003338828637922547,0.0015316100800621757,0.008320598356479992,-0.010481211456086948,-0.009483904252744098,0.06973793868011151,-0.0029842519350535696,0.0010439069674548827,-0.020707148168322465,-0.01417514274190574,-0.012140763645758982,-0.007103168038861914,-0.03499799367714488,-0.0580158961414059,-0.016677009476981943,-0.01745436818115473,-0.03607972066950209,0.005859033056421975,0.006559184133181338
2025-08-20,-0.019734652812962383,-0.008105710470002761,-0.018420231785568803,0.007907345329797137,-0.012681845284010123,0.0027555338541666668,0.005615564588437299,0.01398793895601724,0.0018292878594373307,0.008026407755581791,-0.011162409848264348,-0.06993277707479935,0.00543585883640238,0.011108569846768866,-0.005003411824583814,-0.007944713224745086,-0.03965591930968514,-0.008064392789244186,-0.001366368832419695,0.0018754339780182698,-0.005184059592604252,-0.016428300696053964,-0.017619223024604776,0.01263700699418972,0.010333232160258152
2025-08-21,-0.004911305040181097,-0.009019311512710378,-0.008310623433453243,-0.01879940260673108,-0.0053920860115424345,-0.0051413368869093895,-0.0018614289115139254,-0.025025899359495434,-0.0025157043425823498,0.015206990045621073,0.002157310630543511,-0.0016992741704168132,-0.002634793320387329,0.0026905905223950605,-0.01152848535832403,-0.0012875212506091045,-0.012114970056757551,-0.0010490729950663965,-0.00239456955632648,-0.008083010779703068,-0.00842768876649629,-0.011701168929731838,-0.005555467822369182,-0.04494488213016073,0.006449866239876177
2025-08-22,0.012716750813830821,0.024738791930094598,0.031043025385826685,0.026502505166062836,0.01519332075591468,0.025216021714440397,0.025279777446078414,-0.01148835542018988,0.010006821694867555,0.016907586798313314,0.0317396526637871,0.05531911647066157,0.016365191523697815,-0.0022361071845709655,0.021228591497461362,0.0059298554414259136,0.01632264231395941,0.028878981205000872,0.01720196824445462,0.013767338619487958,0.02517346878330155,0.06216620950517114,0.02489763551354618,-0.011535369992211136,0.01876765008089572
2025-08-25,-0.0026342399869285693,-0.026227909159266708,-0.0039328522587262285,-0.0005695323210608208,0.0007823318067650893,-0.014123066525987684,0,-0.01769351108757936,-0.0016915017607905516,0.0001264347913557567,0.01164539991519089,-0.010080645471408151,-0.0045232585982204416,0.003406455267148399,-0.001974025805446663,-0.005855362867933229,-0.01070710330111825,0.010079067590488686,0.010225304884774857,-0.004061430915594953,-0.010062625300889761,0.019381771561470286,0.011159293904666932,-0.007848767575686045,0.004133696417869647
2025-08-26,0.009464633591015523,0.019955891862486703,0.0033781006590050955,0.011584514401756008,0.012847084257677643,0.03508620304661938,0.015561954024138442,-0.0002549189395528347,-0.01666189369765086,-0.005309689305903103,-0.0064750631425264,-0.008146593148927806,0.012444928150811115,0.017287636453109902,0.0010619629015323677,-0.004402481594713343,0.0006871955987980017,-0.006568235219218241,0.010900419888796684,-0.005097393760961461,0.017580890433493097,0.014627833914995779,0.013285734679524371,-0.00020819939718045606,-0.0022373196448545627
2025-08-27,0.005145918125483128,0.003060915739832419,0.0017926124405795577,0.008909745971263127,0.007516586530799313,0.003364107141221089,0.0025869720117413205,0.0086897693228796,0.026339480805233337,0.011947201387159087,0.0016413387467420519,0.020533880581804772,0.0023779608625243906,-0.0021736035433288408,-0.008911220081963087,0.009361720297081185,0.010729639488756482,-0.007501582451477717,-0.0009352225175625307,0.0068313689686501,0.003769562005477464,-0.0058862207330171515,0.002387740737899586,0.0003122842208328895,0.011301582886238452
2025-08-28,0.008980812903117015,0.008675862537423428,0.010824070527147485,-0.00849351575357999,0.027976575883677204,0.0022918621344224094,0.002183476893341463,-0.004802506389721292,0.01746877677902866,0.0005023725947850605,0.02005010941659797,0.003219312775774017,0.005981129656974238,0.0037625782180918904,0.004990712058068974,0.005722907173815351,0.036093361224436564,-0.0017932930958717906,-0.007874463590449816,0.01912555280108383,0.00644679615909073,-0.010354676927882058,-0.0042625125962488805,0.0003122666138580073,0.005321508036637278
2025-08-29,-0.001805954775134055,-0.0352947970317682,-0.011226278216735148,-0.027296698880874406,-0.03648126804482267,-0.006266984092893563,0.004951488322171981,-0.0017354992956101585,0.006757561070363915,0.008034122866913733,0.006000903938756594,-0.02326513905359397,0.001162395961036545,-0.0012055905655599297,-0.016522115143799306,-0.005788384724478202,-0.024508170099803266,-0.007058598895532737,-0.03324642068345806,-0.05904622335421693,-0.00043534037551861993,-0.03500206799409336,-0.031057293309651048,0.009052186150231855,0.008292781548297844
2025-09-02,-0.010424763463666057,-0.001906152304534008,-0.0159825487428357,-0.02258230615881678,0.0028581783284132695,0.011505080498112222,-0.006306683757350999,-0.004770394122000116,-0.013229241823601101,0.007658766183830556,-0.007327086725852493,-0.00574953982767125,-0.005706312279254301,0.000375774506131322,-0.00486002033933599,-0.003098602510448078,-0.004453374834050524,-0.03481877203414361,-0.019520035172309314,-0.003670455165276919,-0.012132122327992557,-0.013508281162079265,-0.010742012936630664,0.008970820891447132,0.0034999375876426124
2025-09-03,0.03808989840304632,-0.0011705423412576505,0.002884570719078064,0.015113457654524324,0.013914961216882417,-0.02106327364205908,-0.0071400299330834785,0.011674304074058695,0.014197662379818642,-0.023295998346007242,0.09136493852682011,-0.008674064122841765,-0.0006339083965175536,-0.0076021919715401525,0.0026390505848711203,0.000455385449735691,0.0020256775850249985,0.006057192942862166,-0.0009368051517752283,-0.008211318531212028,-0.009447051862376743,0.014361219324439971,0.0131355350880209,0.016249423473341722,-0.024239262831520766
2025-09-04,0.00549335577303823,-0.0020971540519316443,0.042877945692648335,0.0225428041973666,0.012268922666901978,-0.007014393874526766,0.011186577135222173,0.006443536483558353,-0.048508627384199865,-0.0023409186471831833,0.0071100787791474485,0.02541669209798177,0.014390143956228441,0.017347340706546685,0.01573853992775401,0.005184534030341362,0.04624321725344603,0.008161741544364184,0.00609543578868941,-0.0020138527742852336,0.021228987189856892,0.013289839534482014,0.01650898423175651,0.014983806630482436,0.004378487560829752
2025-09-05,-0.0003754333709149604,-0.06582603583924616,-0.014214150326010306,0.03752165028514692,0.09405415730546964,-0.004940409055897888,-0.011323008669320483,0.007929723262808573,0.027662782885228474,-0.02555647131152363,0.011622911345493418,-0.004876100619961918,-0.031071064138419,0.015431736590687332,0.005075736482779222,-0.025532987187074658,0.05764432795894706,-0.019110778598353854,-0.027030212069536243,0.043946236523544936,0.0008139461342457239,0.036363092201525095,0.03486246655704307,-0.004161201224421293,-0.028202791903535265
2025-09-08,-0.007551387869566972,0.0017864514592516934,0.015107797009308893,0.018613231702956895,0.032129948489308884,0.005835966788592106,-0.006228688791498858,0.008687171183025732,0.0060218284608239345,0.0022126168891306425,-0.003194407816554504,-0.00040833928033064034,-0.004993580013395307,-0.01032553344822394,-0.00019938366845930218,0.0064646033234353395,0.0006852398339418797,0.003247273944279873,0.007723626471741968,0.024398558028302087,0.0025025619275038245,-0.01265534855703888,0.015529331502132735,0.01761009593573403,0.005676018226726672
2025-09-09,-0.014839387013392687,0.029126237074472684,0.010176429751274746,0.011152289453868012,-0.025979924712781377,-0.006191784778857231,0.016781289621487977,0.00761440992911335,-0.0008324990856417575,0.005519534252670356,0.023884882329889164,-0.0016339464430830172,0.01686526791348716,-0.004465066577174676,0.017812093801944207,0.00042158074223607806,0.028753972070519166,-0.007417411634742669,0.014556415107065892,0.012705510110560252,-0.009860346562351262,0.0016455177086091024,0.015089582910884303,0.00009785426753041568,0.007282730339734595
2025-09-10,-0.03225941254848014,0.023873609209719718,-0.03320182790348509,-0.014891919839846132,0.0977217449726569,-0.008713837411861582,-0.003181533555131937,-0.023446629719498714,-0.03764971279026522,0.01898600316853068,-0.0019197095776530468,0.013502451575080506,0.009031400700278932,0.014899526528153817,-0.017918233534433024,0.003932438221993224,0.03519664081729687,0.00883138497765003,0.038475070154532345,0.35948814029426734,0.0018278026168462296,0.0023633378140295014,0.03794036774017982,-0.018379120122593996,0.0167194397923231
2025-09-11,0.01428630225531645,-0.024257209978984492,-0.0016498279850283278,0.013894047338983702,-0.02689605975186791,-0.03309598557443552,0.01236776207205713,0.008397143010056254,0.0152945561839493,0.002915387111852596,0.0050173757558664754,-0.006459420446314952,0.016703304356282766,0.01478864496178148,-0.001436215329532307,0.0012790818500065396,0.07549990192918446,0.001077468165116561,-0.000845938765854782,-0.0623458824512515,0.01610578502215112,0.060438737448539594,-0.005874716316610803,0.02230853901836833,-0.0032000139776144623
2025-09-12,0.017562959510246882,0.018629210441218864,-0.007827802024989644,0.012074708577825607,0.0006672570486825819,-0.01840994113654705,-0.0033496776767767264,0.0037124481455715454,-0.014292697928476965,-0.007203793352690891,0.0017889438107797889,-0.021535988358430867,0.004418122916877134,0.0012321082071387983,0.006245843545655861,0.017744143492950774,0.0442318828577744,-0.017893221889925925,0.003668780774567719,-0.05093210371654552,0.0019813485044876257,0.07356092584909467,0.0016221831520095967,0.008183101322274983,0.00017827199005516345
2025-09-15,0.011235926409398711,0.01633345663278562,0.014376501718361068,0.0656493312437181,0.011726445413065587,-0.0008798853350842476,0.00019772013358830545,-0.00805869008163559,-0.0009885905770127335,0.0012729586651707401,0.044891980141016155,0.028654507319093962,0.00648393508034654,0.004116188585762577,0.012056751095801208,0.010707963157335874,0.0034345404617128774,0.000411062714624838,-0.00039368431381090456,0.03408868162919928,-0.0037694290734173737,0.03561147147692467,0.007905151037392682,0.001932571513415308,0.0016940122484338958
2025-09-16,0.006125890181851516,-0.004343490520823096,0.011320962964584418,0.012821399863800218,-0.011233547294807097,-0.003383525967736095,0.0013836907158942535,-0.008363628052688808,-0.013236086218375563,0.014175644258194424,-0.0017885059236891177,0.02018570814532564,0.0009388809265041766,0.0022609610590054955,0.0187001593140248,-0.012263246171065223,0.006655248021382646,-0.003834083470814046,-0.016146210499489222,0.014926688960582241,0.01811184620694904,0.028241113869250593,0.005764344992347023,-0.0026038430167716446,0.020738789613595827
2025-09-17,0.0035272570821431454,-0.008101726270496686,-0.010382430689534922,-0.007001156020913152,-0.03841666158583187,-0.0018137818895875976,0.014607189656805606,0.011511702684542458,0.013880585987737877,0.0034475149795225573,-0.006489882625132716,-0.014641900772887542,0.008279677288657536,-0.0025299224597920226,-0.004210529294597994,0.0019251597321500106,0.007366828029507722,-0.006048100962971125,-0.026246562546603337,-0.01708778877940755,0.0068235113121915695,0.010056425889375841,0.0027856660381488595,0.008218801926903248,0.0053192140573185
2025-09-18,-0.004644626316983757,-0.007790936570952505,-0.0016837898189710192,0.06366139731947938,-0.0023686617340934104,0.004798950546822435,0.014202325695216539,-0.01107964199161402,0.008546353197218028,-0.007807993733255379,0.010018832488637674,0.22771084992605387,0.004747428199133563,0.0010567422377551004,0.0058398104117998615,-0.0030782509566055793,0.05562844696035201,-0.0029042489712455626,0.034940440035851714,-0.01589209405797878,0.017366563922574452,-0.021157139806429144,0.02226122656028439,-0.006425515269763141,-0.011796421210988289
2025-09-19,0.03203292635537119,-0.003356121994947555,0.0010811746080494585,0.0046886024509929375,-0.0011872763286403666,-0.000046414566702331356,0.0023018718649199695,-0.0012600386198168459,0.011503157035814116,-0.016557584756248453,0.010673358575602724,-0.03238468370955791,0.0049483913650615165,-0.0014357285331978473,-0.0023967467845144998,0.018644739680154135,-0.03647336880214847,-0.016782196160351887,0.002439717276098963,0.04059078280764831,-0.0076131528360104655,0.022118270566640074,-0.01403370332909166,-0.012258701746831845,-0.009742856450401105
2025-09-22,0.04309573765350108,0.01524870643491611,-0.016632067201427424,0.027516921039012945,-0.016146384858518725,-0.01650822007582624,-0.006315776822967071,-0.008305623113123621,0.010522435173134304,-0.0010242342726542635,-0.008597641964209134,-0.02772142315548328,-0.007433792067067702,0.01575263042731426,-0.016320497421352755,-0.006718996817023941,0.011614275671969276,0.005501440620390807,0.03928241078649571,0.06314380403036059,0.017201069052374802,0.019104804353584172,0.02929742931582353,0.00478839043521992,-0.0070909423519744
2025-09-23,-0.0064432788711973445,0.006946621546969504,-0.030400202172414997,0.005961663725830349,0.0004427695452454223,0.02003866317781968,-0.004237279594231727,0.00036044866403962166,-0.02054538154794562,0.008779098465085972,-0.0034451364517413302,0.02016689565682262,0.0009601525303720455,0.013072684488454146,-0.012755500081134939,-0.010146610977012915,0.010873575883199564,-0.004910213719344122,-0.028212047891208812,-0.04363859277151799,-0.0011194718546483002,-0.01925332331378974,0.03697306405815362,-0.0029178214634851306,0.017229093128151737
2025-09-24,-0.008332328960039414,-0.00012423253219471847,-0.0022654160880354185,-0.01719752248181796,0.0010916754787522575,-0.005731673547956991,0,0.001769829761552368,0.005438347504136924,0.011180277949346517,-0.017960846222761367,0.0640763173479663,0.002174482520879052,-0.0008630153766209589,0.006963175433525637,0.0018065383480658731,-0.028243501289480437,0.004088544675772184,-0.008182508094013602,-0.01711113110510115,0.023712539872878326,0.03977927016229389,-0.007074319576944309,0.002048481988152015,0.0053532223174301685
2025-09-25,0.01807306076752984,0.0024241632136480797,-0.00935476479077319,0.002756157731065849,-0.009460457278347637,-0.007298964573079525,0.002901252668472427,-0.0020734736022630608,-0.02009036293419216,0.009674615766718757,-0.00546244009487943,0.08872525387684503,0.00009572490026927445,-0.003928035331586189,-0.015447143614277473,-0.006115803306297468,-0.030177448142551192,-0.02780108498501836,0.004068588702951844,-0.05553403905676633,-0.022299088783407393,-0.04381307961359794,-0.014427718470532327,0.0031150048152462128,0.008990912676600647
2025-09-26,-0.005489212856193298,-0.01122339871421974,0.007471945580644679,0.0020746833001467147,-0.004671223785942008,0.036200982399333656,0.006943207293032803,-0.029004215082940384,0.010292665212937493,-0.0034843236252539845,0.003051384440663803,0.044424779257654784,0.008326577751454577,0.006400488321895195,-0.006890003040452232,0.00873711424348655,0.002805482153575131,0.0010108186313189116,0.002813866827901253,-0.027014035072160252,-0.0028288304229239806,0.04017567410551979,-0.011928111587267105,0.0010674600966776831,0.014101557612974614
2025-09-29,-0.004031963397017813,0.011915175068904252,0.010874508157807734,0.011655032247805319,-0.019818748899735606,-0.01889176886720074,0.004022122079776035,0.0010043098060199165,0.006860316185634921,-0.025349550034737312,-0.01009972098563454,-0.028732407260948504,-0.00117064783259207,0.009313936257022665,-0.00047054510251737106,0.006139228501036415,0.04215678853872939,0.0034629036252251232,0.020539938960737754,-0.0024693747936264804,-0.023049644740697334,0.006380557669249736,-0.0004753906304501145,-0.0007754865018996554,-0.025592839269777568
2025-09-30,0.0007861175643598798,0.002664803384697466,-0.011702709034319948,0.005692908770870828,0.006129858548853137,-0.0057582457594266495,-0.01583355350671682,0.009554300655328533,-0.03304779660360475,-0.005189141952881636,-0.0038926686424235104,-0.026972166981515645,-0.0008236504387522529,0.014695681826058295,-0.012133414881295856,0.00651003294882101,0.020866440849515284,0.0025880467938414757,0.02601032619754671,-0.005375649302899531,0.006412642114081899,0.0034069849388267868,0.022179162178326894,-0.0001941151609971935,-0.012869877258106526
2025-10-01,0.0032203639886288484,0.013721498935826975,0.004827606336181196,0.03633959103747055,0.010548317736014388,-0.0029189865980988553,-0.01763908253989745,-0.008956050326844517,-0.005527369973545702,-0.004571966865086275,0.007404332767949064,0.07123694318920751,-0.014963767493564527,-0.00042063721333611306,-0.02320331775946244,0.0033980865173817076,0.08863240251055839,0.06410426026057237,0.003537466147390656,0.02762765928825207,0.0007815029646732164,0.03314442839070762,0.032869009303183566,-0.010673416959813636,-0.006740659862015607
2025-10-02,0.006576576905767559,0.034875930810818453,0.008067800117406154,0.02681232667870905,0.014367557399258922,0.010362433825105488,-0.0039463706002771035,-0.0006212635570659442,0.013534646191515521,-0.007827753816384711,0.0032257855079875523,0.03784086428264,-0.010170171502812742,0.0007213512744392115,0.013536124397628134,-0.007638977363165323,0.008783997765116607,0.004986661563136791,0.008812165089625078,-0.0007957529757989777,0.014174989008228127,-0.051059922281332805,-0.0012480430354667067,-0.0025500128084038187,-0.006250524109890765
2025-10-03,0.0034612549164673655,-0.029812040805777,-0.013039023009411038,0.0019899284959904815,0.0005618107020083803,-0.005197027374730271,0.003169635630887876,-0.0015162156786382272,0.00619559753559943,0.0011737030243279144,-0.0013838125173614396,-0.012600466906682378,0.008063690449644017,0.010273201231812157,-0.022680670773698633,0.0031215812486467907,0.022844305568387843,-0.03540302669896389,-0.006723594708770543,-0.009141884540437368,0.001954306120859245,-0.014151406944344897,0.014161344245710836,0.0036382374774081815,0.01770151289608663
2025-10-06,-0.005154581092728966,0.23708027557556827,0.006332282923022671,0.01073414080924413,-0.008511310215739878,0.01585757109287001,-0.00493684049862579,-0.004850512883197649,0.022549489276950524,0.0030609112428919543,0.02070513086544011,-0.0065164720753402156,0.002106804901936601,0.019326518611074536,0.007177468422781844,0.021687617247089102,0.016664025635536567,-0.010565821889501743,-0.011086219191363399,0.01904668743096855,-0.0033100711710630165,0.05448669045754643,0.03494295091796762,0.006172162742187512,0.008299440439263202
2025-10-07,-0.0008181232786117514,0.03828966440477654,0.003983725247293931,-0.03929835073147718,0.002742206600907861,0.009511726379275325,-0.0019845027550572203,0.0042373571326007825,-0.024574837664721988,0.005778414912546923,-0.01864801935955213,0.015851271219970205,-0.004819239646801695,-0.006164411866014859,-0.003605058146002589,-0.008683890354990186,-0.027597379748390334,-0.03175490010665721,-0.002694815407697261,-0.025206821973767335,-0.01874034950968205,-0.044478772558432154,-0.02767858486923556,0.0052580362061336134,0.0005254419282168326
2025-10-08,0.006160398261371136,0.11370622512583217,0.015510877718191122,-0.01445676600168457,0.027020493429604865,0.015778558671149513,-0.008948173922909416,0,0.0028780922447850838,-0.007552770127187455,-0.004638601068985909,0.006994946167301526,-0.01189504711844226,0.005772229436105406,0.006675307797373266,0.001660324984819819,0.058430634248946366,0.0026119700677577694,0.02199526493117934,0.015444886577848496,0.01396117615521598,0.01293035200736103,0.03567653697159083,-0.0032932082384551295,-0.0021005274050902257
2025-10-09,-0.015577861438013912,-0.01133468414254492,0.011189078495703731,-0.007359757840947214,-0.0013892922967601536,-0.041363425444984794,-0.0010031234642150987,0.030706206226897147,0.020380232694241118,-0.013659360225319156,-0.01263185065602674,0.00988509027165577,0.004933709298697171,-0.012178597968863674,0.021829351689455816,-0.00466786284040864,-0.02142055101397166,-0.01490794389791264,0.01829625247803999,0.03064586239722824,-0.012576809002468027,-0.007180455170972593,-0.015237014387966017,-0.01098158237063204,-0.009735029551375667
2025-10-10,-0.034522106251510004,-0.0772467926502287,-0.04992539782966612,-0.045230101212807836,-0.05909793714252626,-0.024398167928059895,-0.022896095824807602,-0.013660169544301748,-0.01487792918701295,-0.01806924043350002,-0.020535638722347052,-0.03783069666768022,-0.015186614875115257,-0.005337172012090563,-0.03845894262560199,-0.02189900056871512,-0.055789517647785586,-0.04172789943107095,-0.048865329883898946,-0.013469883686388037,-0.07286007545614231,-0.050626849148056215,-0.06409230205580882,0.0006877336863483392,-0.019307489707180884
2025-10-13,0.009744353055412963,0.007073077317969174,0.017100394188331414,0.05177365107871822,0.09878945309567966,0.02292033373976614,0.004316443470485884,0.0059677128727892775,0.029253565669806046,0.020416571940668808,0.032041072338994406,0.02337097370858544,0.023530118949580115,-0.002415600301717478,0.014745447527121876,0.006047446514153403,0.061508874883782885,0.03311860710911974,0.02817208868258376,0.05137216631951872,0.05332378992574036,0.05419720958518707,0.07920631380643775,0.002749496330136114,0.013636736977338484
2025-10-14,0.00044418063131481484,0.007716468824852551,-0.01672198760437505,-0.0015030066676292057,-0.035239754807794885,-0.005845214887300434,0.025174023962046224,0.01170423879666106,-0.036100549544536946,0.0029616144958922344,0.005324631840448028,-0.042718970995182945,-0.01912528477724019,0.0026795209567378095,-0.009850448159608605,-0.0009337820107104737,-0.029620839658112182,0.00385883751565027,-0.04402086350832333,-0.02925225398647643,-0.00024715946171139876,-0.015278742269702723,-0.02294581449268769,0.04984331565038173,0.0004454566789210108
2025-10-15,0.006336506208048075,0.09404378976580148,-0.0037894175689383264,0.027085545029419837,0.020922256162132995,-0.0013999208935398645,0.04372127454355002,0.00895909890431259,-0.013304337759314142,-0.0018373408576816076,0.022733770521946698,0.04266069077174118,0.011950508846754783,-0.01142167659291367,0.012559062063729561,-0.0002726225922623262,0.026087862358181047,0.012122989685682163,-0.0011108832013668021,0.01545145095022064,0.0076048340672045306,0.013768529951932893,0.029634533746919024,0.016976053717197785,-0.006055721753689896
2025-10-16,-0.007579973963228538,-0.016932139319263614,-0.005102778986601825,0.0096849357784831,0.008026660556839258,-0.009859815936222255,-0.03519513925564291,-0.030754224857363607,0.039817340960294274,-0.002629604132943854,0.001712976285638156,-0.008344585748538042,-0.023389754519057167,-0.01233458022342845,-0.007637063504693309,-0.003544761087517054,0.05517343988441054,-0.02366350302770728,0.011010399286273015,0.030893927279780638,0.006810897702497228,-0.01470755828163205,-0.015982557215210955,-0.023479819983823043,-0.008690919352757901
2025-10-17,0.019559419889786333,-0.0063096680718942935,-0.006667636156250796,0.009494066238690277,-0.013610004199265276,0.004955415804343566,0.01665343721088183,0.011570680493060261,-0.011869826800114173,0.009030347123334805,0.007317281816854731,0.004614499680814216,-0.0032825735954961086,0.0038519789442476734,0.006811105016194593,0.003850727276558142,-0.0007405327402033799,0.007929363284868594,0.007755344299286642,-0.06929713046466454,-0.003839540172929906,0.024629731915087463,-0.015875111467684604,0.0118343984400062,0.01446124670417213
2025-10-20,0.039438767662544415,0.03209196700178872,0.016147214372026392,0.012513710977366158,-0.0002576637392446473,0.018221117865724376,0.014820625135021914,-0.00023500774936416983,0.04607527954318861,0.00914550036903689,0.012830510557433759,0.029451505053263008,0.016131111594110906,0.021710588821968985,0.021271563333747884,0.00625004484819782,0.021691858735265617,0.0037109000613949716,-0.0031655547088022384,-0.04850503997746893,0.02196380873720327,0.018483519979771188,0.008879058245692304,-0.006312190461466449,0.004098340434116644
2025-10-21,0.002021160862184581,-0.010517121736670442,0.02563748688697789,-0.016437171220661115,-0.018840838233691735,0.0020292739034883382,-0.009992252745374235,0.0014848909497605567,0.03590535556182751,-0.004466679341562245,-0.023737955162759276,0.0005249464190203817,-0.01742949495369469,-0.03241746492237291,0.0015024127113342479,0.001683543702013359,-0.021666623952830928,0.010943464245964487,-0.008103394868217987,-0.007323787326246571,0.010716205218334891,-0.010794954856246196,-0.01071551779271058,-0.007753335259137946,0.00008879690983985342
2025-10-22,-0.01644030035789003,-0.03276899168911071,-0.018375903497213037,-0.0131216966942969,-0.006887336934895939,-0.003083854303072034,-0.0081522047849371,0.007658687246570488,-0.02570131009500714,0.011574318777341686,0.004911033040772019,-0.03147955919630771,-0.010030714629819483,-0.004821128376296288,0.00019085799389137584,0.005563501984168183,-0.018883755151132473,0.010532510709442378,-0.00485765024462826,-0.00904950057733209,0.0026061417072692,-0.008201547294971143,-0.019116550152093136,0.008661289989261,0.01774465632626306
2025-10-23,0.004372173918809691,0.02067501999721242,0.014406971477930833,0.02455586444300056,0.011724976365807431,0.005448118355057564,0.012915748874033616,-0.0027840712635040497,-0.006195530460086177,0.006363622214392974,0.005522596565561609,0.033586179305658936,0.0014621903269567364,0.0018678814762299388,0.0008045044237730807,0.000038466739368017434,0.041517616894391894,0.008685404008048835,0.010428245272369486,0.02717671735686919,0.004489791435569076,0.022803402824313312,0.0064041655824119475,-0.002613412398353366,0.01107144280236202
2025-10-24,0.012481724364091578,0.07630108624472048,0.014111947295924994,-0.003193725317836233,0.02858053826145577,0.016439370715976113,0.015649173810104198,-0.010519530610539948,-0.0008625271666545709,-0.006387254133497739,0.027027095600908137,0.003144626110183372,0.020031224285313474,-0.005409147763422461,0.0059400599933637135,0.005858990605509264,0.059552046832877875,-0.008180192771105911,0.022507573914282607,0.011639811158124482,-0.0064106489044002575,-0.033988171838878777,0.014549478637687047,-0.006457098042235167,-0.005087154903604528
2025-10-27,0.022791311850895283,0.026688341403039995,0.012309863182682089,0.0260187797330926,0.022364645564529304,0.0074542301829110666,0.0085600854320018,-0.0024567106747600052,0.0025113908350329318,-0.001800000525577109,0.035972545849755545,0.03291541735659408,0.012348435380442592,0.0030900883600283365,0.01687514798926463,0.015106800881565347,0.004931085017202076,-0.007524256480082814,0.02807914078902092,-0.006811847951092024,0.11092702326622966,0.04311540199760247,0.011154173589035884,-0.016011985458002857,0.004766461760117045
2025-10-28,0.0007067783895676413,-0.006392743005619902,0.010045375014470875,-0.007075616139633581,0.030161629472044975,0.0014798288388102579,-0.0028291684651457673,-0.006119296217653726,-0.004736371072696351,-0.007405977089891057,-0.006684715295764613,0.05032872578887725,0.003978273984245954,-0.002341306662544672,0.000825867476673706,0.01984868989494453,0.00822350173580816,-0.016911999867206165,0.04981991068259209,-0.002025621205779284,-0.035432706558783444,0.01796997065544932,0.010997304326474023,-0.01244387648385276,-0.007848918527516593
2025-10-29,0.002602242959819562,0.02449508378524407,0.00458016598367639,0.019249639949555628,0.03488217097279669,-0.04365736766247693,-0.005485014655201361,-0.0127033985650179,-0.011012375101996085,0.006293421306986122,0.026544977891569805,-0.004574973086772654,0.0004913028101330069,-0.0009057986678956629,0.0003060346315890282,-0.0009592785898672715,0.02126987209586159,-0.030846767338534618,0.029895984327615283,-0.019691599592041663,-0.013036480562735335,0.0020845119924046314,0.011806551395113843,-0.006881841668764585,0.012344532965395505
2025-10-30,0.006303249053230387,-0.03590205696083791,-0.03230569840563214,0.004305011672824146,-0.024638579257182856,-0.06320816501667943,0.008558161164191237,0.008504834474046897,0.020639434940916912,-0.010186901098865452,0.025166768008160773,-0.028543790537502285,0.012863815692467384,0.009045427733606075,-0.11334755956283815,-0.029157133854966974,-0.011560766868784447,-0.006886006641200815,-0.02004443857374464,-0.06687235638191323,-0.007891700898518365,-0.04639120107705207,-0.006129430612613392,-0.0022446716857720326,-0.015113665462582762
2025-10-31,-0.0037950435186791015,0.005022754660535049,0.09584492754129256,-0.01508194555263771,-0.018168855540215013,0.0046981329108542165,0.007920149710521357,-0.00808593737250299,0.01465037780203274,0.027357865347881673,-0.0010303593732720977,-0.0042330221511758075,0.005429062526573759,0.004410631845153289,-0.027188115380981513,-0.015120960204863643,-0.00107133400615245,-0.004776743935392238,-0.001971511021891973,0.022266197278887984,0.020534771397764752,0.03740057084027075,-0.00920124513211346,-0.010270938101987278,-0.0028773455623466813
2025-11-03,-0.004882341269010292,0.013782597401978423,0.04004585509136342,0.0071654614557640104,-0.019154328568572503,0.017560435301316294,0.0020579939772963625,0.018201737185196964,0.003571279836219698,-0.023332451091661918,0.00899745879775873,-0.012253104723690109,-0.005689031500917322,-0.008010061536011151,-0.016410744303214438,-0.0015063329682659448,0.0488447587179423,-0.030035430079365287,0.021680040134361683,-0.0181256186681876,-0.0009948772854794247,0.02586735066967422,0.014745498935605271,0.004052152595124658,-0.005246522155066847
2025-11-04,0.0036797500454423537,-0.03697281367375586,-0.018425168014886813,-0.03438247622678297,-0.029264850665292233,-0.03177707114653666,-0.00037336618820695504,0.01368483145852512,-0.026402385750950098,-0.004219670271468074,-0.02178206148177638,-0.06253167647349683,-0.00032331060497629404,-0.006066257994189059,-0.0162927503694894,-0.0052220271836466645,-0.07102682080141036,-0.022665640263292507,-0.03958815778988816,-0.03754127357928862,-0.043603453005520695,-0.05147636612701912,-0.035458732488864005,0.006693542275972098,0.0033403041564389834
2025-11-05,0.00037036583712878984,0.02511491079329409,0.0035295587926045917,0.013211726892558503,0.02000348619182897,-0.0021712089267574286,-0.020358627679888507,-0.0060697128874207815,-0.006917122519534137,-0.004758981003231901,0.024392863859448027,0.03645698982774833,0.007857713267444716,-0.024413384929870382,0.013756921162278252,-0.013940587315086591,0.08929963523266647,0.014372017676743716,-0.01751466251475133,0.008623155111810384,0.03980564971791925,0.04008913061517655,-0.0013943370251709736,-0.00782235193348982,-0.004030050056320109
2025-11-06,-0.0013697782796735824,-0.07267971208967856,-0.02861712130072701,-0.013940101820005008,-0.009443468405180148,-0.005667417998484158,0.01601524006712204,-0.012245568591948464,-0.05307105187166588,0.0018340909807175324,0.0015476318382822598,-0.029702953567541955,0.0055827195887499384,-0.008919095528970538,-0.02674739636056278,-0.01983592013361244,0.0034947316357961085,-0.0035420973336933417,-0.03652472996959299,-0.026007714367236166,-0.03627865367210857,-0.03497306340156039,-0.014984441332978729,0.002069527814083182,0.007213223456232404
2025-11-07,-0.004818894404181109,-0.017501067377023113,0.0056369750404150105,-0.011892702340905448,-0.01732340914045505,-0.009618317504572201,-0.001688842329787744,-0.0009095791508155794,0.00254939067251719,0.013600041121591406,-0.020790194478004592,0.023899015830685634,0.002520455227363976,-0.0225412343293624,0.004475398310548507,-0.0005632485423001694,-0.0017202633982324224,-0.012926231222641946,0.00037204584027162273,-0.018621933589675274,-0.013337185520843628,-0.03675632866235744,-0.00947306362718738,0.008949583729846698,0.02375535032867667
2025-11-10,0.004548694560113319,0.04470327456340712,0.016324987417008757,0.021465931093863105,0.02564184308684349,0.0010276807338520167,0.004135329827090082,-0.007781146192431501,0.007628851495144621,0.004063982288830687,0.04041887258044016,0.008392333749285058,0.008529351485299007,-0.013635854213198328,0.016165185631466683,0.018477447130842192,0.06464354018400095,-0.004747038231098139,0.057932628067922,0.006561957930550045,0.003979171562100206,0.03657576451501583,0.030610757223525905,-0.0016570742797068663,0.008531035145421391
2025-11-11,0.021601146577912036,-0.026477545570138553,0.0028180846386130177,-0.01575877743915238,-0.017941345285781455,0.00205332970733766,0.003931090685377273,-0.0018567537294350018,0.011542719775828747,0.0037906543793139328,0.004170991247052812,-0.01482443910309673,-0.004007744013883297,0.010993159874336753,-0.007407855127700698,0.005296469301678251,-0.04812469971990035,0.03865137111227785,-0.029590603550341276,-0.019432782182694737,0.014046671381969213,-0.012600264426723235,-0.013885552579324362,0.00995902333451737,0.013195684936667654
2025-11-12,-0.006466862149501048,0.08997141289818632,-0.019670851205187034,0.014583171836579622,0.009262384498122856,0.0014855451880490724,0.008950248825619546,0.000153108473736907,0.006216788501715081,-0.018689187709617743,-0.01579069182812437,0.0002639472347222033,0.015176546861379911,-0.00006562145217006195,-0.028816206369051824,0.004836108255941897,0.015718846756334344,0.01662695416415087,0.003313266853908811,-0.038788888324007814,0.015461603245978546,-0.02051769508633805,-0.0018888784661305425,0,-0.013858723204075331
2025-11-13,-0.0019014031834500222,-0.04221873118363732,-0.02710890745256888,-0.01684140443012249,-0.04290287819910892,-0.004705872986932545,-0.022916345050028923,0.012122580263669218,-0.0227218433923234,0.01474031625551112,-0.02839098787434676,-0.052256520826898314,-0.03411249150144776,-0.0026037223965056596,0.001445016426624395,-0.015357889517838298,-0.03246216283343291,0.02850464562372182,-0.0358100760459571,-0.0414995875255721,-0.01228277155167349,-0.06644220962287403,-0.0289724924890854,-0.00870070100522554,0.005672241286782188
2025-11-14,-0.0019785067163710984,-0.004637881610482805,-0.012164320933474622,-0.012629146851547588,0.007294387149169179,-0.00030834391010975144,-0.004917692887568087,-0.002270095439284971,0.013434315219274684,0.013112069559677572,-0.00775392226671249,-0.01086046759414128,-0.018967453529932995,0.021761495564806128,-0.0007050607549257178,0.013689941864229211,0.04169653375110515,-0.028168925924399357,0.017713727482650283,0.02426800510119513,-0.0029800133313115005,0.005870832424868711,0.009284091679478888,-0.0005851128926560735,0.012992506437025948
2025-11-17,-0.01817116185960659,-0.025485164087161994,-0.007754941860691919,0.012929727278334194,0.0005548789334280594,-0.013931763594202508,-0.02147872922878852,-0.01125693586404725,-0.0272100304783964,-0.017764060384019637,0.03114931929277424,-0.02280409242263881,-0.010671543130122436,0.01075642469303645,-0.01222401950300668,-0.005272698028360556,-0.019770613344314843,-0.019791174745655317,-0.018772557956247656,-0.013417108625353993,-0.04155646473570859,0.011302107716671594,-0.009865751822837417,0.004586205000929449,-0.013496558706815303
2025-11-18,-0.0000746466913797132,-0.04253289042328294,-0.04431653833391607,-0.015627420692557365,-0.0062746616036368835,-0.011365375650533076,0.003107914414440191,-0.019187191923294693,-0.014892697865933639,0.0033309227414614322,-0.0025963125088708148,-0.01094777480383048,-0.0031959998506427083,0.008369065809439719,-0.00717583145324462,-0.026995524780487192,-0.055590042451176915,-0.006518213973045783,-0.02808152100624222,0.002865494180782964,-0.010134940846607182,-0.018756757252943415,-0.014538552374682573,-0.015152946347834262,0.01147175093651908
2025-11-19,0.004187729065556005,-0.029267403842426775,0.0006290693674620092,0.03512733815635461,0.04088109549572414,-0.020724610206064056,0.00735869009101194,-0.005005140947296469,-0.024068449191669276,-0.012498355199896352,0.03000571361207844,0.022720615720774398,0.0128919821184529,-0.010132201726196374,-0.012330924340168387,-0.013507824429130722,-0.011290986492159172,0.0024003660885863,0.02845169807528245,0.022858104536785384,0.006361333424688649,0.006828636098130841,0.016048395647410982,-0.007693121179641185,-0.014114072796207595
2025-11-20,-0.008601349703672215,-0.07841645511066359,-0.024922551488220125,-0.0560842289724583,-0.021443489963081375,-0.03403334501503077,-0.019607917651559486,0.0030204315019961418,-0.011014580522233175,-0.00916294670197981,-0.011475071903252088,-0.0424380989052873,-0.016124166946488997,-0.0035113555923561935,-0.001981918607923756,-0.01600126797647611,-0.10866686494926894,-0.01931673147759454,-0.03152478448099327,-0.06580054812573945,-0.03925100441646663,-0.021683654198869553,-0.01724692525707867,0.0646059609148576,-0.002812120835141508
2025-11-21,0.019680647235321792,-0.010872757240610775,0.016348913427910092,-0.014749580778813977,-0.019087687890487294,0.0017838781175122374,0.010980460054302244,0.00640329427780388,0.007720671630885467,-0.0021953612932418005,0.03527390574610064,0.02617492849711702,-0.0012065446683819621,-0.015974054959721838,0.008656576087441992,-0.013189012159327367,0.029795887568097198,0.02230174615904357,-0.009743183463424853,-0.0566234603174742,0.023246989139516592,-0.010474950113494069,-0.008792923276230134,-0.016711793101298545,0.0005127606026470076
2025-11-24,0.01631746888347178,0.05530476170365901,0.025329631048306246,0.02198491928941685,0.11099351056046029,-0.0032276118024739957,0.0071759950141223935,-0.014337990295733134,-0.001276863560993773,-0.001533561058994825,0.06313802380285477,0.03739133088485054,-0.00006709974433860123,-0.021094687633486427,0.031636497243932,0.003982121875186463,0.07985731209947826,-0.013853524717708543,0.02051657025800669,0.007647390462984354,0.010777680747080501,0.06824516784199933,0.03482897443254821,-0.011963546469622763,-0.009480681209980921
2025-11-25,0.003805495657415636,-0.041478716774528315,0.014981436308716296,0.015589881309385843,0.01870562723708472,0.018535101690052347,0.010591234380297352,0.009265076765292275,0.032183993985555936,-0.008146940440248987,0.015255244752224407,0.0011176561750237206,0.01677843987071731,0.0029930010405489903,0.037794480341491986,0.006307891182216118,0.002679394055535589,0.028257711436396098,-0.02591067541754904,-0.0162272736645601,-0.010662760914066247,0.0038776272725380145,0.0001404773181540027,0.02825292262330012,-0.012589498743030393
2025-11-26,0.002093957526739106,0.039344105264840994,-0.002220553450175871,0.03762883082695268,0.032568911869275775,0.024555994669962198,0.009717988438215091,0.01557593978993273,-0.02549975529835328,0.006598012137637217,-0.01079016069999532,0.027351367350111046,0.015313624693302441,0.003868149371292479,-0.0041022288905216584,0.017841087081432203,0.0255199749651067,0.010207374296148193,0.013721642507320577,0.04024773229714411,0.01126749339350607,0.01711967758767637,0.018547100236908733,0.019626203553672242,0.0022705543238478298
2025-11-28,0.0046839067924579845,0.015356577678195538,0.01771686809963624,0.018281015675527593,0.01355742027076554,0.011127765094319677,0.012455228359142222,0.005868415991322384,0.010475569314978549,0.01083544273255418,0.0007188696792103787,0.10187448682685907,0.017682915408994228,0.008146859686273489,0.022632209714822202,0.013408925473271141,0.027012929062824504,0.004663419203928764,-0.0180848872777572,-0.014685901407310247,0.017863728176459513,0.008415835173881451,0.005345532174443428,0.012923976978453707,0.01002002050289218
2025-12-01,0.015241197437133322,0.010251439985533156,0.002829961661327639,0.02640566515365852,-0.04189006327810563,-0.013439117916046626,-0.007642142013516172,-0.0017841805471996183,0.009933199422119765,0.009329611461844215,-0.016521934366270974,-0.013560232572378376,-0.013287260150049168,-0.033493937226805534,-0.010926786994990969,-0.010711242234453737,0.016830275691178197,0.0182185052647379,0.01649723057970344,-0.005001155908180827,-0.00029751283692314954,-0.00006973703038441704,-0.013138460934603342,0.009229822746120388,0.006124933787519321
2025-12-02,0.010914832876105172,-0.020567842767812202,0.00230884759218036,0.01910867253177723,-0.01168150940108736,0.10146947059794467,-0.0009391349677975505,0.01104214630926077,0.008074668449249724,-0.015012392252034166,0.0029214907856903076,0.08647845649390502,-0.003366572161670868,0.005988263509749578,0.009721109283727639,0.00669767953879085,-0.00403396230704945,-0.007034612733391454,0.008559369400260763,0.0007962792625179616,0.015829664329985716,-0.0020923987153301906,0.0153295232181168,0.00789031203464071,-0.010717659116543952
2025-12-03,-0.007128157809805327,0.010964507294748769,-0.008702300580441946,0.028986815396661134,-0.0025159233773371942,-0.013828082233711923,0.016920392759669615,0.00024940135708326406,0.017084811929039972,0.008918451709261248,0.012095850091975864,0.006671200659915405,0.01380410585406256,0.011271603399806443,-0.011590149701411393,-0.025040828559835658,-0.02225561303511075,0.011088907875907007,-0.010305367131387811,0.032968605127418206,0.025600485151052454,0.04076973347810532,0.011503442102907688,0.017792036278607756,0.020974189690391956
2025-12-04,-0.012141479874668595,-0.007444900416068458,-0.014071797072686939,-0.027030860354816885,0.001103502859625341,-0.003307979614666971,0.0012942280581763395,-0.028625358039303474,0.03661196753121609,0.004419808010326322,-0.006288420119347391,-0.0744972222708939,0.012719117916349337,0.0034690773857552542,0.03428724126298242,0.006509910616417107,-0.03207215002773055,0.0006091596076072598,0.021160449450590396,0.03177210190438829,0.0009759744280364207,0.01743745515335435,-0.008529489415358683,0.0037583326937846062,-0.005602756822066654
2025-12-05,-0.006840055245008125,0.009213841710018711,0.0018331725713693543,-0.009557931066674774,0.02417129174348281,0.00009909482808143342,0.0012992112121075921,-0.0013171175335754631,0.052978280053573586,-0.014843004425481419,0.011491561738744684,0.022469132034866897,-0.0033533642962131315,0.00858709621432202,0.017973352125126255,0.004824908141233224,0.04663584902901667,0.0025880304887449575,-0.005289522900729971,0.015163452476519356,0.002638281470322759,0.0010340378456105829,0.006110659896878152,0.002351098592889748,-0.0051219572247855625
2025-12-08,-0.003192433705098484,0.014405649273126653,-0.01150176187726517,0.018390734930820267,0.027829084042216963,0.021695006667264753,-0.00092684473874622,-0.008002884814898912,-0.00399118498849429,-0.008599941327754978,-0.022861540546631826,-0.026805134374346812,0.0005394858981066059,0.02914640258833909,-0.009830443232759263,0.016267929045018035,0.0408902687179643,-0.03522630755548402,0.017214022376646158,0.013604138967252228,0.002860235705147869,-0.03389013940161401,0.024260267895207632,-0.013465403837761448,-0.004805299577160973
2025-12-09,-0.0025550629094710283,0.0023065194040439137,0.004539639393836886,-0.007368124971486643,0.012939404203473925,-0.028603330746433432,-0.006679015074931086,0.0010366028886814288,0.005740927294056648,-0.0014794254362888244,0.010710054941190933,0.004962798181780835,-0.046635480810727985,0.003244649778209277,-0.0147569254048383,0.002036531842831582,0.02227447367532403,-0.003304928746867921,-0.003125876875773133,0.004489025851108441,0.003935971510694919,0.012716745589485035,0.0051016166140565745,0.01320892965657283,0.019572353826043123
2025-12-10,0.005772469911612777,-0.0009024318773061689,0.016935769749745012,0.007089965342625264,0.01644150436921133,-0.008234735422932795,0.01008595842425833,-0.01579177253211788,0.012183020253912184,0.01966459885280154,0.009871373681283893,0.006913550106095679,0.03194551491487577,0.0022488958895397473,-0.01039651585288428,-0.027356622761491145,0.04472691408432247,0.03884411027875577,-0.006433489130266901,0.006680819600545188,0.035284162766663,0.014106967203253289,0.022181359268456935,-0.01633930314732856,0.010909092098001418
2025-12-11,-0.0026902469609421764,0.000045138230144467835,-0.006471654188885877,0.0031447563008122742,-0.015981822705388535,0.010014117758352445,0.0088757360586056,0.011516332917030017,-0.007002190219423124,-0.004557231894461509,-0.024296590867774515,-0.031142729175568873,0.02344338467362409,0.014830999902533129,0.003968431014096444,0.010259974920459861,-0.019908196909660402,0.029639610406818527,-0.015507749510496417,-0.10833587247291358,-0.005158916730688576,-0.01010078067403523,-0.014403342584681572,0.020674974949288244,0
2025-12-12,0.0008992046267305593,-0.04809643792057629,-0.017760970816273657,-0.037396216172341595,-0.11428013452024827,0.01828507820328696,0.01063040298363153,-0.000011349024651673175,-0.0004572932059813717,-0.00484323200985772,-0.01005017704222557,-0.04302700633919486,0.0035919643450041026,0.011308041153773676,-0.012991902784284536,-0.010217785106327265,-0.0670122645984362,-0.00398567978415124,-0.0326644900191109,-0.04465683155963756,-0.016439708964457938,0.027008830833098647,-0.0420206997737871,0.012273965459884528,-0.006023090659561902
2025-12-15,-0.014984999069961015,-0.015181691653736246,-0.01613691637948923,0.006448543348654735,-0.05589984633956143,0.0054799642353941785,0.003445818504280348,-0.02703306070682943,-0.029172955128209634,-0.0012668242974826895,-0.003459617216182358,-0.007934489311331647,0.004709169758890237,0.008683032378812534,0.005911081677603545,-0.007752890903315243,-0.015094992278821679,0.004594586275915896,0.0072561975073973444,-0.026583191596072808,0.005440666494397194,0.03562403348422566,-0.014724094054209168,0.000771280711917498,-0.008920997001540228
2025-12-16,0.0018241281266525376,0.007659679756553292,0.00008989068511032453,-0.010819696572835604,0.004384873653450574,0.005888110529767336,-0.009398159034681499,-0.00019751378720204543,0.0012962095193984314,-0.02036050018123411,-0.0053532287267998415,-0.005331830370340916,-0.013967802574422993,-0.015193504610883058,0.014887845170414037,0.003306537199253631,-0.021010570936268506,-0.009737390550815631,0.00811169445266276,0.020170864045507067,-0.017516471508971305,0.030653694218629676,-0.0030234953337363807,-0.01173048685062006,-0.026154946550671392
2025-12-17,-0.01008702886180206,-0.05287564017503437,-0.005796159688549573,-0.05633572489892084,-0.04477002519109119,-0.0018383477841907847,-0.004743661199702198,0.0026267338246614624,0.012671247322895287,0.018875593411851667,-0.032129770198772466,-0.03377116295504782,-0.0018063489273613185,-0.004758236828938178,-0.011641230696226823,-0.0005668181720786359,-0.03006313535596354,-0.02130515519736413,-0.038149918132835504,-0.05401529022073342,-0.02146264550998025,-0.046174562937302537,-0.03454527995661175,0.002079424954785083,0.02380544455603394
2025-12-18,0.0012875747907972145,0.01489070182804313,0.02481127187765992,0.02056285666668617,0.011839897766147783,0.00940242535835746,-0.005316246844529965,-0.005865718740521182,0.0004889110731693268,-0.012239053072294545,0.019344857270350877,0.006380015176252245,-0.006286169244011383,-0.009793766124063692,0.02301764374730524,0.016508469753089203,0.10211953852468125,-0.0009133600763150504,0.018720044443348138,0.008797395622654339,0.010734698944399507,0.03447756070467742,0.02787408708596289,-0.007176261759745397,-0.007409935862966041
2025-12-19,0.005437411303821745,0.06152389966871746,0.002601921022104721,0.019019261939300636,0.03176904697138447,0.027896468235498052,0.018614135050394196,-0.0022971534168176526,0.007989099803555697,0.00040618008580527995,0.015539306686872513,0.014884259473445585,0.013450425955421851,0.008486833562417567,-0.008548385731286126,0.0040084249888132336,0.06988540730830857,-0.10543952557727233,0.03933627967661812,0.06632240595225262,0.0060852214155196595,-0.004489279293453378,0.014999274280802577,-0.004093035802406714,0.0012870485087508085
2025-12-22,-0.009865948891234254,0.007121793209120128,0.004750325679665441,0.0009090918581816702,0.005122100717696403,0.012892350911945712,0.011036726084529432,-0.006568249042067755,0.018160138047355,0.013874815988199672,0.008529700997867574,-0.012221639507582876,0.018536715100008996,0.01991008918268376,0.004144116767768983,-0.0020579063896725425,0.04012477587124365,-0.02537899085353782,0.014917895904012792,0.03339063184525147,-0.00587735006051054,0.015648376118613173,0.014985377905270143,-0.015389946860059017,0.012511819059337724
2025-12-23,0.005129713035979301,-0.0002326264362304352,0.01624132921604971,0.004598003274718469,0.023048700299706574,0.000046161989457896395,0.0016105892152147164,0.005635240958433095,-0.004534687700811452,0.004739489978563305,0.014752396382799803,-0.0005499163692891374,0.008790070465712278,-0.0021093188059896685,0.00520024646173419,0.003980047044735104,-0.0011569333679482085,0.0020971882523873604,0.030050709256753547,-0.015324232414713132,0.00304208714515803,-0.006486226252684642,0.012513589335459792,-0.015097725739376532,0.01074901759879706
2025-12-24,0.005323781322749458,0.0006514629763827453,0.0010338825441332572,0.0034656552766075366,0.0025764375435080185,0.006041030766530894,0.005002649454410816,0.019969842844241685,0.006946833818233093,-0.00006632499993801402,-0.000827044792427116,-0.005226922549783638,0.009940839366306232,0.006631407179880975,0.00392515736583559,0.002403104372375589,0.03768042399639152,0.04638996688805487,-0.0031711845381519944,0.011006544368061522,0.00011457572582266959,-0.00032952397832168405,0.00622998155250285,0.00640219006369659,-0.0016748086913415511
2025-12-26,-0.0014973926274014812,-0.00023245812188171019,0.0006024588463152764,0.006785393325985489,0.005453699484602353,-0.00788412720861106,-0.0014223017211516702,0.0017089526499436936,0.0030912224568933866,-0.0031892869548255463,-0.0018466303495706957,0.0011062200137206728,-0.0038278093301085617,-0.005599521799160097,-0.006381493330441384,-0.0006351543352172727,-0.00659266222205318,0.015499965550322778,0.01017974941370213,0.0025317843179096453,0.00022877242778962355,-0.02103418125970453,0.013520717849899725,0.0011647652073679428,-0.0009226057941849049
2025-12-29,0.0013169082135328198,0.002883832277529821,-0.001935304231780818,-0.006292147867187742,-0.0077811480564048425,0.0037423653181348914,-0.014598482017100992,-0.006308966313774026,0.00056381911308752,0.006465731014105683,0.0001594582163428882,0.013259655583425794,-0.01268642572555912,0.012090296048373203,-0.006935107719925704,-0.0012507520225100168,0.034056450056963984,0.004595395193876283,-0.012124095818556481,-0.013182541896181541,-0.007894282288396651,-0.03272372674735756,-0.006339860482552621,0.007069916820838614,0.011921726355147516
2025-12-30,-0.002484048071389411,-0.0012522808389991463,0.00198212367199818,0.0057598330162090755,0.0013164962316752832,0.005753739930955121,-0.0012646368196028183,-0.002523500183620255,-0.0011643314558786237,0.008742308180677802,0.000924924598326326,0.016902915123402543,-0.0010192030648613446,-0.0017795977025288807,0.011021872665698236,0.0007801502882723595,-0.0059109927476693825,-0.0003267364886043529,-0.0036127780493742006,0.009366411922222297,0.0012685035275560683,-0.011335005235871843,-0.004453067508458575,-0.005420696322976763,0.003816469699450285
2025-12-31,-0.004467575065012885,-0.005479672591475854,-0.007353853111662996,-0.002126644641942076,-0.010718879056821992,-0.006315811820652174,-0.005065161876465605,-0.003823745545391944,-0.003798235041645169,0.0006565346019053286,-0.0027083397430480074,-0.010723799446735934,-0.003710467850297051,-0.008872911268862443,-0.008799524987244636,-0.007918291760792433,-0.024672731709642893,0.04118320306667894,-0.005545531645618085,-0.011662758787822925,-0.014972598360002393,-0.010364613980130768,0.014386889944618076,-0.004556843652622644,-0.005372337046501756
2026-01-02,-0.0031265927617707486,0.04347215819664714,-0.0187159136432688,0.08778724458624047,0.004391744999128713,0.04905125918746103,0.017272807902254578,-0.009091580156236914,-0.04261821517296573,0.022898748617856186,0.006869047122776212,0.06720865690200695,0.01011735705789479,0.027704813381572727,-0.014664693404023488,-0.0220834745462715,0.10514700502375383,-0.0067492993918910745,0.012600619910229502,0.004104570369397155,0.0112832420404326,-0.025904993918131433,0.051729094526848936,0.012117442437181103,0.019195686318152414
2026-01-05,-0.013837114156417422,-0.0106949450780556,0.028962461627345476,0.05534538260955328,-0.01208202833640482,0.0015805444246333941,0.01680060193851827,0.024856651889544775,0.010409266005820974,0.05099433477179057,0.004410664909989527,-0.0002539902478206678,0.02629964132678795,0.02917093940263843,0.012884233674164091,-0.00019029606723621536,-0.01036719040302892,0.019753450449594392,-0.003865501609567268,-0.015942074006366946,0.019250807697222205,0.031045280151878015,0.008260077211657916,-0.0004435065753297175,0.022095367401978972
2026-01-06,-0.018334270451824577,-0.030441449573905842,0.03376810778181228,0.011398958666107996,0.001019097054679293,0.007495688504265478,0.006328050411834702,0.015255607645290803,0.025911184906643226,-0.044614047709269335,-0.006950255335991273,0.017018084882394053,0.006224686240595935,0.020466366749382348,0.002777789121543333,0.011969994918854008,0.10020817203358764,0.012707335969647642,-0.004677830570293985,0.006023202698810609,0.034824963800490806,-0.04142409594709521,0.016074492525855015,0.014461848102989741,-0.03438100988561128
2026-01-07,-0.007737497507594916,-0.020200614451877406,0.002614887734879466,-0.011045053447735691,-0.0007854187783427922,-0.007483472189820826,-0.028122268248085946,-0.007333164349704689,0.012247911410142042,-0.008560095539955605,0.02430488554232503,0.0646853170171507,-0.02277270780531306,-0.04821466554894719,-0.01805878664331182,0.010365464492384163,-0.011297750477651459,-0.03259380441025743,0.009987097761727244,-0.004696812935799684,-0.012386877364558024,-0.003579979267275021,-0.026723331029622127,-0.014168195547184478,-0.0211483214834103
2026-01-08,-0.004955093401707852,-0.025426204590263887,0.01958103897724927,-0.02779877079892087,-0.03208151020950828,-0.003243863976039714,0.009705288032240116,0.03708440075064808,-0.02100547344466482,0.02609537318685978,0.01074601935574183,-0.035655651411666135,0.008563024588912158,0.04341167113362454,-0.004054306766609999,-0.011086533967845895,-0.036901815927094614,0.032268324653774175,-0.021521899209228323,-0.01654221440033985,0.009323446832829516,0.010175897854927155,-0.0021022570964171726,0.003105036309911626,0.037302828957526284
2026-01-09,0.0012738888084979113,-0.007377342978645746,0.004425724253495523,0.06661537612595934,0.03756624192666802,0.031445130367418854,-0.005874004299746162,0.01045553513776658,-0.002264585798604092,0.01795923077982096,0.009617794295012607,0.10800288398903564,-0.001819367948914462,0.04721861608260706,0.010834927489062056,0.0024471623168931906,0.055256644600543484,0.010113278359040023,-0.000972753650757166,0.049537480399482234,-0.022488574432594704,0.021133598509946644,0.017672335876725693,0.012912394204874668,0.013831208350639067
2026-01-12,0.0033929113461487457,0.0222474002716796,-0.003678565947722642,0.005769694009086306,0.020987277236206203,0.022513106241328164,-0.011817355154492898,0.019678193537200787,-0.0020775041441523086,0.0014187152239241178,0.010012940142957238,-0.03271125990617436,-0.014277521145921417,0.015324620575753636,-0.016981685534529955,-0.00438159056572712,0.002260252685067478,-0.004247475453355763,0.00043280183361864484,0.031029563917295017,-0.04786804509980959,0.00887616368794373,0.025152122665317436,0.03003578824423858,-0.004654566737464565
2026-01-13,0.0030738747315866505,0.06394144457215,-0.015701688229887614,-0.008639982254797587,0.0068140673783372765,0.019765670912055774,-0.011777498898304973,-0.0012194326513168335,-0.07070154780911309,0.009424619945881493,0.012384888710214892,0.07330911124742588,-0.041881133582052095,0.012807459239215679,-0.01694768997610985,-0.0136425918823967,-0.022378366325765803,0.010054849246910384,0.004704239730442363,-0.011676771733124505,-0.023512857326144932,-0.003920124914344343,-0.0016879380204248267,0.020259321444147365,0.020237032293443046
2026-01-14,-0.004175458991876881,0.011902090185471247,-0.02452601837319173,-0.005070308053064588,-0.04151024948750619,-0.007932947933742851,-0.03777048599859851,0.00960790934107279,-0.006181015958134454,0.020565114607729255,-0.00038700274694640735,0.030238957020325422,-0.009745849792895389,0.025792661369646988,-0.024671632675048502,-0.023987046955567595,-0.014136550782735936,-0.011010596745382186,-0.014369520514437517,-0.04290864918807891,-0.004537506159236355,-0.01788908716821859,-0.01237882742428274,-0.0026586647288034063,0.02892357479748646
2026-01-15,-0.006731845375728662,0.01932017865612109,0.006465239039753064,0.053714415883717156,0.009208733454451078,0.021145067680254627,0.0020960711268076006,0.006067430801231688,-0.02521187219183644,-0.006457689285996532,-0.00911150622005425,-0.008210211737616484,0.004514931774873522,0.009062333155293756,0.008578064579704836,-0.00592103669589417,0.009839516437324622,-0.014945929468472181,0.02134973667048115,-0.019420505614245322,-0.019144225055884864,-0.0014344373071545514,0.044419410278789186,-0.006997686920733166,-0.008217996984016427
2026-01-16,-0.010379044807464098,0.01715515836048354,0.003946605383793984,0.020253800358865925,0.02533381624109527,-0.00024224112396925107,0.007225727146400552,0.007170153980558524,-0.02749111126580566,0.0006017165860603509,-0.008353810925792253,-0.02814570817344683,0.010379544850873328,0.00785604241243373,-0.0008859384092072196,0.007007353519145805,0.07759263054980654,-0.0032512027878729495,-0.004383850305160053,0.0065314880439942685,-0.012206434579823502,-0.0024397640202234185,0.0022244126550350256,0.004194618150114085,0.005885480467530635
2026-01-20,-0.03455564430294318,0.0003881997031437265,-0.03395782570674639,-0.023922230524607454,-0.054334517595635456,0.005329487093237562,-0.01642446241138469,0.0006745682620206063,-0.030998149782466577,-0.005774034269177231,-0.024242403478050553,0.034071599659536635,-0.031138965667908428,-0.010936862293385046,-0.026005608590862,-0.0116122740575601,0.006202615287283254,-0.01164955352575637,-0.04381668070971208,-0.0584541857136172,-0.033559166256804066,-0.04171428571428572,-0.04450929287832679,-0.008270622275891624,0.004388446903650023
2026-01-21,0.0038508468560268226,0.07709557185227107,0.001341980773133117,0.02565474243411976,-0.01142519084117095,0.004297218169553213,-0.000575764681222211,0.019289358660959172,0.006861427568306947,0.008650913361525042,0.019813657405210683,0.11717459773052229,-0.002312133105916163,0.017654442331723492,0.014632887860037946,-0.022903314807395006,0.06605473155081538,0.02797425191714128,0.02948279737606578,-0.03357041302623156,0.01492827286025588,0.02907573629435003,-0.003178819794587652,0.005475505308291403,0.02414533121193823
2026-01-22,0.002826561879143276,0.015732556556322247,0.013099298825288942,0.025667461261798575,-0.0100669099615029,0.005358484818826369,0.007297887298544933,-0.0068066774327016945,0.029379877422056416,-0.0004198549420759654,0.006577757247844109,0.0012903169552851382,0.005264117859369094,0.013100515807657956,0.056561516351109314,0.015829500066123343,0.021767591719483448,0.0007643322665614703,0.00829139729612044,0.024729610287802493,0.009144981310038089,0.041535283721378984,0.00383289989931689,-0.01281834987457143,0.00022454621120515688
2026-01-23,-0.0012482700788880345,0.023450112515003653,0.020568436457892865,-0.0042723368188710255,-0.01671329376123546,0.002943360342055179,-0.013918031933555525,0.0072528591368512625,-0.00017535804003502052,0.00036004015208081095,-0.007896234233809479,-0.17028718799645665,-0.019464496763157223,-0.00520274623642407,0.017185812975907194,0.03282791169509048,0.005206555151381117,-0.006416103019398999,0.015310543910665723,-0.005724457103395315,-0.012547429651348719,-0.0006675890216038056,0.022909870339787062,-0.000848651696897107,0.009951991457124715
2026-01-26,0.029712973556775536,-0.03223195992475903,-0.0030941858246898127,0.017501230239010304,0.01499774091203989,-0.014753128339278502,0.005800471302739166,-0.0056750753846422,0.005919775362460651,0.00467855761199197,0.01625352543939925,-0.057244243040314585,0.01115143432691642,-0.015503910002060289,0.020644694691043342,0.009292817361890094,-0.026423137496722746,-0.0007687995801565596,-0.0063941704429395976,0.02980358858971634,-0.008343080099424928,-0.030864440001147145,-0.006450255399518276,-0.0007644677970380289,-0.0009632672853026518
2026-01-27,0.011197539980376488,0.0028649923508723696,0.02625616372331352,0.029178924658452617,0.024442048020402774,-0.015577809569225878,0.002883472870203024,-0.007558764058154221,-0.003792591273329644,0.009253758167264993,0.00387078092672813,0.03389029347670633,-0.0024249428280423203,0.022848499500812195,0.0009073027091766071,0.02190190950704457,0.05435759085969646,-0.029235192112888858,0.010993714284356595,-0.04132877037124075,-0.00957806155076617,-0.009880556502607107,0.016921583738905222,-0.005950351663777915,0.014758381549826756
2026-01-28,-0.007085403423770163,0.0028171515982466106,-0.006825233852112221,-0.02177244112929285,0.001352159810913,-0.012144264190187305,-0.006900496796446063,-0.009790960686842105,-0.0024941081602065027,0.005205411059426657,0.004364154635023592,0.11040287822510378,0.0015316962350975997,0.0038994163383935607,-0.006300478443859507,0.0021848051911272405,0.06103750519364336,-0.013472813399047304,0.01591339111278663,-0.012006809105515222,-0.0022216799260104747,0.0012995998294868364,0.01170426289209666,-0.0031640072543242196,0.005481211167172363
2026-01-29,0.007175070687510443,-0.0022157664208722165,-0.005267268047532375,0.022657690988207045,-0.007532034239343589,-0.03125130661949384,0.02451270047132509,-0.008212118785510788,-0.06088790781294855,0.007414891034482254,0.006666385960138643,-0.002460002765225475,0.01878526929261475,0.04225897518141242,0.10404808940544916,-0.09993144765483325,0.0011716832666234887,0.005784052975396579,0.005169204870006487,-0.02193287388816828,-0.0031433602835353167,-0.034533894663639285,-0.008033901740835537,0.007205990356486452,0.02129669002790917
2026-01-30,0.004646158493796599,-0.06126575222843191,-0.010052507834071887,-0.022100723266551468,0.0017234407764846699,-0.0013672537797352923,0.0022606831043614955,-0.01191687446124358,-0.008361393053530368,0.03335466929128923,-0.0007390666512366968,-0.04500613714706897,-0.001729690748832266,0.018810888805046395,-0.029540456211264794,-0.0074048486948405275,-0.047981882546910035,-0.012619827210165576,-0.007168418675203155,-0.02621146509926127,-0.004138815260334558,0.03324852646602839,-0.0264761968086548,0.014734616994749547,0.006334044404567908
2026-02-02,0.04058126002356816,0.040299111718406014,0.015294624385432033,0.012923355148302998,-0.0005735843334925083,-0.0029950237231993527,0.015601496783411752,0.02989630907637686,-0.006971578654898982,-0.01622388853671031,0.01683436116163312,0.05035506974648805,0.007355625063174564,0.0028066998553755466,-0.014082413278520747,-0.016082160363393605,0.05524487715466221,0.005986074052084279,-0.028880943472342775,-0.027463872445834835,0.006794680860474521,-0.019980962408733895,0.03267178403206052,0.04129597754337384,-0.021216352129170727
2026-02-03,-0.0019629088916998565,-0.01689204365102846,-0.01786306995698637,-0.03157365943569823,-0.03255710388658048,0.0005578474879411892,0.007773483283613663,0.009872355724955125,-0.06845020624631704,0.02304206097302521,-0.0115802825081081,0.009014517810477936,0.021775739143063997,-0.012169821480088858,-0.020823559716553284,-0.028721972051949242,-0.04193689928580624,-0.020102900942219115,-0.028392869459833055,-0.03367481464736626,-0.03564409591703425,0.00035559587812647637,-0.016434294408804735,0.02942121296108271,0.03851159348080197
2026-02-04,0.026012866427817916,-0.17314443047898204,-0.023593955826118094,-0.04065538011655364,-0.03833554423009493,0.012009449389052861,0.017079932221625595,0.00043971426760604053,0.015581964393988382,0.01791736680488938,-0.019634355795992965,-0.013198000525460026,0.0076861220555480975,-0.040588322724050246,-0.03283205598555173,0.007247001797791974,-0.09546062693148763,0.0539964181237976,-0.034102133753245834,-0.05172309674103228,0.011618440291781594,-0.03779974882085749,-0.02981377684266383,0.0022707832051888123,0.026855818751763228
2026-02-05,-0.0020975930923734926,-0.03841351889516582,-0.04420791797466186,0.0082366850914646,0.00798587351028633,0.004238186111184224,-0.007945167115337467,0.011182076589611898,-0.047482884159796644,-0.01103577469980119,-0.005374778371478579,-0.007407341706934225,-0.022409818542664245,0.01065097342169578,0.0018236547016346263,-0.04954253276678533,0.009198791112129685,-0.02366869688416032,-0.013261403233346285,-0.06947563920402643,-0.0845590062163241,-0.021674387573909347,0.015318973898454354,-0.008281210364716863,-0.010231005223689879
2026-02-06,0.008009748840153307,0.08280520748782468,-0.055548048774404536,0.04655000826992378,0.07217160845889335,0.025659429877024912,0.028940621761207076,0.011998486009489502,0.007264319526077867,0.009094575692453949,-0.025328291524331133,0.04871472620968166,0.039463486153245166,0.023638303122515563,-0.013055633026002975,0.018975304586217715,0.03081816581284578,0.01945772052348967,0.07871771529462501,0.046453791181932734,0.007630179699874849,0.03499406912088306,0.05478794545552355,0.033401566539806485,0.02033136579774118
2026-02-09,-0.011660483909532586,0.036269417914245664,-0.007607484061414737,0.011663091296136475,0.03310094639981195,0.006912759507092703,-0.0021227148566642217,-0.003565794696920577,0.014005724372069919,0.009620700923639905,0.004522170418437053,-0.006918333130370427,-0.00093048806953505,0.02358961092879203,0.023825982172041134,0.031061465218646188,-0.02835136853831956,-0.02362322132125148,0.024971597435381077,0.09641496617018731,0.011577054367129408,0.015105500216312484,0.018804531862985405,-0.016465837049196064,0.014491837868381204
2026-02-10,-0.003422959769044204,-0.011249966091579862,-0.00843232319156082,-0.009797533186602852,-0.010176187043709328,-0.00866335792493943,-0.018081936582175603,-0.026423712564181006,-0.00298927232295365,-0.0018620697407152828,-0.017698680633528818,-0.06190287632264411,-0.011859725795086923,-0.013677162195660718,-0.009598119867477021,-0.0007979095156082989,-0.026727513047864422,0.01009455195776214,-0.007893055623999088,0.02107413388562044,0.008349549677485206,0.018906316477488205,0.01828879952792184,-0.017981753881025617,0.002512958288124255
2026-02-11,0.006650117732854849,0.000046797333395062947,-0.01391575565028974,0.015569959540069454,0.006814733240392475,-0.026093416573690725,-0.027802892821386056,0.007114727290394658,-0.04368056934671714,0.019532625341924598,-0.023918586241750882,0.02461276938516519,-0.023438421571628256,-0.0013659147759037488,-0.003026480312517207,-0.02153561580514215,0.09937041532793697,-0.010945486506390911,0.00800900729715856,-0.017074182818539715,0.0067813140107950455,0.007196438512938912,0.03365469822933579,0.016337768570354717,0.026189084387423754
2026-02-12,-0.04998173910671746,-0.03577113645542434,-0.02195215448521887,-0.020032979836726715,-0.03381372394649742,0.013078860867366529,-0.02469819456318764,0.02118302333629493,0.002324340021482612,-0.01840496803932967,-0.006303082331273742,-0.0374819080342784,-0.026317534667601953,0.013885689525624665,-0.028234297330113844,-0.006256609768801459,0.008846330552532946,-0.020048151654409194,-0.016364139873608765,-0.004326861293258991,-0.01822165136884779,-0.026151684630639816,-0.016012067721526305,0.03781937234593721,-0.029767761278130647
2026-02-13,-0.022733450234726716,0.006701004498653131,-0.004058180323715659,-0.00018487019216847778,-0.018117544187908362,0.015082517310612836,0.0005712337268140048,0.01964237305871331,0.023135409294508386,0.007346562015446713,-0.010614855457529354,0.006669564895527112,-0.0002974738339583156,0.02376737578372871,-0.015450720910691383,-0.0012939852380565156,-0.00558009267901015,0.033224347684047556,-0.02209273399248274,0.023389577118222718,0.016104505750806155,0.0008871295242764267,-0.004727036634533918,0.001870663008409902,-0.009871235092451316
2026-02-17,0.03166790148756509,-0.020451501752714596,0.01187182800974616,0.009362980074074816,0.022664989334560404,0.004445120770586411,0.00361565032393503,-0.006313301203089698,-0.028621136517612847,-0.0077490331480024035,-0.012102678611587826,-0.013036986501727825,0.01513806639624822,-0.0045972022905285724,-0.0007502393837065399,-0.01111337625115995,-0.028858812376002244,0.026770091423165835,0.011815603840902768,-0.03852880859113548,0.013717118326098567,-0.016313715788533304,-0.0058958319570251915,-0.03764283239610598,-0.015223895115815312
2026-02-18,0.0017811375828364411,-0.014575569663081161,0.018095945812067242,0.03447006843055041,0.0029169143636755186,-0.02093919337376875,0.011755763234044246,-0.01577983067633437,0.01899182822529452,0.018388279125556965,0.004337534684544541,-0.015591191337052208,0.005372327181836277,0.00035415252631495884,0.006147400066013249,0.006904178245914214,0.05295418149160448,0.01126193611197132,0.016272821632540093,0.014288558512203025,0.004276826615400077,0.0016803507615162367,-0.00532672751627927,-0.017306868520587465,0.03071336442023943
2026-02-19,-0.014261551090285372,0.016240256242744985,0.0003418493408559064,-0.006665594383122246,0.0014392452260425963,-0.021847344920808587,-0.011056929746436416,-0.008292521493908155,-0.013312699642514692,0.004949108250185897,-0.0015824155632001141,-0.018477786394738436,-0.002364158252277212,0.02569980474808854,0.0024253425770248745,-0.0005768623429248716,-0.008552137533944622,0.0009153107623665069,-0.00042553713701442463,0.0023691222472178035,-0.013753117075493971,0.00094812827947845,-0.00516201964092544,-0.013820929042812753,0.0019246787699102503
2026-02-20,0.015350449692731945,-0.015833216787204375,0.025627257563010656,0.007306691447164468,-0.004012099394195735,-0.0071884296192210465,0.0054954972335075165,-0.0025814626613599794,-0.000701640308734979,-0.004600064017557578,0.040052818677801624,-0.011429814740958368,0.008894742952802142,-0.01237792109115843,0.016874018813182977,-0.0030868435621884574,0.0259254913430025,-0.003200599019860839,0.010218296081220806,-0.0540436115582651,0.011396611326390377,0.0002672169037039969,0.028163952632849428,-0.015055641132971928,-0.024441991405953312
2026-02-23,0.0060472579702756145,-0.017736637028351692,-0.02303553530927062,0.011159575790273631,-0.006944211050389268,-0.006852546421822824,-0.03750472667276613,0.000761262572991811,-0.03780510107832116,0.005328167052097791,-0.0110801023724935,-0.010881875665258634,-0.04221498100001638,0.003585174996939096,-0.028078542928299616,-0.032122520711329317,-0.01681571303350743,-0.0353211734743749,0.009113803019584078,-0.04571857846226706,-0.017287193588649604,-0.029114711618451285,-0.0013494819714473755,0.022928667488826913,0.023628491290874062
2026-02-24,0.022391035644641243,0.08769069022967194,0.016027637831418893,0.00794759135794836,-0.014681887643716609,0.012801583566170463,-0.012923499953864598,0.01258589924275697,0.040749921901786404,0.0023253962517183983,-0.0018940250460213652,0.05707077246874558,-0.0012431491035961365,0.005767317189731386,0.0032169097363548317,0.011782515192602707,-0.007031412215625527,0.015850314519171814,0.006786818574511282,0.03418015183136013,0.031123124374489615,0.02388519778723699,0.04245491786597347,0.007471575883883208,-0.009949663721705332
2026-02-25,0.007679860855135704,-0.01393563308348707,0.009973158109911862,0.019168134960397726,0.020953067286148767,-0.012982556181587893,0.0253918310171175,-0.00367576138344585,0.03413865450648072,-0.006042937139628787,0.006432857285513107,0.016478797784729483,0.020181642728992834,-0.025480456419656235,0.022508902132351332,0.02982002647335478,0.02629122965906103,-0.010766044196929165,0.01405227603538938,0.01197483638315914,0.007183374056579318,0.019590573349979917,0.005132844263062265,-0.007889522273998249,-0.001339857858557614
2026-02-26,-0.0046676776162441645,-0.034051066649849145,-0.012913032798065964,-0.041080658020137335,-0.031927975313132274,-0.004123966598910914,0.011801119721381164,-0.008062228267932481,0.04026071374755377,-0.000325658132852135,-0.017641300426630344,-0.030290144012141935,0.009330769938703045,-0.009065669832135172,0.0050789515578825006,0.0027958182358563287,-0.03132867226428593,0.008675062333792087,-0.05456124072866232,0.01636350007133697,-0.0015773919346998002,-0.021130827631028,-0.02816389389862337,-0.010576519185713338,-0.0034886340611472526
2026-02-27,-0.03213044438249633,-0.017036459577242827,0.010003856528339246,-0.009044893510952282,-0.006683280050599951,-0.008194955986232835,-0.04722747338949123,0.024373171225455178,-0.023462120310459158,0.01411814973280812,0.014249435960447891,0.003299637679274412,-0.019044222796515336,0.025637817224193258,-0.013439755204259357,-0.022353901512221594,-0.007676386592602998,-0.027677902564995797,-0.04164634665296116,-0.032665843624836766,-0.022185603289563535,-0.014856275407819142,-0.005918177600522442,0.028371579933215457,0.026659598092395063
2026-03-02,0.0020440108677830912,-0.007941718911942668,-0.007666669573102678,-0.018627336049570342,-0.0022844771726736155,0.0097130344382012,-0.00040132901348747174,-0.007934370326329394,-0.00944608939882431,0.015206683609245954,-0.016807887343381095,-0.0024117651585077366,-0.009124192158079256,0.033713693140760344,0.008300167033444704,0.014793453501622202,0.0007275558963863268,-0.012303736544277731,0.029854947906472896,0.026478740163118963,-0.00934249870047584,0.00201236624914098,-0.014603046019167235,-0.006643145966924353,0.011278690083532944
2026-03-03,-0.003664168116717976,-0.03861644525980352,0.0016315386481426037,-0.04397491832401989,-0.015620029723066677,-0.024462480376077934,0.0032121533992728896,0.004986169643875416,0.016066333506952822,-0.004377621752884182,-0.009591575706884365,-0.052747286283052884,0.009073787728847106,-0.01312244648020421,0.0023257859116874954,0.01349894689474956,-0.07994285288568735,-0.026552963480448995,-0.013316571281987998,-0.0016080507181289406,-0.020562887543259214,-0.02700092842079935,-0.04329322002444811,0.006372930548261017,-0.015497333153763827
2026-03-04,-0.004663560174437626,0.05823519535845129,0.03875826073047881,0.028237887434624156,0.011757568635917084,0.014233457571415111,0.006603916495368129,-0.0010220544440657036,-0.015149234711638307,-0.014515028980053673,-0.0014821671387289317,0.057540683172475834,-0.002897386131100746,-0.005001379894024139,0.019310566264565437,0.003144153129025214,0.05554670142560427,-0.012628431010524632,0.016606504566419655,0.022548764423604057,0.009990471609043837,0.03442654745501762,0.012205119037350163,-0.0007818930879022211,-0.013238460348413765
2026-03-05,-0.008494547048829945,-0.012965854807798315,0.009777672934109789,-0.022160035423745186,0.04799531882859589,-0.023096212469258887,-0.009741453257974753,-0.024008154200754573,0.043039155482659575,0.020803061995644405,-0.007422642542599575,0.008117571676635542,-0.019506455688926987,-0.014266783394614273,-0.010722846200504588,0.013524143668401704,-0.00928207356548941,-0.010572931779789867,0.0016389151710327668,0.01588237924663588,-0.011686555439793972,-0.0009607691927178205,-0.010015709216860569,-0.035208466515087924,0.006274141468621602
2026-03-06,-0.010872595974432166,-0.035196813135488024,-0.026171534044229998,-0.05521934661007509,-0.006881509576511301,0.04075476515922161,-0.017968967738339288,0.01580543625788502,0.0035752264254223973,0.0002106657524302784,-0.00784366377258575,-0.05505990319884153,-0.013864685824104299,0.02560308497979173,-0.02378255285227724,-0.004188164531066918,-0.06737187363298516,-0.01740783535015542,-0.030107830089031236,-0.011822324836952383,-0.00956212879635361,-0.021748186591348584,-0.04230480227967331,0.003973808259729395,0.0029849398762818694
2026-03-09,0.009399570490431304,0.05326612477333446,0.0013132534612816738,0.04998459432738152,0.046205432282575974,-0.026437629675112775,-0.015213826778350144,0.0072137136619753505,-0.016426774552101224,-0.0026324429891373523,0.026985254760708337,0.049746746964495374,0.0015200188442071282,-0.011343159425739865,0.003923359749181085,0.0011003722075923887,0.05136378870457696,-0.008419563540757511,0.027162187518686504,-0.00915281228346009,0.017834827112314242,0.004915135319874564,0.02894745345920358,0.004361788510240532,-0.005092304689750196
2026-03-10,0.003655539804198658,0.0027136524157943378,0.00393459326562021,0.019139219971610753,-0.009168534882406501,-0.03217780219184028,0.0137787265607107,-0.007898172125321564,-0.019517981290616493,-0.01662797656956223,0.002219716886922319,0.02632726853961209,-0.004104646261509006,-0.01946855798470066,0.010318427049766286,-0.008915215141642513,0.03542065676428442,-0.007960333819571985,0.011606893122936526,-0.01425177403343239,-0.021070164018776052,0.001404629198559149,-0.004617208307033884,0.0062731571118676156,-0.015354902720048101
2026-03-11,-0.00007670678451014814,0.007872883615372793,-0.007838417021498354,0.002370952397543923,-0.0029481083574888728,-0.016807441658919668,-0.0008237579629804814,-0.005143570821450838,-0.004001902910341795,0.02952389895299132,0.005406520345286129,0.02565200500754459,-0.004190830232280442,-0.0026873093077353113,0.0012077924676004062,-0.0021688058128880006,0.03864957339917618,-0.0067760842905024805,0.0068737966990330595,0.0918339559460945,-0.007988230898942463,0.021490875913524658,0.021521717785143227,-0.013027513309332061,0.023290257270984684
2026-03-12,-0.019362746102732902,-0.03461405201635699,-0.014671973697334214,-0.025312298052258837,-0.01639485388809582,-0.04362452746574826,-0.028647924737238335,0.011176888071137927,0.02652855951298829,0.027008758119484024,-0.016683014417014426,-0.05689869879705055,-0.016103083976032818,0.005173525413301238,-0.025471045054388738,-0.00745903877610911,-0.03186131299305455,-0.028186644140292323,-0.015535083686109157,-0.024276484848200393,-0.02214438785828076,-0.0314109100302422,-0.05034404529927611,0.014900047840975185,0.012864530415856936
2026-03-13,-0.022051876328148392,-0.021998614254443348,-0.008877013416636093,-0.004357888097876794,-0.041104838694972765,0.02505374594860733,-0.008699383434331468,0.0050930949972088834,-0.03236650750217698,-0.0007615232873602379,-0.004183772956429611,0.011491722823506561,0.0019441494546731258,-0.010462149884989282,-0.038343544763006304,-0.015701969810701,0.051264407414635206,-0.0027711868805554035,-0.01578031430835304,-0.025446184664502748,-0.010140928556906665,-0.009645319015724112,0.004751833558736969,0.00949488778652304,0.016869575258289825
2026-03-16,0.010794859745288083,0.016495177886520024,0.019598436751117443,0.022196906762318742,0.008567194930116056,0.017056562206227963,0.007277458043138651,-0.006634126507787708,0.028574455386831555,0.00010155123024855955,0.010850879030806334,-0.0002185303939356232,0.009596371267614902,-0.0012383946859534927,0.02326384460881209,0.011123782896491788,0.03677274653566005,0.015005594281540526,0.01647717218041493,0.005544472314608157,-0.0033123044021548323,0.011145156481373278,0.005675341316579084,-0.004189071109775712,0.007109961700376541
2026-03-17,0.005577047742174629,-0.00137350834238462,0.016340754535353167,0.00988684749923715,-0.011110489980913288,-0.012413893668106508,0.004674835617272146,-0.0055702923112942206,-0.015276815094624408,0.005740738654640717,0.017541599740091878,-0.03715028432250232,0.0025510370883854655,-0.013747685723872818,-0.007634104341489737,-0.0013502086602690873,0.045020383429470456,0.006022974973112973,-0.007040797336696925,-0.008206694748143397,0.01700278357137759,0.009379086555709085,0.019765752717701965,-0.007222764755724046,0.010048992858355112
2026-03-18,-0.01687444479508174,0.016046096451777687,-0.024767666852414535,-0.0244680035053553,-0.016744067041091534,-0.022910547686428348,-0.00951776238059306,-0.01630262476240896,-0.004966456707814309,0.003232784771609613,-0.010388577259506714,0.02201537393945402,0.0029627028745809075,0.0093505169957046,-0.011209928361990008,-0.019078100591435512,0.00008669313309049116,-0.02993464946795771,-0.008409798772096997,-0.011571614098716355,-0.008511260340401531,-0.016254640751756498,-0.018527069996821563,-0.024784159213753796,-0.007682146137123044
2026-03-19,-0.00392093096782027,0.02912863412728351,-0.005288991452693173,0.008279320755003133,0.012376291859204967,-0.023350709690341927,0.003843606382150325,-0.005245280208406496,0.003344674275222587,0.014249063999993797,-0.0018200011968599397,0.02553856444712218,0.0007994110433214905,-0.007426630423865919,-0.014585490060935938,-0.0070701769628480045,-0.037814369261954285,-0.0005610929442724216,-0.010199568445272481,0.01713551283661296,0.00620834539947508,-0.03177353995904625,-0.0022969934419616624,-0.007296314618261848,0.003617012005333104
2026-03-20,-0.003896244515231591,-0.0191942434812666,-0.01623874055782,-0.035963331238560485,-0.02917079899621262,-0.03012226751772456,0.003190863716782398,-0.0025133475736714896,0.0020000519105848043,0.0014395623094578907,-0.01995898201913934,-0.050021683803066465,-0.004896382729087877,-0.015811555347574852,-0.021493370888580964,-0.01837945190736028,-0.048101372991767435,-0.020022493769056002,-0.03281811115811844,-0.037551520249813765,-0.010511897820624725,-0.032448058727281334,-0.028188618264365403,-0.015077521223579325,0.009547273778944654
2026-03-23,0.01411348047549493,0.006705363495001616,0.023226393270054345,0.039757066565967586,0.040824866295258305,0.01686146282930113,0.007633584682874578,-0.00678789907171886,-0.0010236585939635934,0.01725083137502399,0.00352166114790287,0.0031912330307053136,0.011690410393198082,-0.017818742745732526,0.017518463303236146,0.0029591369520264696,-0.0438637869187529,0.006492303402574329,0.01702378200727455,0.031133101258305765,-0.011932197402933033,0.03503102225180685,0.027973591815915706,0.014283380197674136,0.009143907680765073
2026-03-24,0.0005964238375686653,0.013272165673053556,-0.013800294588880777,0.021757899665525552,-0.013084916762460468,-0.010029763905216321,0.013047123817236496,0.00837711399419504,-0.06230137009551208,0.00769942360314145,-0.038469190337155484,0.001136174816288212,0.008588885393816218,-0.00986614258319134,-0.018441901119111467,-0.026788584000617743,-0.021812755900196743,0.014797957162090347,-0.0025051875028865365,-0.046974182166751886,0.002493081485587087,0.005724019012326665,0.014182217792005165,0.011017248096657271,0.026376193256980776
2026-03-25,0.003894442556547438,0.07255202565872024,0.021569200454641807,-0.003951721924101482,0.0016336884771568827,0.016240721266387835,0.012671432174040905,0.0010679798184139303,-0.005791761063397397,-0.007930784204466851,0.0016870180877651027,0.07081250192098486,0.010328370772313638,0.022993645291157223,0.0033225812500785644,-0.004560720873527708,-0.03397972333298727,-0.009534510144645977,0.019863034004328362,-0.007274409908662584,0.013056737819952327,0.0076234588336170925,0.01311002423329769,0.008275198885291648,-0.012818994405623637
2026-03-26,0.0010688333127273023,-0.07490806591890958,-0.01969681779553425,-0.04619444156765135,-0.029453250341458476,-0.026301287430223776,-0.01046150757968088,0.004913547989700146,0.020224266236949895,0.012868652227385095,-0.03440681152238945,-0.06528193749750363,-0.012727709195087464,0.00501438037049409,-0.07959464154247435,-0.013664317967339664,-0.06969566605630909,-0.017176263912149006,-0.04163858095780389,-0.021983353853255484,0.0014574943879710244,-0.0358596357500429,-0.06222871739144012,-0.007150942828981385,0.013291648141221527
2026-03-27,-0.01617306867243092,-0.008735332688695623,-0.03951044238946733,-0.020330936375865458,-0.02824641933614296,-0.019757132773368123,-0.026326696110206445,0.004297409487419302,-0.034098362172581775,0.01617014212846623,-0.023423066772235417,-0.0219954067929294,-0.030240671116531784,-0.018315642845992772,-0.039850989468666866,-0.02513874928256183,0.004951376908450546,-0.013443486634643089,-0.021723974181843842,-0.02205728933798325,-0.0262753814796517,-0.027626237359861562,0.001931900416517955,0.005811107232896557,0.03360941870519177
2026-03-30,-0.008721851736991745,-0.02945696343986988,0.008076656164990271,-0.037244636305743255,-0.024178536934566067,-0.006875905570106614,0.005535354788779077,0.01292869884990289,0.03190005411500246,-0.002083744763472763,-0.003061928559749347,-0.04498034763185846,0.0032880699097952468,-0.02804305817294556,0.020277104429533944,0.006138423520619529,-0.09877620300722963,-0.002530623572141203,-0.014028147487508903,-0.006157724312792748,-0.000314652713588979,-0.01810239072504448,-0.031339871242148064,0.0049637498408416575,0.0028071633742130712
2026-03-31,0.02903129041842635,0.03769638666974582,0.03642700888472336,0.05332704653595904,0.054872112096904076,0.051899961508272495,0.03218299425902147,-0.00015057369189948498,0.00886351834499473,-0.01808180047602417,0.051407672782983194,0.07137660935729805,0.036614158333540515,0.009723204532562087,0.06665043264096125,0.031229157756083762,0.049844652434360176,0.03083526851532757,0.05588180888236937,0.05987023563174137,0.013457128858993264,0.046357805891950696,0.06777256942481284,0.006315825437571542,-0.010555741608490035
2026-04-01,0.007250134515282507,0.0333284878444235,0.011043371606930613,0.029473938090281093,0.012858979430965718,0.04165205544775496,0.010666644433019986,0.00013047595690649665,-0.0023035456676408685,-0.045867503125108844,0.03418426038221154,0.0883752009242407,0.004147464284507667,0.021922922340713823,0.012409800730328716,-0.0021611901863888144,0.08882906136315043,-0.15505485932819893,0.007740860269023603,-0.012779567015000657,-0.011647800621001968,0.025581734406523202,0.010474858375754759,0.0037013026951890076,-0.05233994797841845
2026-04-02,0.0011344553655323567,0.03467957306169433,-0.0037992260242743505,-0.03127762907317823,0.0033812691786282026,0.0043410855908224705,0.0022326122489449434,0.018463588739461852,0.005047253980748595,0.007902314820990042,-0.0054474462060451635,0.04892780238485698,-0.002640676322181411,0.00833810940123128,-0.008235037389847846,0.011072868751592857,-0.004376827082850598,-0.009858889411686786,0.009331356375359163,0.007918570045738031,-0.003771150452370199,-0.05421500524128145,-0.007174349235923252,0.008417542048798016,-0.0005598211782673577
2026-04-06,0.01148787622262001,0.012321805405890805,0.014396667550949493,-0.010036193152742163,-0.00038150258573434924,0.019594668173736503,0.013770794472734818,0.003537004582532345,-0.01148634670020504,-0.0005528834489340083,0.014267800370968179,0.007939612995260402,0.008017762042235036,0.02426187870569906,-0.0025066897168826313,-0.0015530146410365202,0.03145483791619198,-0.0036207234879836593,0.0014093304479018372,-0.005738630586587212,-0.008438488581066795,-0.0215479882763886,0.008022586667078082,0.007949736943203334,0.01667803857807417
2026-04-07,-0.02070607926163571,0.006131375004192737,0.004605531356027308,0.0018711591748999546,0.0621442037157524,-0.010833740078642778,0.004394681679141742,-0.005242699674376879,-0.011187232873328755,0.013476787769746569,0.018233945467744764,0.04194566993537702,0.006600039292219459,-0.015989977828989966,0.0035425564681560657,-0.0015822508381434738,-0.0004765543961920888,-0.030433827897532798,0.0025895529357697652,-0.016284106575631632,-0.013202903458423879,-0.01748770846224866,0.01041670862188454,-0.033914343818434764,0.0033054882558405784
2026-04-08,0.021301735790709337,0.04644972961505532,0.03499085736091122,0.08771870847325991,0.049884791066200654,0.0371428716750372,0.0318218434954022,0.016837572497734727,-0.036018985790498455,-0.04291949869222364,0.03882673963431007,0.11415613178881473,0.035541383796725425,0.0012744988939890377,0.0649856393808706,0.005479578543501045,0.0772022497238037,0.01030691659097929,0.022347027124022614,0.003422518160971614,0.0277262537617435,-0.009808146419583297,0.05959681669134997,0.03894198282771778,-0.04691606151203416
2026-04-09,0.00614134834764187,0.02079195890408434,0.05604517015360169,0.019415160516159314,0.012206561965268245,0.010376466828142672,0.01599839287306018,0.0017082865483676946,-0.028874964717593796,-0.013116267217690233,0.0036870647682990376,0.04698898086367981,0.00766303647176091,-0.007366790510334376,0.026076955903867667,-0.003365977272341043,0.03633859902163377,0.020171606297662528,0.010050504643715564,-0.03702153475957602,0.0018822340752829973,0.006904574267115804,-0.0011204837266103307,0.014694279966346419,-0.007553437836438781
2026-04-10,-0.00003834482173117137,0.03549693170279743,0.020244002182271383,0.020460596069973174,0.04688504677420661,-0.011042409809780326,-0.0032251850476655783,-0.03251847280428896,-0.034474743109823944,-0.009508255202045266,-0.003924717522926544,0.010693451626030128,-0.0014822655720735777,-0.01626941431644649,0.002339196864400955,-0.0058970328580827975,-0.0021826609248163198,-0.03136368813200651,0.025664741901011697,0.001668328206302015,0.002426566570146278,0.009634908676839311,0.013981208354762293,-0.018276173071495278,-0.016318442329874325
2026-04-13,-0.0049139542039731915,0.007304964879066434,0.006334400855383194,0.014827936893712071,0.022069790899109067,0.02072322017023544,0.015416818775035845,-0.01764701309054192,0.04764792467542392,0.017130730109169205,0.012829389221314809,0.044886168469332265,0.012295471064092135,0.009727531809977987,0.0074144986406493845,0.036400898403186964,0.014194349063659108,0.006804358264254696,0.003604892099032489,0.12694618903749513,0.024832220744777065,0.00994412121884203,-0.0027792616500850816,-0.017354255793128305,0.0008524794530593365
2026-04-14,-0.0014275869090963943,0.033383322254334456,0.03805913087682667,0.01206513688127877,0.0027122537575504156,0.007337736955483475,0,-0.006168083788575295,-0.00873744940480801,-0.024820100041575595,0.036102216594862714,-0.021018700912402072,-0.008161175779035917,-0.013087086840582194,0.04406396602363411,0.02273847739336731,0.09166355571854745,0.03006295094942173,0.03803286541178358,0.04742324324875533,0.012191317955561104,0.03342602102735697,0.027924371383809796,0.0038533337571452293,-0.022274613211083965
2026-04-15,0.029362955291145347,0.011957453661307656,-0.0020882028091686313,-0.024059839465704322,0.041861479527250736,0.0007149680487359317,0.018181794659174636,0.010207247537650845,0.03671713071984726,-0.011282222541687313,0.01264606688342249,0.017708839426357065,-0.016681674347067812,-0.000784935585357124,0.013721086462468134,0.04606853385463002,-0.02025081089554732,0.02805423473307137,0.012009574075831848,0.04177912612634203,0.0015808588795224589,0.076194396128206,-0.012608912428159346,-0.0023191041884712423,-0.0015411767067384278
2026-04-16,-0.011372633634406906,0.07802578269573364,0.0048289615623428065,-0.04787518440079114,0.00441121892224462,-0.022551636485249268,-0.014911628909044421,0.0024980809417701837,0.020382831558782833,0.017521998994693328,-0.003262997961803794,0.054819794036901175,0.01314032500079304,-0.005907324344286596,0.007876845757642218,0.021983402171766735,0.002191876851411178,0.005721833334589737,-0.002614769796708735,0.05023260645389008,0.010672717674795839,-0.007781651270713139,-0.03132502511710442,0.0004809025208935878,0.019931579207279247
2026-04-17,0.025930211549242004,0.0004672064912309948,0.0034441354459841,0.03471015831146004,0.020252472436286827,0.020559210067677414,0.007475267146066173,0.012844271749394296,0.0050767103443734776,-0.022109989741121897,0.016844312090097083,0,0.0010969392627851369,-0.025185616817796887,0.017255905893090246,0.006020092104702038,-0.004724107364365377,0.007220980358832361,0.016788441530004816,-0.018391829352078982,0.012865201088312711,0.03013628543234871,0.01967801313893623,0.021470926639347174,-0.0364521910564557
2026-04-20,0.010435475371396443,-0.012356773807963005,-0.009099612075002893,0.011439902673503612,-0.01699716543489158,0.007610336248018366,0.0007420086655402342,-0.002050192863497367,0.022674873622522025,-0.004022001032763026,-0.012467774438631547,-0.04087595695996807,0.02159264399415279,-0.018423155036492656,-0.025619042270186465,-0.0111639562437672,-0.014613122793097033,0.009776266079929602,0.0018841966312003419,0.014395089155747732,0.009691722488619338,-0.020268571754168876,-0.011498013693489833,0.003294094766331204,0.008467550271490123
2026-04-21,-0.025196703995697088,0.03469713622038452,0.006565188057139703,-0.011872689714840188,0.006355940467706965,-0.02630175102534818,-0.008711781961733434,0.007987235223100287,0.004509539900944196,0.014897727174373657,-0.015203648803314467,0.00852367144597355,-0.012587117439969932,-0.016050730573096944,-0.003085318344700256,0.014566950244961288,0.0021408309761643445,-0.00193633976635242,-0.01078878711898913,0.020216219736871387,-0.014252485648732102,-0.015490411649084395,0.005024007106708284,0.013133296599485873,0.004604650712823648
2026-04-22,0.02629899524101397,0.06668073349461198,0.021807838295304305,-0.010493689581793609,0.05092364550271507,0.05530203921639617,-0.006731557103766288,-0.002097802570039077,0.014376651609414962,0.0018281531108037142,0.021156262110044507,-0.01494122338131853,0.00006386266348841854,-0.028883717323162635,0.008791274636175244,0.02065256084558496,0.08478349212144227,-0.015304974882205762,0.01310783090940927,0.03493956998968345,0.003762243305215646,0.002820755395720384,0.05259732246106873,0.002931951822328084,0.0076839744808422
2026-04-23,0.0009516944880664153,0.006162245995661407,-0.001096486445127008,-0.01791276915379849,-0.006411855786038123,0.01240917992189305,-0.012236385025717328,0.010640593871404756,-0.08693366945247057,0.0068699238494251535,-0.0012672556948888883,0.023134705284083623,-0.004248887032602684,-0.04616248374899264,-0.023076179224611693,-0.03966093461768004,-0.011815889135578413,-0.01970234244521103,-0.014123474389033277,-0.05984000651041667,-0.015580321562907971,-0.03558619957523779,-0.012337387134599698,0.01577167074230579,0.006889632196378409
2026-04-24,-0.008667702544387219,0.1391281985212872,0.03493017225717915,0.028142067190396663,0.0067152636501599475,-0.00730297458745225,-0.008004619252581138,-0.0031841724041083135,0.028043852875901814,-0.012739916906947469,0.016258881347370666,0.2359988383395476,-0.010940369069907568,-0.030842311770550294,0.0240916319307802,0.021334937195510353,0.03113842058039781,-0.0020098498457201304,0.04322778897699301,-0.017018379968087076,0.11123564712299898,0.006903528213203646,0.051743018441598995,-0.015981151974077595,-0.010761917027958819
2026-04-27,-0.01272786158267408,-0.037894231817073874,-0.010871605831113018,-0.0151823027779391,-0.0107862637199762,-0.004775428492053009,0.011143159968195235,-0.012995114817564605,0.01133812978304005,-0.002321712824617855,0.01724741150511918,0.029682540841616305,0.010866764359610478,-0.00019485138857488853,0.0053182732789167535,0.00047104998121202024,0.05604766522280775,0.010069401263388233,0.040044177147810146,-0.0018466762908814116,0.009472548848730089,0.006298234684157249,0.006261535212024446,-0.017934169500691852,-0.0048351551308168
2026-04-28,0.011584102768505595,-0.03412728464601872,-0.005438047398549387,-0.033425403347448916,-0.04392642438300344,-0.002636928221688509,0.0005700411465666569,-0.004018017475084065,0.006327031066207342,0.019374436294238427,-0.0015984362710370565,-0.005530076862179594,-0.0005775845488592657,-0.0020648578875381266,-0.010727646160971858,0.010427908679775416,-0.03864188864574581,-0.0024368543092801263,-0.01588104908680847,-0.040471783812892105,-0.001730369021043497,-0.006998242057971227,-0.031211431351014927,0,0.01599296145073565
2026-04-29,-0.0019947057588976425,0.043006077361368605,0.012860978748156547,0.006875756238849279,0.014056038540390794,-0.028649447708820615,0.004177774522070648,0.004698163502755702,-0.0005515340061592604,0.020492673386731206,0.00045745218860753737,0.12103648560394036,-0.0070637730640666285,-0.004840942350123861,-0.0033068372607277245,-0.011159034047451189,0.028098937491584503,-0.01421272678553342,-0.018389075111261637,-0.012834446834440398,0.04,-0.00856337778517952,0.0037977071859387375,0.003291831272708624,0.02729808106235356
2026-04-30,0.0043676599378028765,0.051555888695160965,0.007679398373068795,0.03221481951923692,0.02954739131981866,0.021953496745107142,0.010968184455368372,0.01588119987261989,-0.025880180923968373,0.005670593822188199,0.09961702406520634,-0.0028495687922575857,0.012869881928304365,0.01600591391004641,-0.08550038433407035,-0.039296919836194384,-0.0025075199109441944,-0.0006757781397997169,-0.04626045560032952,-0.014893501886928118,0.1511539276382845,0.023685668935019985,0.005662348435362842,0.03062257476412927,-0.002198226559964148
2026-05-01,0.03239351812192003,0.017066824105659056,0.012072784412985064,-0.008318314084433204,0.009223070350944867,-0.007204269769369295,-0.004115184718163678,-0.0013425130871378534,0.04129622566801571,-0.013863710553520843,0.00231296044255971,0.05440303987109489,-0.002426363180308968,-0.010039110568155873,-0.005164108323973543,0.016332318502523428,0.04843771778355367,0.0009017335965045394,-0.00561207563438309,0.06468803817391842,-0.014311193233089825,0.02408092215974536,0.004065100930105967,-0.0025012471472050865,-0.010237822397487394
2026-05-04,-0.011815603186417273,-0.05269872843427493,0.014128002271583456,-0.028598098159236307,-0.011346334521514633,-0.02673938649173752,-0.01972205222736556,0.0010773606871217994,0.009030431224978812,0.008655432181935969,-0.006326388005902422,-0.03854651537255561,-0.015425504225649787,0.010492078015638256,0.0027268735840393797,-0.001978596445138447,0.06314894385353455,-0.029504584356582066,0.0001511106711307566,0.04923465847015523,-0.048754269721182304,0.00432424750456608,0.009907613654527405,-0.009650434299747563,0.006153894118907165
2026-05-05,0.026550690927708443,0.0401709927898493,0.005513692583370033,0.04091016844912817,0.02607441811449119,0.013917766780754785,0.017819448960947875,0.0035841635102697427,0.008141154921297055,0.0018722833512134164,0.013515988851422602,0.1291501660496559,0.0056882822516447894,-0.01779419304077373,-0.00892841326153105,-0.005415548178495924,0.1105906820192837,-0.0006961659779738587,-0.009975799776516223,0.028065965976005216,0.10791065770630265,-0.007999833304410404,-0.017927736545286163,0.003529368432140713,0.007742851990799178
2026-05-06,0.011717924952267651,0.1861453669565576,0.005264129064761974,0.07056520332939635,-0.004492689107773329,0.024734769909053864,0.00903616523393193,-0.02033606506925919,-0.031017759099012273,-0.03882889507349601,0.02474066222050181,0.044937591694704015,0.017776341656425918,0.010472983290715429,0.013091761695824494,0.006271519363626422,0.041221515378389834,0.019043133724449428,0.05765907538868579,0.04683027995657893,0.0322701751090573,0.02403887301671401,0.06361398225135863,-0.005428441381225712,-0.03996643055109481
2026-05-07,-0.00024350711440244714,-0.03068421828682105,-0.013891330384007231,-0.018216667417387162,-0.03027454471793487,0.004784091412844592,-0.015858162908338573,0.016379610904939744,0.028423156935059982,-0.014365989602404622,-0.00012565985809641884,-0.029997339399762915,-0.027405541600770567,-0.0035974304119684103,0.006412298567163417,0.016450879458010798,-0.02994347525241931,0.012078383890763357,0.017658654042992127,0.0028861390615722775,0.05182527165357055,0.03275398690529356,-0.012753334898636873,0.0009224692182164459,-0.014190627753102562
2026-05-08,0.02045649788887845,0.11440535661732595,0.005568385784843714,0.049729688223273255,0.04227264739204665,0.0273990471562169,-0.027298566072189244,-0.0032310530394821582,-0.024256642152154173,-0.004821897021768991,0.007060470320022533,0.13957302535134572,-0.013615382047668085,-0.011514170385119515,-0.011640519045443366,-0.01342775795859178,0.1549262977580768,-0.006079697764895762,0.017494095947569357,0.006989057176351582,0.08165880544576529,0.04021466576401218,-0.005964033219195282,0.0036782569059197086,-0.013712618052667588
2026-05-11,-0.0012626705737772948,0.007908798708686559,-0.01353235492342738,-0.0164633362746388,-0.00365120068808766,0.003581084013017799,-0.014811953949321296,-0.009238798488505728,-0.023814814556164993,0.017178766011856764,-0.030339244592274592,0.036183191952564364,-0.006951360678874169,0.011332450987217706,-0.017666424923957272,-0.005925992396517445,0.0649696973659531,-0.039646538807102914,0.01970259096216074,-0.01076805635730065,0.08416634365446164,0.03887006807339864,-0.01734350233890893,-0.021774104863673482,0.0353461737294867
2026-05-12,0.007243389265544853,-0.02288628741785667,-0.01178476160913719,-0.028656168697624627,-0.02131035963760139,-0.005625337134931032,0.004549914874469046,0.02242191845335992,-0.03481887668030795,0.006549675275205055,-0.0033193073752800463,-0.06821694734633348,0.016266682942708333,0.01708149146597041,0.006913139801055573,-0.011850007029665188,-0.03614851619104963,-0.0009436400900584751,0.006106452319395108,-0.03616381881588835,-0.1145960258376134,-0.02595502874824438,-0.017946319227620182,0.021631866485173297,0.006346928185287607
2026-05-13,0.013805995565634225,-0.006223668812021485,0.016213969753363512,0.03987009151220671,-0.005986115524441003,0.01574708094405441,-0.018511175640618553,0.010960143185460793,-0.03193041300867024,0.00026896737561542435,0.039421737678544004,-0.002653177126314965,-0.015186318579967705,-0.0020345388138924073,0.022603634055910985,-0.0062779903800582754,0.04833153352160296,-0.0002361101265615713,0.02287348204708572,0.015682666847216344,0.013598956085340416,0.027269526989873474,0.006343099940435749,0.008592213768659677,0.006240504976167592
2026-05-14,-0.002208330287055368,0.009427636828352974,-0.010772604336833257,0.001852611813724949,0.05518365853869602,-0.04733997963719091,0.0002005735773432333,0.007908433318669488,0.010492033078514472,0.0034408300909458036,-0.0038497776707889474,-0.03624574426109895,-0.0011323774784034138,0.0009039035873983788,0.00291910317430674,0.010414344989989981,-0.0343690441488868,-0.007557853824769274,0.043882585978835084,0.030828447896613338,-0.061406361134859797,-0.004424284747029373,0.04482244045503158,0.007530276747332701,0.007983012925278662
2026-05-15,0.006773815730967192,-0.0569268521427791,-0.011526033074604298,-0.052192760324756594,-0.033197674188281324,-0.03804371958153067,-0.0016047283719160688,0.007394911089435774,0.035386083027135584,0.023896294448206627,-0.010696401675080059,-0.06176143917244268,-0.007002120895845728,-0.00845478578415482,-0.006791382967951615,0.03050584038926118,-0.0661718740414222,-0.003331776214552649,-0.04420122720632225,-0.013598505463981933,0.007047202540134326,-0.04750732717914996,-0.0320070440043032,-0.007625016717738566,0.04065896651693781
2026-05-18,-0.007960612067347047,-0.007333213450559401,0.00272571614748814,-0.01958972359850922,-0.010536489772914343,0.0005442202104313533,0.01848496267451311,0.026235779410166277,0.03440726482862891,0.026268905523509495,0.0004032653410524271,-0.005516213042554515,0.009804954338914918,0.02383668586583536,-0.004916738493843285,0.0038396314185796263,-0.05950376275106801,0.016475626595351168,-0.013314388358780049,-0.03285823497365121,0.010670436127843961,-0.02901193701051463,-0.02077407265493765,0.014378086219299159,0.016274109384609513
2026-05-19,0.0037939997874917477,-0.016484958318231244,-0.020841158796957967,-0.008795273747682667,-0.02291361962667795,-0.025384189692318322,0.00019728589676652349,0.01658195404585073,-0.0003342959043808021,0.014973776458500475,-0.02337888446074156,0.024313626026921317,-0.01672596214391636,-0.003179939750223675,-0.014070457436796286,-0.014449655975185877,0.02523698207229918,-0.0035236200895077075,-0.007691677106092811,-0.02759763077884421,-0.03943229266942626,-0.014341825466156222,-0.008435530509201164,0.006449682270668999,0.012835675045705534
2026-05-20,0.010970996307002528,0.0809805573429032,0.021863243262897982,0.062140318970013715,0.016274636196015706,0.03344031731128505,0.010453636295017955,-0.018559413626983885,0.003790010725431927,-0.030012664988315906,0.003224510565360615,0.07364617155202675,0.021237735948756064,-0.007671320321019558,0.004065685187175209,0.008720179231968916,0.04758565484257901,0.04172561569735301,0.012964070657941733,0.03692271960954454,0.03527424102882459,0.032540706467875095,0.022949070610595135,-0.02496267452240387,-0.03857277240692819
2026-05-21,0.009065310949131513,0.004490839237514626,0.013018307091510584,0.02701063458245414,-0.0076359816028193535,-0.011656149295510215,0.005075215827284281,-0.021936535394946062,-0.02104386192096613,-0.0016725412698282312,-0.003214146515961281,-0.0038668383323205487,0.0033776706290604584,0.0003825342435156096,0.0038342613642559403,-0.0025229027109183056,0.041134422264328535,0.004525926134314374,-0.017720537361840396,0.008556550696303879,0.05382452521418026,0.0014139776735902058,0.013769183178355794,-0.07267871090584144,-0.006334818920508035
2026-05-22,0.012557845216167603,0.039858567970152387,-0.007971333528174765,0.025690970109335742,-0.001037221108584988,-0.0026865640738166587,0.006020542408839542,-0.02114328332608585,0.021326072305832923,0.002198828234248661,-0.012098216184623237,0.01130798597376055,0.011155131626443894,0.01998899606354268,0.00474175523699774,-0.0012407573986868317,-0.014564986145555677,0.006307696162726405,-0.019042372987516234,0.012172616886687674,0.11597393274611756,0.01952854742830341,-0.006459499095438727,-0.00881819455346474,-0.0023826075934317145
2026-05-26,-0.0015867519601431466,0.07781652611256548,-0.0038675230961635995,-0.000532791416608425,0.019003260438925224,-0.0005479425332640829,0.007722037446507369,-0.024614873763881367,-0.005497894430639908,-0.035104143650548446,0.01543199589847285,0.030707613631762526,0.00117496359365942,-0.0006375736164802296,0.003408366720918364,-0.006068300404893603,0.1929161183526132,0.006044311104830899,-0.002182691862239977,0.005102018524557411,0.0447598931437966,0.01779297762612633,0.019282093581669317,-0.014134838244715231,-0.032984770660653764
2026-05-27,0.00817312503161078,-0.01657108865183883,0.02472764652756584,-0.02093100835552923,-0.00035555528515294853,0.02466884104997759,-0.02107280397109097,0.0007577894480923053,-0.008767062014660206,-0.012506159565903948,-0.0001286197568898141,-0.014167746499029988,-0.02432024415655118,-0.0033027646892272392,0.037430228740286745,-0.008076305462157228,0.03631063098229757,0.023141977434405214,-0.010518481304186738,-0.010877400141317287,-0.06197260704998971,0.015613803526029962,0.02524738794606707,-0.0002530048020079779,-0.012749507330859769
2026-05-28,0.005340207912225616,0.04550594890766053,0.007908750591183344,0.004944097103145812,0.011188578420688983,0.019973230791732497,-0.00645789782293954,-0.008458777325392988,-0.007548856377388352,0.0034539742538041984,0.003343444397979358,-0.0072267165777907235,-0.00852040832454437,0.011428357942578645,0.00004712234875481117,0.034700793226276665,-0.005267019694671032,0.030230570788072106,0.007761016341908957,0.06671548903674103,0.042373614271145305,0.003951359818862686,0.005038621447296832,0.0030369546783461064,-0.006355559306345119
2026-05-29,-0.0014399929377262135,-0.0038411302406452484,-0.012262720261177007,0.004353045672390552,0.04732996395479105,0.010359275853803218,0.016348170858906223,-0.03906752854291998,0.08474772170821626,-0.0031142002361973526,-0.025094259623928934,-0.05136900583857895,0.0086947274516985,-0.01258359060262998,-0.004375921306693087,0.05445092515456408,0.05141196667598972,-0.024065880422814073,-0.01451570374699228,0.10839470869832639,0.0317728405258102,-0.014272783242432922,-0.015087241711866378,-0.026492863628713243,-0.011567856078975236
2026-06-01,-0.018425943872925767,-0.011567469454628797,-0.034658603218733805,0.009803031094338138,0.029545395770542396,-0.029634397688083805,-0.0017441853552338789,-0.010676365541304389,0.09680796568022147,0.018469774159727552,-0.010438005061361846,-0.04665153871541833,-0.009121015029889505,-0.019924098671726755,-0.05065539518815374,0.022832265019252427,0.06642636457260556,0.0024007117216106847,0.06261245887918404,0.09907872813417137,-0.08776191542441845,-0.04568715039747641,0.04105628077271093,-0.00993521836612446,0.028363007929087282
2026-06-02,0.029022933365852474,0.02236679480783013,-0.01814292495895324,0.04715796764095105,0.046959626487193394,-0.029424904207391633,0.018831345317187415,0.00862482618937304,-0.04179393246499667,0.009255777881694504,-0.03857903067859962,-0.01280528219547914,0.014768376428344243,-0.005943867036241529,-0.0047295805571070885,-0.04171369737114239,0.027619483907230808,-0.04789899299633879,-0.006863972045151547,-0.014386428181492954,0.05174892897976272,0.01889964715610048,0.02538849308981655,-0.013438053543038274,0.0012049315162524791
2026-06-03,-0.015672595971098924,0.04022710125359995,-0.02533909644314114,0.012308173765501624,-0.004859109252586662,-0.03270553613687127,-0.0015243814447640607,0.007922283424881483,-0.05093604185014342,0.011516948157624305,-0.00790386651570212,0.044287952986021166,-0.0003654484140258777,-0.002726687959170888,0.042417569409383266,-0.031655755133551663,0.014538080122224037,0.0018294496202182272,-0.036217585788632344,-0.058263144547047986,0.03807509382149167,-0.00009434565598030465,-0.02238686182371495,0.033875835076590866,0.0198582593553437
2026-06-04,0.0031264139436979915,-0.03561160257442977,0.015078749497034265,0.018020566750582525,-0.1258686125893296,0.03248169948910085,0.033778586181218706,0.010937440409609393,-0.009758132224966992,-0.007168839608987009,0.03676987830078727,-0.008251267081270889,0.03337214007390559,0.013710052329808918,0.007367820180195977,0.0016614205577816933,-0.07741040455630288,-0.00433696497261664,0.019393956466710372,0.02609297294776311,-0.02617523429093278,-0.012390842220308241,0.01884635121846934,0.0072717809783509,-0.003212518829643967
2026-06-05,-0.012498841728371698,-0.10860092889626112,-0.030576440017818254,-0.06585033166879602,-0.07920554255801031,-0.009060809664676492,-0.0011133338146831514,-0.0004936293318265001,-0.01637086690015526,-0.005521680441838132,-0.009833745219524867,-0.1128108852036157,0.004760463183172995,0.009074312847368598,-0.055085447812264605,-0.02658562011392564,-0.13252007051644077,-0.01467215509674438,-0.06201407359138127,-0.09587883563183616,-0.10978275994038648,-0.06559926253138727,-0.06686599184040071,0.009682345934535076,-0.01394366752698916
2026-06-08,-0.018871568497684968,0.05135293417107589,-0.003292271522223453,0.06535751669958824,0.028180307692112636,0.0021814863186841167,-0.0037154143811318264,0.0029633643360552878,-0.01675102798751262,0.010303816986418855,-0.0135755207112035,0.11192899746969052,-0.00403370933611053,-0.007045216077221078,-0.012833073513225277,-0.011831960627074065,0.09869100886271064,0.005816658973072479,0.017259839984335005,-0.008704536762057428,0.008474584654833674,0.04590795960877558,0.02801258662180735,0.007991290373363503,0.012206522501370717
2026-06-09,-0.0364463104083115,-0.030224496181117066,-0.004200304926880147,0.01642614224208927,-0.011195157427758827,-0.006530213384895113,0.014730506900917383,-0.0063195415691523465,-0.03944120738143666,-0.013105109460682777,0.002614880442088672,-0.021311313554563872,0.0051108191004283505,0.019343544939945383,-0.0013666036710554177,-0.02023118174050556,-0.014105442266972992,0.03284760579872817,-0.002156810532777033,-0.028373192133951158,-0.056711235988515796,-0.030003714793969228,0.002624221952055612,-0.00792793593524355,-0.018714967630251236
2026-06-10,0.003544996808021896,-0.04860048241788088,-0.025349123139844967,-0.024513900924311285,-0.051152561034133064,-0.025686423234048177,0.002205122209109346,0.01525926124771486,-0.025263835639982184,0.01627762173022875,-0.02163291240200294,-0.008154162975803254,-0.011384705531244944,-0.00963911739478335,-0.02328129823491434,-0.014997194555478318,-0.047024766881562624,-0.01545358158624761,-0.03732169739825886,-0.022107784392069847,-0.06922403537852263,-0.03804072959692763,-0.04479809671976955,0.014384245659321728,0.011483388711467998
2026-06-11,0.01388990499024909,0.07968616002854244,0.014747876079142595,0.09531253475525682,0.03619990494266906,0.06043064537230861,0.011367783672116773,-0.007809870866424017,-0.023639129987647434,-0.02096941866989186,0.003900286525099633,0.0926756173775995,0.014071214918212421,0.04506489707888743,-0.004466057810845263,-0.017666572560045196,0.1165963915157383,0.04549590631603154,0.022203357892913632,-0.08526278878904303,0.06150632820777938,0.04601797145395999,0.032553105014455616,-0.000746300195900638,-0.02668961056959394
2026-06-12,-0.015221729613622259,0.04733339039694406,-0.012256186172015099,-0.01891566745112959,-0.009077408639480315,-0.011641031332462727,0.01559101908503559,0.006825911024881292,-0.0033643590799697152,0.0075341397121014295,0.0053386357737132215,0.0650649852079372,0.02306297238046657,-0.015218297910256693,-0.0025509071761043783,0.0010247320290952906,-0.014319147916437602,-0.02241076587934169,0.0015620019126554032,0.0001629482797518611,0.043161185539305626,0.01823875458002605,0.006792184914183038,0.004481335398567168,0.0027966465637853785
2026-06-15,0.018170605764429,0.06976562724637397,0.03131419461387461,0.015620715617414207,0.03106756085075009,0.045195132428942145,-0.002677642353680451,-0.0029520674413174622,-0.008077619765029917,-0.036427770963311915,0.026885046776708013,0.02641086074967728,-0.004115762407067305,-0.018451745087157495,0.04770904398522627,0.02308445451370253,0.1083729856769057,0.006009358022028964,0.03538181402823995,0.0462173153813363,0.04293404631343709,0.011613319158924329,0.04120963725740458,-0.0018175910363439417,-0.04142572998740872
2026-06-16,0.009513449426140453,-0.0730365831733641,-0.00008131156862668482,-0.04690225287592365,-0.043737665100276005,-0.006376900958894441,0.017361754774431356,0.007381673774712009,-0.017259169159646433,-0.0016075016404890458,0.010559073594251806,-0.08454557724848448,0.03675648395834972,0.01054006148628136,0.011339963815781354,-0.014833957996038883,-0.06179282996369048,-0.003539819573261977,-0.023723197733726838,-0.02237332626790565,-0.030523936003334667,-0.015784969793794987,-0.03527414485617364,0.0017381152541225537,0.006670468731338653
2026-06-17,-0.010994446379866964,0.010230778916215415,-0.034552845528455285,0.035445587528633964,0.04297738972051422,-0.008176186054061414,-0.0054539298462141445,-0.021374676670111187,-0.041370367717834984,-0.014046964470175383,-0.025344920174355325,0.03460055802452591,0.007006029788045043,-0.006773028827565865,-0.05436431197128365,-0.03788432424867809,0.02197375624636304,-0.018872164110576756,-0.01330702336865737,-0.02548719272069967,-0.005138534432101064,-0.020461618900717116,0.014841621124646211,-0.023961014253723798,-0.007895073398905467
2026-06-18,0.0069606267059474985,0.04856777941973724,0.029010523745888157,0.0331133449572104,0.046958570671398296,-0.012897237065703074,-0.005837573385518591,-0.014643911240970184,-0.02090056382316617,-0.02224347847456449,0.01165504861261585,0.10644101718793618,-0.024710581315675002,-0.04014501582348329,0.01698430762715756,0.0012931572923367462,0.08704076335870717,0.02285589879199523,0.029513846689763496,0.004140982465487102,0.06169882760169266,0.010368800900483349,0.06935092362371299,-0.008041961993821178,-0.0208185861887907
2026-06-22,-0.003355591984264109,0.026536669138951894,-0.047465142323687745,-0.00022286270208912116,-0.045215502245609204,-0.008485988592356164,0.020818472474414207,-0.00010514122634955885,-0.01093690654539525,0.008235861519133114,-0.049860082505176165,0.051869517600674805,0.019248538657303513,-0.03395636694198883,-0.02316273829005119,-0.03178702623248909,0.06824576523152766,-0.0444690730598066,-0.009682512322762965,-0.050029769915933005,-0.018619285756945193,0.011386046267785983,0.012009907316690471,0,0.004789229183671933
2026-06-23,-0.009124345589546858,-0.05761113249020293,0.005670378290686527,-0.07815992694700014,-0.03055112038648594,-0.018656863121069435,0.009412601108263663,0.006653720767633473,0.021982435112536114,0.0052553306396418914,-0.010152104402096155,-0.061444611267902065,0.008024627651587374,0.020401149107982207,-0.0029262453672923424,0.017967022838005192,-0.13175880789530037,-0.018754285351906496,-0.04126528091164557,-0.05660594760675748,-0.08008107031296953,-0.05786940661108482,-0.06688476464427058,0.019115871803514508,0.009099404172226955
